{"type":"FeatureCollection","features":[{"type":"Feature","geometry":{"type":"Point","coordinates":[4.3895104,50.8368511]},"properties":{"column_1":"1040","column_2":"Etterbeek","column_3":4.3895104,"column_4":50.8368511,"municipality_name_french":"Etterbeek","arrondissement":"Arrondissement de Bruxelles-Capitale","province":null}},{"type":"Feature","geometry":{"type":"Point","coordinates":[4.3227779,50.8543551]},"properties":{"column_1":"1080","column_2":"Molenbeek-Saint-Jean","column_3":4.3227779,"column_4":50.8543551,"municipality_name_french":"Molenbeek-Saint-Jean","arrondissement":"Arrondissement de Bruxelles-Capitale","province":null}},{"type":"Feature","geometry":{"type":"Point","coordinates":[4.4158177,50.799394]},"properties":{"column_1":"1170","column_2":"Watermael-Boitsfort","column_3":4.4158177,"column_4":50.799394,"municipality_name_french":"Watermael-Boitsfort","arrondissement":"Arrondissement de Bruxelles-Capitale","province":null}},{"type":"Feature","geometry":{"type":"Point","coordinates":[4.733891,50.7725266]},"properties":{"column_1":"1320","column_2":"Nodebais","column_3":4.733891,"column_4":50.7725266,"municipality_name_french":"Beauvechain","arrondissement":"Arrondissement de Nivelles","province":"Province du Brabant wallon"}},{"type":"Feature","geometry":{"type":"Point","coordinates":[4.6896145,50.7021372]},"properties":{"column_1":"1325","column_2":"Bonlez","column_3":4.6896145,"column_4":50.7021372,"municipality_name_french":"Chaumont-Gistoux","arrondissement":"Arrondissement de Nivelles","province":"Province du Brabant wallon"}},{"type":"Feature","geometry":{"type":"Point","coordinates":[4.7392389,50.7024404]},"properties":{"column_1":"1325","column_2":"Longueville","column_3":4.7392389,"column_4":50.7024404,"municipality_name_french":"Chaumont-Gistoux","arrondissement":"Arrondissement de Nivelles","province":"Province du Brabant wallon"}},{"type":"Feature","geometry":{"type":"Point","coordinates":[4.5272896887008,50.7133548]},"properties":{"column_1":"1330","column_2":"Rixensart","column_3":4.5272896887008,"column_4":50.7133548,"municipality_name_french":"Rixensart","arrondissement":"Arrondissement de Nivelles","province":"Province du Brabant wallon"}},{"type":"Feature","geometry":{"type":"Point","coordinates":[4.4971389344121,50.72074495]},"properties":{"column_1":"1332","column_2":"Genval","column_3":4.4971389344121,"column_4":50.72074495,"municipality_name_french":"Rixensart","arrondissement":"Arrondissement de Nivelles","province":"Province du Brabant wallon"}},{"type":"Feature","geometry":{"type":"Point","coordinates":[4.5549022761211,50.6851551]},"properties":{"column_1":"1342","column_2":"Limelette","column_3":4.5549022761211,"column_4":50.6851551,"municipality_name_french":"Ottignies-Louvain-la-Neuve","arrondissement":"Arrondissement de Nivelles","province":"Province du Brabant wallon"}},{"type":"Feature","geometry":{"type":"Point","coordinates":[4.6141567317211,50.6741689]},"properties":{"column_1":"1348","column_2":"Louvain-La-Neuve","column_3":4.6141567317211,"column_4":50.6741689,"municipality_name_french":"Ottignies-Louvain-la-Neuve","arrondissement":"Arrondissement de Nivelles","province":"Province du Brabant wallon"}},{"type":"Feature","geometry":{"type":"Point","coordinates":[4.9370984,50.6610719]},"properties":{"column_1":"1350","column_2":"Folx-Les-Caves","column_3":4.9370984,"column_4":50.6610719,"municipality_name_french":"Orp-Jauche","arrondissement":"Arrondissement de Nivelles","province":"Province du Brabant wallon"}},{"type":"Feature","geometry":{"type":"Point","coordinates":[4.9529173,50.7072943]},"properties":{"column_1":"1350","column_2":"Marilles","column_3":4.9529173,"column_4":50.7072943,"municipality_name_french":"Orp-Jauche","arrondissement":"Arrondissement de Nivelles","province":"Province du Brabant wallon"}},{"type":"Feature","geometry":{"type":"Point","coordinates":[4.9640083,50.7293197]},"properties":{"column_1":"1350","column_2":"Noduwez","column_3":4.9640083,"column_4":50.7293197,"municipality_name_french":"Orp-Jauche","arrondissement":"Arrondissement de Nivelles","province":"Province du Brabant wallon"}},{"type":"Feature","geometry":{"type":"Point","coordinates":[4.9889872,50.7001001]},"properties":{"column_1":"1350","column_2":"Orp-Jauche","column_3":4.9889872,"column_4":50.7001001,"municipality_name_french":"Orp-Jauche","arrondissement":"Arrondissement de Nivelles","province":"Province du Brabant wallon"}},{"type":"Feature","geometry":{"type":"Point","coordinates":[5.0030144,50.7322517]},"properties":{"column_1":"1357","column_2":"Linsmeau","column_3":5.0030144,"column_4":50.7322517,"municipality_name_french":"H\u00e9l\u00e9cine","arrondissement":"Arrondissement de Nivelles","province":"Province du Brabant wallon"}},{"type":"Feature","geometry":{"type":"Point","coordinates":[4.7631073,50.6376269]},"properties":{"column_1":"1360","column_2":"Orbais","column_3":4.7631073,"column_4":50.6376269,"municipality_name_french":"Perwez","arrondissement":"Arrondissement de Nivelles","province":"Province du Brabant wallon"}},{"type":"Feature","geometry":{"type":"Point","coordinates":[4.8183242,50.6584082]},"properties":{"column_1":"1360","column_2":"Thorembais-Les-B\u00e9guines","column_3":4.8183242,"column_4":50.6584082,"municipality_name_french":"Perwez","arrondissement":"Arrondissement de Nivelles","province":"Province du Brabant wallon"}},{"type":"Feature","geometry":{"type":"Point","coordinates":[4.9249295,50.6631583]},"properties":{"column_1":"1367","column_2":"Autre-Eglise","column_3":4.9249295,"column_4":50.6631583,"municipality_name_french":"Ramillies","arrondissement":"Arrondissement de Nivelles","province":"Province du Brabant wallon"}},{"type":"Feature","geometry":{"type":"Point","coordinates":[4.8203333,50.7016251]},"properties":{"column_1":"1370","column_2":"Dongelberg","column_3":4.8203333,"column_4":50.7016251,"municipality_name_french":"Jodoigne","arrondissement":"Arrondissement de Nivelles","province":"Province du Brabant wallon"}},{"type":"Feature","geometry":{"type":"Point","coordinates":[4.8709616,50.7218206]},"properties":{"column_1":"1370","column_2":"Jodoigne","column_3":4.8709616,"column_4":50.7218206,"municipality_name_french":"Jodoigne","arrondissement":"Arrondissement de Nivelles","province":"Province du Brabant wallon"}},{"type":"Feature","geometry":{"type":"Point","coordinates":[4.8286208,50.7400918]},"properties":{"column_1":"1370","column_2":"M\u00e9lin","column_3":4.8286208,"column_4":50.7400918,"municipality_name_french":"Jodoigne","arrondissement":"Arrondissement de Nivelles","province":"Province du Brabant wallon"}},{"type":"Feature","geometry":{"type":"Point","coordinates":[4.8957659,50.7397177]},"properties":{"column_1":"1370","column_2":"Saint-Jean-Geest","column_3":4.8957659,"column_4":50.7397177,"municipality_name_french":"Jodoigne","arrondissement":"Arrondissement de Nivelles","province":"Province du Brabant wallon"}},{"type":"Feature","geometry":{"type":"Point","coordinates":[4.4825691512066,50.6628104]},"properties":{"column_1":"1380","column_2":"Couture-Saint-Germain","column_3":4.4825691512066,"column_4":50.6628104,"municipality_name_french":"Lasne","arrondissement":"Arrondissement de Nivelles","province":"Province du Brabant wallon"}},{"type":"Feature","geometry":{"type":"Point","coordinates":[4.6702286,50.7516077]},"properties":{"column_1":"1390","column_2":"Archennes","column_3":4.6702286,"column_4":50.7516077,"municipality_name_french":"Grez-Doiceau","arrondissement":"Arrondissement de Nivelles","province":"Province du Brabant wallon"}},{"type":"Feature","geometry":{"type":"Point","coordinates":[4.3825954093731,50.58678735]},"properties":{"column_1":"1402","column_2":"Thines","column_3":4.3825954093731,"column_4":50.58678735,"municipality_name_french":"Nivelles","arrondissement":"Arrondissement de Nivelles","province":"Province du Brabant wallon"}},{"type":"Feature","geometry":{"type":"Point","coordinates":[4.3507902353934,50.65630215]},"properties":{"column_1":"1421","column_2":"Ophain-Bois-Seigneur-Isaac","column_3":4.3507902353934,"column_4":50.65630215,"municipality_name_french":"Braine-l'Alleud","arrondissement":"Arrondissement de Nivelles","province":"Province du Brabant wallon"}},{"type":"Feature","geometry":{"type":"Point","coordinates":[4.3670582,50.6483743]},"properties":{"column_1":"1428","column_2":"Lillois-Witterz\u00e9e","column_3":4.3670582,"column_4":50.6483743,"municipality_name_french":"Braine-l'Alleud","arrondissement":"Arrondissement de Nivelles","province":"Province du Brabant wallon"}},{"type":"Feature","geometry":{"type":"Point","coordinates":[4.1227257983451,50.69657845]},"properties":{"column_1":"1430","column_2":"Bierghes","column_3":4.1227257983451,"column_4":50.69657845,"municipality_name_french":"Rebecq","arrondissement":"Arrondissement de Nivelles","province":"Province du Brabant wallon"}},{"type":"Feature","geometry":{"type":"Point","coordinates":[4.6167772,50.6220893]},"properties":{"column_1":"1435","column_2":"H\u00e9villers","column_3":4.6167772,"column_4":50.6220893,"municipality_name_french":"Mont-Saint-Guibert","arrondissement":"Arrondissement de Nivelles","province":"Province du Brabant wallon"}},{"type":"Feature","geometry":{"type":"Point","coordinates":[4.3133036337455,50.68083185]},"properties":{"column_1":"1440","column_2":"Wauthier-Braine","column_3":4.3133036337455,"column_4":50.68083185,"municipality_name_french":"Braine-le-Ch\u00e2teau","arrondissement":"Arrondissement de Nivelles","province":"Province du Brabant wallon"}},{"type":"Feature","geometry":{"type":"Point","coordinates":[4.6377941108725,50.6106296]},"properties":{"column_1":"1450","column_2":"Chastre-Villeroux-Blanmont","column_3":4.6377941108725,"column_4":50.6106296,"municipality_name_french":"Chastre","arrondissement":"Arrondissement de Nivelles","province":"Province du Brabant wallon"}},{"type":"Feature","geometry":{"type":"Point","coordinates":[4.5927221009772,50.57939665]},"properties":{"column_1":"1450","column_2":"Gentinnes","column_3":4.5927221009772,"column_4":50.57939665,"municipality_name_french":"Chastre","arrondissement":"Arrondissement de Nivelles","province":"Province du Brabant wallon"}},{"type":"Feature","geometry":{"type":"Point","coordinates":[4.2199759440369,50.6413403]},"properties":{"column_1":"1460","column_2":"Virginal-Samme","column_3":4.2199759440369,"column_4":50.6413403,"municipality_name_french":"Ittre","arrondissement":"Arrondissement de Nivelles","province":"Province du Brabant wallon"}},{"type":"Feature","geometry":{"type":"Point","coordinates":[4.2964719513591,50.6488039]},"properties":{"column_1":"1461","column_2":"Haut-Ittre","column_3":4.2964719513591,"column_4":50.6488039,"municipality_name_french":"Ittre","arrondissement":"Arrondissement de Nivelles","province":"Province du Brabant wallon"}},{"type":"Feature","geometry":{"type":"Point","coordinates":[4.4464886939844,50.63691535]},"properties":{"column_1":"1473","column_2":"Glabais","column_3":4.4464886939844,"column_4":50.63691535,"municipality_name_french":"Genappe","arrondissement":"Arrondissement de Nivelles","province":"Province du Brabant wallon"}},{"type":"Feature","geometry":{"type":"Point","coordinates":[4.4110339517433,50.5762935]},"properties":{"column_1":"1476","column_2":"Houtain-Le-Val","column_3":4.4110339517433,"column_4":50.5762935,"municipality_name_french":"Genappe","arrondissement":"Arrondissement de Nivelles","province":"Province du Brabant wallon"}},{"type":"Feature","geometry":{"type":"Point","coordinates":[4.4895548874612,50.554167]},"properties":{"column_1":"1495","column_2":"Sart-Dames-Avelines","column_3":4.4895548874612,"column_4":50.554167,"municipality_name_french":"Villers-la-Ville","arrondissement":"Arrondissement de Nivelles","province":"Province du Brabant wallon"}},{"type":"Feature","geometry":{"type":"Point","coordinates":[4.5522187220517,50.57640235]},"properties":{"column_1":"1495","column_2":"Tilly","column_3":4.5522187220517,"column_4":50.57640235,"municipality_name_french":"Villers-la-Ville","arrondissement":"Arrondissement de Nivelles","province":"Province du Brabant wallon"}},{"type":"Feature","geometry":{"type":"Point","coordinates":[4.2374349,50.7360524]},"properties":{"column_1":"1500","column_2":"Halle","column_3":4.2374349,"column_4":50.7360524,"municipality_name_french":null,"arrondissement":"Arrondissement de Hal-Vilvorde","province":"Province du Brabant flamand"}},{"type":"Feature","geometry":{"type":"Point","coordinates":[4.2143430588907,50.7092954]},"properties":{"column_1":"1502","column_2":"Lembeek","column_3":4.2143430588907,"column_4":50.7092954,"municipality_name_french":null,"arrondissement":"Arrondissement de Hal-Vilvorde","province":"Province du Brabant flamand"}},{"type":"Feature","geometry":{"type":"Point","coordinates":[4.0260115663497,50.72329555]},"properties":{"column_1":"1540","column_2":"Herne","column_3":4.0260115663497,"column_4":50.72329555,"municipality_name_french":null,"arrondissement":"Arrondissement de Hal-Vilvorde","province":"Province du Brabant flamand"}},{"type":"Feature","geometry":{"type":"Point","coordinates":[4.1804375072845,50.913594]},"properties":{"column_1":"1730","column_2":"Asse","column_3":4.1804375072845,"column_4":50.913594,"municipality_name_french":null,"arrondissement":"Arrondissement de Hal-Vilvorde","province":"Province du Brabant flamand"}},{"type":"Feature","geometry":{"type":"Point","coordinates":[4.2744185,50.8842475]},"properties":{"column_1":"1731","column_2":"Zellik","column_3":4.2744185,"column_4":50.8842475,"municipality_name_french":null,"arrondissement":"Arrondissement de Hal-Vilvorde","province":"Province du Brabant flamand"}},{"type":"Feature","geometry":{"type":"Point","coordinates":[4.1535568,50.8726659]},"properties":{"column_1":"1742","column_2":"Sint-Katherina-Lombeek","column_3":4.1535568,"column_4":50.8726659,"municipality_name_french":null,"arrondissement":"Arrondissement de Hal-Vilvorde","province":"Province du Brabant flamand"}},{"type":"Feature","geometry":{"type":"Point","coordinates":[4.1896665,50.9690529]},"properties":{"column_1":"1745","column_2":"Opwijk","column_3":4.1896665,"column_4":50.9690529,"municipality_name_french":null,"arrondissement":"Arrondissement de Hal-Vilvorde","province":"Province du Brabant flamand"}},{"type":"Feature","geometry":{"type":"Point","coordinates":[4.1212845,50.7631284]},"properties":{"column_1":"1755","column_2":"Kester","column_3":4.1212845,"column_4":50.7631284,"municipality_name_french":null,"arrondissement":"Arrondissement de Hal-Vilvorde","province":"Province du Brabant flamand"}},{"type":"Feature","geometry":{"type":"Point","coordinates":[4.1202807810427,51.0881618]},"properties":{"column_1":"1785","column_2":"Hamme","column_3":4.1202807810427,"column_4":51.0881618,"municipality_name_french":null,"arrondissement":"Arrondissement de Termonde","province":"Province de Flandre orientale"}},{"type":"Feature","geometry":{"type":"Point","coordinates":[4.4329052514838,50.92813655]},"properties":{"column_1":"1800","column_2":"Vilvoorde","column_3":4.4329052514838,"column_4":50.92813655,"municipality_name_french":null,"arrondissement":"Arrondissement de Hal-Vilvorde","province":"Province du Brabant flamand"}},{"type":"Feature","geometry":{"type":"Point","coordinates":[4.2624672,50.9944384]},"properties":{"column_1":"1840","column_2":"Steenhuffel","column_3":4.2624672,"column_4":50.9944384,"municipality_name_french":null,"arrondissement":"Arrondissement de Hal-Vilvorde","province":"Province du Brabant flamand"}},{"type":"Feature","geometry":{"type":"Point","coordinates":[4.4359939711919,50.8662434]},"properties":{"column_1":"1932","column_2":"Sint-Stevens-Woluwe","column_3":4.4359939711919,"column_4":50.8662434,"municipality_name_french":null,"arrondissement":"Arrondissement de Hal-Vilvorde","province":"Province du Brabant flamand"}},{"type":"Feature","geometry":{"type":"Point","coordinates":[4.5075638918541,50.96953845]},"properties":{"column_1":"1982","column_2":"Elewijt","column_3":4.5075638918541,"column_4":50.96953845,"municipality_name_french":null,"arrondissement":"Arrondissement de Hal-Vilvorde","province":"Province du Brabant flamand"}},{"type":"Feature","geometry":{"type":"Point","coordinates":[4.3997081,51.2211097]},"properties":{"column_1":"2018","column_2":"Antwerpen","column_3":4.3997081,"column_4":51.2211097,"municipality_name_french":null,"arrondissement":"Arrondissement d\u2019Anvers","province":"Province d\u2019Anvers"}},{"type":"Feature","geometry":{"type":"Point","coordinates":[4.319401,51.3455396]},"properties":{"column_1":"2040","column_2":"Berendrecht","column_3":4.319401,"column_4":51.3455396,"municipality_name_french":null,"arrondissement":"Arrondissement d\u2019Anvers","province":"Province d\u2019Anvers"}},{"type":"Feature","geometry":{"type":"Point","coordinates":[4.3997081,51.2211097]},"properties":{"column_1":"2050","column_2":"Antwerpen","column_3":4.3997081,"column_4":51.2211097,"municipality_name_french":null,"arrondissement":"Arrondissement d\u2019Anvers","province":"Province d\u2019Anvers"}},{"type":"Feature","geometry":{"type":"Point","coordinates":[4.5225318,51.2270761]},"properties":{"column_1":"2110","column_2":"Wijnegem","column_3":4.5225318,"column_4":51.2270761,"municipality_name_french":null,"arrondissement":"Arrondissement d\u2019Anvers","province":"Province d\u2019Anvers"}},{"type":"Feature","geometry":{"type":"Point","coordinates":[4.5238022,51.2031044]},"properties":{"column_1":"2160","column_2":"Wommelgem","column_3":4.5238022,"column_4":51.2031044,"municipality_name_french":null,"arrondissement":"Arrondissement d\u2019Anvers","province":"Province d\u2019Anvers"}},{"type":"Feature","geometry":{"type":"Point","coordinates":[4.83464460985,51.1855514]},"properties":{"column_1":"2200","column_2":"Herentals","column_3":4.83464460985,"column_4":51.1855514,"municipality_name_french":null,"arrondissement":"Arrondissement de Turnhout","province":"Province d\u2019Anvers"}},{"type":"Feature","geometry":{"type":"Point","coordinates":[4.8207801,51.1203399]},"properties":{"column_1":"2200","column_2":"Morkhoven","column_3":4.8207801,"column_4":51.1203399,"municipality_name_french":null,"arrondissement":"Arrondissement de Turnhout","province":"Province d\u2019Anvers"}},{"type":"Feature","geometry":{"type":"Point","coordinates":[4.7191120718788,51.08755725]},"properties":{"column_1":"2220","column_2":"Hallaar","column_3":4.7191120718788,"column_4":51.08755725,"municipality_name_french":null,"arrondissement":"Arrondissement de Malines","province":"Province d\u2019Anvers"}},{"type":"Feature","geometry":{"type":"Point","coordinates":[4.731894344605,51.10403005]},"properties":{"column_1":"2222","column_2":"Itegem","column_3":4.731894344605,"column_4":51.10403005,"municipality_name_french":null,"arrondissement":"Arrondissement de Malines","province":"Province d\u2019Anvers"}},{"type":"Feature","geometry":{"type":"Point","coordinates":[4.9018080031354,51.0554081]},"properties":{"column_1":"2230","column_2":"Herselt","column_3":4.9018080031354,"column_4":51.0554081,"municipality_name_french":null,"arrondissement":"Arrondissement de Turnhout","province":"Province d\u2019Anvers"}},{"type":"Feature","geometry":{"type":"Point","coordinates":[4.8012932645531,51.04605145]},"properties":{"column_1":"2235","column_2":"Houtvenne","column_3":4.8012932645531,"column_4":51.04605145,"municipality_name_french":null,"arrondissement":"Arrondissement de Turnhout","province":"Province d\u2019Anvers"}},{"type":"Feature","geometry":{"type":"Point","coordinates":[4.6975445276147,51.2011609]},"properties":{"column_1":"2243","column_2":"Pulle","column_3":4.6975445276147,"column_4":51.2011609,"municipality_name_french":null,"arrondissement":"Arrondissement d\u2019Anvers","province":"Province d\u2019Anvers"}},{"type":"Feature","geometry":{"type":"Point","coordinates":[4.9012622781849,51.1220734]},"properties":{"column_1":"2260","column_2":"Tongerlo","column_3":4.9012622781849,"column_4":51.1220734,"municipality_name_french":null,"arrondissement":"Arrondissement de Turnhout","province":"Province d\u2019Anvers"}},{"type":"Feature","geometry":{"type":"Point","coordinates":[4.7543972,51.1392427]},"properties":{"column_1":"2270","column_2":"Herenthout","column_3":4.7543972,"column_4":51.1392427,"municipality_name_french":null,"arrondissement":"Arrondissement de Turnhout","province":"Province d\u2019Anvers"}},{"type":"Feature","geometry":{"type":"Point","coordinates":[4.8359528,51.2267185]},"properties":{"column_1":"2275","column_2":"Poederlee","column_3":4.8359528,"column_4":51.2267185,"municipality_name_french":null,"arrondissement":"Arrondissement de Turnhout","province":"Province d\u2019Anvers"}},{"type":"Feature","geometry":{"type":"Point","coordinates":[4.7318844301963,51.18870335]},"properties":{"column_1":"2280","column_2":"Grobbendonk","column_3":4.7318844301963,"column_4":51.18870335,"municipality_name_french":null,"arrondissement":"Arrondissement de Turnhout","province":"Province d\u2019Anvers"}},{"type":"Feature","geometry":{"type":"Point","coordinates":[4.7370614385825,51.16210045]},"properties":{"column_1":"2288","column_2":"Bouwel","column_3":4.7370614385825,"column_4":51.16210045,"municipality_name_french":null,"arrondissement":"Arrondissement de Turnhout","province":"Province d\u2019Anvers"}},{"type":"Feature","geometry":{"type":"Point","coordinates":[4.769482,51.2023448]},"properties":{"column_1":"2290","column_2":"Vorselaar","column_3":4.769482,"column_4":51.2023448,"municipality_name_french":null,"arrondissement":"Arrondissement de Turnhout","province":"Province d\u2019Anvers"}},{"type":"Feature","geometry":{"type":"Point","coordinates":[4.7440656414186,51.39574085]},"properties":{"column_1":"2320","column_2":"Hoogstraten","column_3":4.7440656414186,"column_4":51.39574085,"municipality_name_french":null,"arrondissement":"Arrondissement de Turnhout","province":"Province d\u2019Anvers"}},{"type":"Feature","geometry":{"type":"Point","coordinates":[4.8051679,51.4743516]},"properties":{"column_1":"2328","column_2":"Meerle","column_3":4.8051679,"column_4":51.4743516,"municipality_name_french":null,"arrondissement":"Arrondissement de Turnhout","province":"Province d\u2019Anvers"}},{"type":"Feature","geometry":{"type":"Point","coordinates":[4.7821797,51.2988018]},"properties":{"column_1":"2340","column_2":"Vlimmeren","column_3":4.7821797,"column_4":51.2988018,"municipality_name_french":null,"arrondissement":"Arrondissement de Turnhout","province":"Province d\u2019Anvers"}},{"type":"Feature","geometry":{"type":"Point","coordinates":[4.9817086,51.3178319]},"properties":{"column_1":"2360","column_2":"Oud-Turnhout","column_3":4.9817086,"column_4":51.3178319,"municipality_name_french":null,"arrondissement":"Arrondissement de Turnhout","province":"Province d\u2019Anvers"}},{"type":"Feature","geometry":{"type":"Point","coordinates":[4.9004051710883,51.412750431352]},"properties":{"column_1":"2387","column_2":"Baarle-Hertog","column_3":4.9004051710883,"column_4":51.412750431352,"municipality_name_french":null,"arrondissement":"Arrondissement de Turnhout","province":"Province d\u2019Anvers"}},{"type":"Feature","geometry":{"type":"Point","coordinates":[5.1155267,51.1840421]},"properties":{"column_1":"2400","column_2":"Mol","column_3":5.1155267,"column_4":51.1840421,"municipality_name_french":null,"arrondissement":"Arrondissement de Turnhout","province":"Province d\u2019Anvers"}},{"type":"Feature","geometry":{"type":"Point","coordinates":[4.9972890275518,51.10171295]},"properties":{"column_1":"2430","column_2":"Eindhout","column_3":4.9972890275518,"column_4":51.10171295,"municipality_name_french":null,"arrondissement":"Arrondissement de Turnhout","province":"Province d\u2019Anvers"}},{"type":"Feature","geometry":{"type":"Point","coordinates":[5.0073022,51.0802695]},"properties":{"column_1":"2430","column_2":"Laakdal","column_3":5.0073022,"column_4":51.0802695,"municipality_name_french":null,"arrondissement":"Arrondissement de Turnhout","province":"Province d\u2019Anvers"}},{"type":"Feature","geometry":{"type":"Point","coordinates":[5.0188161,51.0790117]},"properties":{"column_1":"2430","column_2":"Vorst","column_3":5.0188161,"column_4":51.0790117,"municipality_name_french":null,"arrondissement":"Arrondissement de Turnhout","province":"Province d\u2019Anvers"}},{"type":"Feature","geometry":{"type":"Point","coordinates":[4.8965455,51.2422595]},"properties":{"column_1":"2460","column_2":"Tielen","column_3":4.8965455,"column_4":51.2422595,"municipality_name_french":null,"arrondissement":"Arrondissement de Turnhout","province":"Province d\u2019Anvers"}},{"type":"Feature","geometry":{"type":"Point","coordinates":[5.113243,51.2395713]},"properties":{"column_1":"2480","column_2":"Dessel","column_3":5.113243,"column_4":51.2395713,"municipality_name_french":null,"arrondissement":"Arrondissement de Turnhout","province":"Province d\u2019Anvers"}},{"type":"Feature","geometry":{"type":"Point","coordinates":[4.5637563614009,51.1961732]},"properties":{"column_1":"2520","column_2":"Ranst","column_3":4.5637563614009,"column_4":51.1961732,"municipality_name_french":null,"arrondissement":"Arrondissement d\u2019Anvers","province":"Province d\u2019Anvers"}},{"type":"Feature","geometry":{"type":"Point","coordinates":[4.6310473,51.0570823]},"properties":{"column_1":"2580","column_2":"Putte","column_3":4.6310473,"column_4":51.0570823,"municipality_name_french":null,"arrondissement":"Arrondissement de Malines","province":"Province d\u2019Anvers"}},{"type":"Feature","geometry":{"type":"Point","coordinates":[4.6646313199891,51.12758685]},"properties":{"column_1":"2590","column_2":"Gestel","column_3":4.6646313199891,"column_4":51.12758685,"municipality_name_french":null,"arrondissement":"Arrondissement de Malines","province":"Province d\u2019Anvers"}},{"type":"Feature","geometry":{"type":"Point","coordinates":[4.3420555,51.1442105]},"properties":{"column_1":"2620","column_2":"Hemiksem","column_3":4.3420555,"column_4":51.1442105,"municipality_name_french":null,"arrondissement":"Arrondissement d\u2019Anvers","province":"Province d\u2019Anvers"}},{"type":"Feature","geometry":{"type":"Point","coordinates":[4.471321199996,51.02803335]},"properties":{"column_1":"2800","column_2":"Mechelen","column_3":4.471321199996,"column_4":51.02803335,"municipality_name_french":null,"arrondissement":"Arrondissement de Malines","province":"Province d\u2019Anvers"}},{"type":"Feature","geometry":{"type":"Point","coordinates":[4.3723517,51.0565194]},"properties":{"column_1":"2830","column_2":"Blaasveld","column_3":4.3723517,"column_4":51.0565194,"municipality_name_french":null,"arrondissement":"Arrondissement de Malines","province":"Province d\u2019Anvers"}},{"type":"Feature","geometry":{"type":"Point","coordinates":[4.2808516096232,51.05486435]},"properties":{"column_1":"2870","column_2":"Liezele","column_3":4.2808516096232,"column_4":51.05486435,"municipality_name_french":null,"arrondissement":"Arrondissement de Malines","province":"Province d\u2019Anvers"}},{"type":"Feature","geometry":{"type":"Point","coordinates":[4.2861928678797,51.07199845]},"properties":{"column_1":"2870","column_2":"Puurs","column_3":4.2861928678797,"column_4":51.07199845,"municipality_name_french":null,"arrondissement":"Arrondissement de Malines","province":"Province d\u2019Anvers"}},{"type":"Feature","geometry":{"type":"Point","coordinates":[4.3379815821239,51.0802059]},"properties":{"column_1":"2870","column_2":"Ruisbroek","column_3":4.3379815821239,"column_4":51.0802059,"municipality_name_french":null,"arrondissement":"Arrondissement de Malines","province":"Province d\u2019Anvers"}},{"type":"Feature","geometry":{"type":"Point","coordinates":[4.2423260051519,51.0924649]},"properties":{"column_1":"2880","column_2":"Bornem","column_3":4.2423260051519,"column_4":51.0924649,"municipality_name_french":null,"arrondissement":"Arrondissement de Malines","province":"Province d\u2019Anvers"}},{"type":"Feature","geometry":{"type":"Point","coordinates":[4.2519213925908,51.0451478]},"properties":{"column_1":"2890","column_2":"Lippelo","column_3":4.2519213925908,"column_4":51.0451478,"municipality_name_french":null,"arrondissement":"Arrondissement de Malines","province":"Province d\u2019Anvers"}},{"type":"Feature","geometry":{"type":"Point","coordinates":[4.4701309,51.4677957]},"properties":{"column_1":"2910","column_2":"Essen","column_3":4.4701309,"column_4":51.4677957,"municipality_name_french":null,"arrondissement":"Arrondissement d\u2019Anvers","province":"Province d\u2019Anvers"}},{"type":"Feature","geometry":{"type":"Point","coordinates":[4.4046996,51.3066168]},"properties":{"column_1":"2940","column_2":"Hoevenen","column_3":4.4046996,"column_4":51.3066168,"municipality_name_french":null,"arrondissement":"Arrondissement d\u2019Anvers","province":"Province d\u2019Anvers"}},{"type":"Feature","geometry":{"type":"Point","coordinates":[4.6428328,51.3994474]},"properties":{"column_1":"2990","column_2":"Loenhout","column_3":4.6428328,"column_4":51.3994474,"municipality_name_french":null,"arrondissement":"Arrondissement d\u2019Anvers","province":"Province d\u2019Anvers"}},{"type":"Feature","geometry":{"type":"Point","coordinates":[4.6929903215189,50.8812533]},"properties":{"column_1":"3000","column_2":"Leuven","column_3":4.6929903215189,"column_4":50.8812533,"municipality_name_french":null,"arrondissement":"Arrondissement de Louvain","province":"Province du Brabant flamand"}},{"type":"Feature","geometry":{"type":"Point","coordinates":[4.6255138,50.9020979]},"properties":{"column_1":"3020","column_2":"Veltem-Beisem","column_3":4.6255138,"column_4":50.9020979,"municipality_name_french":null,"arrondissement":"Arrondissement de Louvain","province":"Province du Brabant flamand"}},{"type":"Feature","geometry":{"type":"Point","coordinates":[4.5750864125531,50.9104969]},"properties":{"column_1":"3071","column_2":"Erps-Kwerps","column_3":4.5750864125531,"column_4":50.9104969,"municipality_name_french":null,"arrondissement":"Arrondissement de Louvain","province":"Province du Brabant flamand"}},{"type":"Feature","geometry":{"type":"Point","coordinates":[4.7143205960258,50.9543637]},"properties":{"column_1":"3110","column_2":"Rotselaar","column_3":4.7143205960258,"column_4":50.9543637,"municipality_name_french":null,"arrondissement":"Arrondissement de Louvain","province":"Province du Brabant flamand"}},{"type":"Feature","geometry":{"type":"Point","coordinates":[4.7683306885409,50.9482552]},"properties":{"column_1":"3111","column_2":"Wezemaal","column_3":4.7683306885409,"column_4":50.9482552,"municipality_name_french":null,"arrondissement":"Arrondissement de Louvain","province":"Province du Brabant flamand"}},{"type":"Feature","geometry":{"type":"Point","coordinates":[4.6755134,50.9900457]},"properties":{"column_1":"3120","column_2":"Tremelo","column_3":4.6755134,"column_4":50.9900457,"municipality_name_french":null,"arrondissement":"Arrondissement de Louvain","province":"Province du Brabant flamand"}},{"type":"Feature","geometry":{"type":"Point","coordinates":[4.7908301771478,50.99602795]},"properties":{"column_1":"3130","column_2":"Betekom","column_3":4.7908301771478,"column_4":50.99602795,"municipality_name_french":null,"arrondissement":"Arrondissement de Louvain","province":"Province du Brabant flamand"}},{"type":"Feature","geometry":{"type":"Point","coordinates":[4.8970494266873,50.97591095]},"properties":{"column_1":"3202","column_2":"Rillaar","column_3":4.8970494266873,"column_4":50.97591095,"municipality_name_french":null,"arrondissement":"Arrondissement de Louvain","province":"Province du Brabant flamand"}},{"type":"Feature","geometry":{"type":"Point","coordinates":[4.8338045392342,50.9470265]},"properties":{"column_1":"3221","column_2":"Nieuwrode","column_3":4.8338045392342,"column_4":50.9470265,"municipality_name_french":null,"arrondissement":"Arrondissement de Louvain","province":"Province du Brabant flamand"}},{"type":"Feature","geometry":{"type":"Point","coordinates":[4.9484707287374,51.0192772]},"properties":{"column_1":"3272","column_2":"Testelt","column_3":4.9484707287374,"column_4":51.0192772,"municipality_name_french":null,"arrondissement":"Arrondissement de Louvain","province":"Province du Brabant flamand"}},{"type":"Feature","geometry":{"type":"Point","coordinates":[4.9137602382894,50.79215565]},"properties":{"column_1":"3300","column_2":"Oorbeek","column_3":4.9137602382894,"column_4":50.79215565,"municipality_name_french":null,"arrondissement":"Arrondissement de Louvain","province":"Province du Brabant flamand"}},{"type":"Feature","geometry":{"type":"Point","coordinates":[5.0409717,50.8291537]},"properties":{"column_1":"3350","column_2":"Linter","column_3":5.0409717,"column_4":50.8291537,"municipality_name_french":null,"arrondissement":"Arrondissement de Louvain","province":"Province du Brabant flamand"}},{"type":"Feature","geometry":{"type":"Point","coordinates":[5.0585292480567,50.8249402]},"properties":{"column_1":"3350","column_2":"Melkwezer","column_3":5.0585292480567,"column_4":50.8249402,"municipality_name_french":null,"arrondissement":"Arrondissement de Louvain","province":"Province du Brabant flamand"}},{"type":"Feature","geometry":{"type":"Point","coordinates":[5.0579336298623,50.78801405]},"properties":{"column_1":"3350","column_2":"Neerhespen","column_3":5.0579336298623,"column_4":50.78801405,"municipality_name_french":null,"arrondissement":"Arrondissement de Louvain","province":"Province du Brabant flamand"}},{"type":"Feature","geometry":{"type":"Point","coordinates":[4.7912847996064,50.80732735]},"properties":{"column_1":"3360","column_2":"Opvelp","column_3":4.7912847996064,"column_4":50.80732735,"municipality_name_french":null,"arrondissement":"Arrondissement de Louvain","province":"Province du Brabant flamand"}},{"type":"Feature","geometry":{"type":"Point","coordinates":[4.8336178052558,50.8473461]},"properties":{"column_1":"3370","column_2":"Boutersem","column_3":4.8336178052558,"column_4":50.8473461,"municipality_name_french":null,"arrondissement":"Arrondissement de Louvain","province":"Province du Brabant flamand"}},{"type":"Feature","geometry":{"type":"Point","coordinates":[4.8270179962162,50.83400235]},"properties":{"column_1":"3370","column_2":"Vertrijk","column_3":4.8270179962162,"column_4":50.83400235,"municipality_name_french":null,"arrondissement":"Arrondissement de Louvain","province":"Province du Brabant flamand"}},{"type":"Feature","geometry":{"type":"Point","coordinates":[4.9608776189751,50.88734525]},"properties":{"column_1":"3381","column_2":"Kapellen","column_3":4.9608776189751,"column_4":50.88734525,"municipality_name_french":null,"arrondissement":"Arrondissement de Louvain","province":"Province du Brabant flamand"}},{"type":"Feature","geometry":{"type":"Point","coordinates":[4.9173431325348,50.8950541]},"properties":{"column_1":"3391","column_2":"Meensel-Kiezegem","column_3":4.9173431325348,"column_4":50.8950541,"municipality_name_french":null,"arrondissement":"Arrondissement de Louvain","province":"Province du Brabant flamand"}},{"type":"Feature","geometry":{"type":"Point","coordinates":[4.4410406,51.2687557]},"properties":{"column_1":"3400","column_2":"Laar","column_3":4.4410406,"column_4":51.2687557,"municipality_name_french":null,"arrondissement":"Arrondissement d\u2019Anvers","province":"Province d\u2019Anvers"}},{"type":"Feature","geometry":{"type":"Point","coordinates":[5.0878535498936,50.7385007]},"properties":{"column_1":"3401","column_2":"Walsbets","column_3":5.0878535498936,"column_4":50.7385007,"municipality_name_french":null,"arrondissement":"Arrondissement de Louvain","province":"Province du Brabant flamand"}},{"type":"Feature","geometry":{"type":"Point","coordinates":[5.0014628020046,50.8668096]},"properties":{"column_1":"3471","column_2":"Hoeleden","column_3":5.0014628020046,"column_4":50.8668096,"municipality_name_french":null,"arrondissement":"Arrondissement de Louvain","province":"Province du Brabant flamand"}},{"type":"Feature","geometry":{"type":"Point","coordinates":[5.0037716328589,50.9129375]},"properties":{"column_1":"3473","column_2":"Waanrode","column_3":5.0037716328589,"column_4":50.9129375,"municipality_name_french":null,"arrondissement":"Arrondissement de Louvain","province":"Province du Brabant flamand"}},{"type":"Feature","geometry":{"type":"Point","coordinates":[5.3512906396928,50.8769276]},"properties":{"column_1":"3501","column_2":"Wimmertingen","column_3":5.3512906396928,"column_4":50.8769276,"municipality_name_french":null,"arrondissement":"Arrondissement de Hasselt","province":"Province du Limbourg"}},{"type":"Feature","geometry":{"type":"Point","coordinates":[5.2509784643733,50.9524495]},"properties":{"column_1":"3510","column_2":"Kermt","column_3":5.2509784643733,"column_4":50.9524495,"municipality_name_french":null,"arrondissement":"Arrondissement de Hasselt","province":"Province du Limbourg"}},{"type":"Feature","geometry":{"type":"Point","coordinates":[5.2747491372719,50.97085355]},"properties":{"column_1":"3511","column_2":"Stokrooie","column_3":5.2747491372719,"column_4":50.97085355,"municipality_name_french":null,"arrondissement":"Arrondissement de Hasselt","province":"Province du Limbourg"}},{"type":"Feature","geometry":{"type":"Point","coordinates":[5.3677683,50.9909835]},"properties":{"column_1":"3520","column_2":"Zonhoven","column_3":5.3677683,"column_4":50.9909835,"municipality_name_french":null,"arrondissement":"Arrondissement de Hasselt","province":"Province du Limbourg"}},{"type":"Feature","geometry":{"type":"Point","coordinates":[5.4121547136036,51.036563]},"properties":{"column_1":"3530","column_2":"Houthalen","column_3":5.4121547136036,"column_4":51.036563,"municipality_name_french":null,"arrondissement":"Arrondissement de Maaseik","province":"Province du Limbourg"}},{"type":"Feature","geometry":{"type":"Point","coordinates":[5.2098576659451,50.94876395]},"properties":{"column_1":"3540","column_2":"Berbroek","column_3":5.2098576659451,"column_4":50.94876395,"municipality_name_french":null,"arrondissement":"Arrondissement de Hasselt","province":"Province du Limbourg"}},{"type":"Feature","geometry":{"type":"Point","coordinates":[5.2835531292784,51.04153335]},"properties":{"column_1":"3550","column_2":"Heusden","column_3":5.2835531292784,"column_4":51.04153335,"municipality_name_french":null,"arrondissement":"Arrondissement de Hasselt","province":"Province du Limbourg"}},{"type":"Feature","geometry":{"type":"Point","coordinates":[5.3135203,51.0236553]},"properties":{"column_1":"3550","column_2":"Zolder","column_3":5.3135203,"column_4":51.0236553,"municipality_name_french":null,"arrondissement":"Arrondissement de Hasselt","province":"Province du Limbourg"}},{"type":"Feature","geometry":{"type":"Point","coordinates":[5.1472099707378,51.0067479]},"properties":{"column_1":"3560","column_2":"Meldert","column_3":5.1472099707378,"column_4":51.0067479,"municipality_name_french":null,"arrondissement":"Arrondissement de Hasselt","province":"Province du Limbourg"}},{"type":"Feature","geometry":{"type":"Point","coordinates":[5.5001456,50.9654864]},"properties":{"column_1":"3600","column_2":"Genk","column_3":5.5001456,"column_4":50.9654864,"municipality_name_french":null,"arrondissement":"Arrondissement de Hasselt","province":"Province du Limbourg"}},{"type":"Feature","geometry":{"type":"Point","coordinates":[5.6091315,50.8839456]},"properties":{"column_1":"3620","column_2":"Gellik","column_3":5.6091315,"column_4":50.8839456,"municipality_name_french":null,"arrondissement":"Arrondissement de Tongres","province":"Province du Limbourg"}},{"type":"Feature","geometry":{"type":"Point","coordinates":[5.6513208,50.8892784]},"properties":{"column_1":"3620","column_2":"Lanaken","column_3":5.6513208,"column_4":50.8892784,"municipality_name_french":null,"arrondissement":"Arrondissement de Tongres","province":"Province du Limbourg"}},{"type":"Feature","geometry":{"type":"Point","coordinates":[5.6626094755366,50.9284078]},"properties":{"column_1":"3621","column_2":"Rekem","column_3":5.6626094755366,"column_4":50.9284078,"municipality_name_french":null,"arrondissement":"Arrondissement de Tongres","province":"Province du Limbourg"}},{"type":"Feature","geometry":{"type":"Point","coordinates":[5.7147232,50.9408858]},"properties":{"column_1":"3631","column_2":"Boorsem","column_3":5.7147232,"column_4":50.9408858,"municipality_name_french":null,"arrondissement":"Arrondissement de Tongres","province":"Province du Limbourg"}},{"type":"Feature","geometry":{"type":"Point","coordinates":[5.6747570297643,51.01085805]},"properties":{"column_1":"3650","column_2":"Lanklaar","column_3":5.6747570297643,"column_4":51.01085805,"municipality_name_french":null,"arrondissement":"Arrondissement de Maaseik","province":"Province du Limbourg"}},{"type":"Feature","geometry":{"type":"Point","coordinates":[5.5813814347439,51.08477665]},"properties":{"column_1":"3670","column_2":"Gruitrode","column_3":5.5813814347439,"column_4":51.08477665,"municipality_name_french":null,"arrondissement":"Arrondissement de Maaseik","province":"Province du Limbourg"}},{"type":"Feature","geometry":{"type":"Point","coordinates":[5.5029170798132,51.07822635]},"properties":{"column_1":"3670","column_2":"Meeuwen","column_3":5.5029170798132,"column_4":51.07822635,"municipality_name_french":null,"arrondissement":"Arrondissement de Maaseik","province":"Province du Limbourg"}},{"type":"Feature","geometry":{"type":"Point","coordinates":[5.4417282,50.7678379]},"properties":{"column_1":"3700","column_2":"Koninksem","column_3":5.4417282,"column_4":50.7678379,"municipality_name_french":null,"arrondissement":"Arrondissement de Tongres","province":"Province du Limbourg"}},{"type":"Feature","geometry":{"type":"Point","coordinates":[5.5223906,50.7689604]},"properties":{"column_1":"3700","column_2":"Mal","column_3":5.5223906,"column_4":50.7689604,"municipality_name_french":null,"arrondissement":"Arrondissement de Tongres","province":"Province du Limbourg"}},{"type":"Feature","geometry":{"type":"Point","coordinates":[5.4449386,50.8121319]},"properties":{"column_1":"3700","column_2":"Neerrepen","column_3":5.4449386,"column_4":50.8121319,"municipality_name_french":null,"arrondissement":"Arrondissement de Tongres","province":"Province du Limbourg"}},{"type":"Feature","geometry":{"type":"Point","coordinates":[5.495696,50.7520293]},"properties":{"column_1":"3700","column_2":"Vreren","column_3":5.495696,"column_4":50.7520293,"municipality_name_french":null,"arrondissement":"Arrondissement de Tongres","province":"Province du Limbourg"}},{"type":"Feature","geometry":{"type":"Point","coordinates":[5.409701,50.7719092]},"properties":{"column_1":"3700","column_2":"Widooie","column_3":5.409701,"column_4":50.7719092,"municipality_name_french":null,"arrondissement":"Arrondissement de Tongres","province":"Province du Limbourg"}},{"type":"Feature","geometry":{"type":"Point","coordinates":[5.5473874,50.8379653]},"properties":{"column_1":"3740","column_2":"Kleine-Spouwen","column_3":5.5473874,"column_4":50.8379653,"municipality_name_french":null,"arrondissement":"Arrondissement de Tongres","province":"Province du Limbourg"}},{"type":"Feature","geometry":{"type":"Point","coordinates":[5.5464648,50.8638819]},"properties":{"column_1":"3740","column_2":"Waltwilder","column_3":5.5464648,"column_4":50.8638819,"municipality_name_french":null,"arrondissement":"Arrondissement de Tongres","province":"Province du Limbourg"}},{"type":"Feature","geometry":{"type":"Point","coordinates":[5.839052712207,50.7465898]},"properties":{"column_1":"3790","column_2":"Fourons","column_3":5.839052712207,"column_4":50.7465898,"municipality_name_french":"Fourons","arrondissement":"Arrondissement de Tongres","province":"Province du Limbourg"}},{"type":"Feature","geometry":{"type":"Point","coordinates":[5.1499121468986,50.80055285]},"properties":{"column_1":"3800","column_2":"Halmaal","column_3":5.1499121468986,"column_4":50.80055285,"municipality_name_french":null,"arrondissement":"Arrondissement de Hasselt","province":"Province du Limbourg"}},{"type":"Feature","geometry":{"type":"Point","coordinates":[5.2381902322176,50.8137716]},"properties":{"column_1":"3800","column_2":"Ordingen","column_3":5.2381902322176,"column_4":50.8137716,"municipality_name_french":null,"arrondissement":"Arrondissement de Hasselt","province":"Province du Limbourg"}},{"type":"Feature","geometry":{"type":"Point","coordinates":[5.1461581286779,50.83411245]},"properties":{"column_1":"3803","column_2":"Duras","column_3":5.1461581286779,"column_4":50.83411245,"municipality_name_french":null,"arrondissement":"Arrondissement de Hasselt","province":"Province du Limbourg"}},{"type":"Feature","geometry":{"type":"Point","coordinates":[5.3111748927674,50.82338225]},"properties":{"column_1":"3830","column_2":"Berlingen","column_3":5.3111748927674,"column_4":50.82338225,"municipality_name_french":null,"arrondissement":"Arrondissement de Tongres","province":"Province du Limbourg"}},{"type":"Feature","geometry":{"type":"Point","coordinates":[5.3972985,50.7913472]},"properties":{"column_1":"3840","column_2":"Haren","column_3":5.3972985,"column_4":50.7913472,"municipality_name_french":null,"arrondissement":"Arrondissement de Tongres","province":"Province du Limbourg"}},{"type":"Feature","geometry":{"type":"Point","coordinates":[5.4206775,50.8027416]},"properties":{"column_1":"3840","column_2":"Kolmont","column_3":5.4206775,"column_4":50.8027416,"municipality_name_french":null,"arrondissement":"Arrondissement de Tongres","province":"Province du Limbourg"}},{"type":"Feature","geometry":{"type":"Point","coordinates":[5.3567635,50.7687571]},"properties":{"column_1":"3870","column_2":"Heks","column_3":5.3567635,"column_4":50.7687571,"municipality_name_french":null,"arrondissement":"Arrondissement de Tongres","province":"Province du Limbourg"}},{"type":"Feature","geometry":{"type":"Point","coordinates":[5.3328245,50.7582823]},"properties":{"column_1":"3870","column_2":"Horpmaal","column_3":5.3328245,"column_4":50.7582823,"municipality_name_french":null,"arrondissement":"Arrondissement de Tongres","province":"Province du Limbourg"}},{"type":"Feature","geometry":{"type":"Point","coordinates":[5.2539162,50.7278444]},"properties":{"column_1":"3870","column_2":"Rukkelingen-Loon","column_3":5.2539162,"column_4":50.7278444,"municipality_name_french":null,"arrondissement":"Arrondissement de Tongres","province":"Province du Limbourg"}},{"type":"Feature","geometry":{"type":"Point","coordinates":[5.3063809,50.7633827]},"properties":{"column_1":"3870","column_2":"Veulen","column_3":5.3063809,"column_4":50.7633827,"municipality_name_french":null,"arrondissement":"Arrondissement de Tongres","province":"Province du Limbourg"}},{"type":"Feature","geometry":{"type":"Point","coordinates":[5.2314326932833,50.7456072]},"properties":{"column_1":"3890","column_2":"Boekhout","column_3":5.2314326932833,"column_4":50.7456072,"municipality_name_french":null,"arrondissement":"Arrondissement de Hasselt","province":"Province du Limbourg"}},{"type":"Feature","geometry":{"type":"Point","coordinates":[5.1788950800586,50.75022405]},"properties":{"column_1":"3891","column_2":"Buvingen","column_3":5.1788950800586,"column_4":50.75022405,"municipality_name_french":null,"arrondissement":"Arrondissement de Hasselt","province":"Province du Limbourg"}},{"type":"Feature","geometry":{"type":"Point","coordinates":[5.4792895720018,51.2684314]},"properties":{"column_1":"3930","column_2":"Achel","column_3":5.4792895720018,"column_4":51.2684314,"municipality_name_french":null,"arrondissement":"Arrondissement de Maaseik","province":"Province du Limbourg"}},{"type":"Feature","geometry":{"type":"Point","coordinates":[5.5128696,51.2547636]},"properties":{"column_1":"3930","column_2":"Hamont-Achel","column_3":5.5128696,"column_4":51.2547636,"municipality_name_french":null,"arrondissement":"Arrondissement de Maaseik","province":"Province du Limbourg"}},{"type":"Feature","geometry":{"type":"Point","coordinates":[5.3440439268887,51.1567865]},"properties":{"column_1":"3941","column_2":"Eksel","column_3":5.3440439268887,"column_4":51.1567865,"municipality_name_french":null,"arrondissement":"Arrondissement de Maaseik","province":"Province du Limbourg"}},{"type":"Feature","geometry":{"type":"Point","coordinates":[5.1781109743218,51.11417145]},"properties":{"column_1":"3945","column_2":"Ham","column_3":5.1781109743218,"column_4":51.11417145,"municipality_name_french":null,"arrondissement":"Arrondissement de Hasselt","province":"Province du Limbourg"}},{"type":"Feature","geometry":{"type":"Point","coordinates":[5.5648743785157,51.1304481]},"properties":{"column_1":"3960","column_2":"Gerdingen","column_3":5.5648743785157,"column_4":51.1304481,"municipality_name_french":null,"arrondissement":"Arrondissement de Maaseik","province":"Province du Limbourg"}},{"type":"Feature","geometry":{"type":"Point","coordinates":[5.541864,50.648205]},"properties":{"column_1":"4000","column_2":"Glain","column_3":5.541864,"column_4":50.648205,"municipality_name_french":"Li\u00e8ge","arrondissement":"Arrondissement de Li\u00e8ge","province":"Province de Li\u00e8ge"}},{"type":"Feature","geometry":{"type":"Point","coordinates":[5.547616,50.678042]},"properties":{"column_1":"4000","column_2":"Rocourt","column_3":5.547616,"column_4":50.678042,"municipality_name_french":"Li\u00e8ge","arrondissement":"Arrondissement de Li\u00e8ge","province":"Province de Li\u00e8ge"}},{"type":"Feature","geometry":{"type":"Point","coordinates":[5.6596627,50.670247]},"properties":{"column_1":"4020","column_2":"Wandre","column_3":5.6596627,"column_4":50.670247,"municipality_name_french":"Li\u00e8ge","arrondissement":"Arrondissement de Li\u00e8ge","province":"Province de Li\u00e8ge"}},{"type":"Feature","geometry":{"type":"Point","coordinates":[5.5846274,50.672653]},"properties":{"column_1":"4041","column_2":"Vottem","column_3":5.5846274,"column_4":50.672653,"municipality_name_french":"Herstal","arrondissement":"Arrondissement de Li\u00e8ge","province":"Province de Li\u00e8ge"}},{"type":"Feature","geometry":{"type":"Point","coordinates":[5.6335963,50.6018717]},"properties":{"column_1":"4051","column_2":"Vaux-Sous-Ch\u00e8vremont","column_3":5.6335963,"column_4":50.6018717,"municipality_name_french":"Chaudfontaine","arrondissement":"Arrondissement de Li\u00e8ge","province":"Province de Li\u00e8ge"}},{"type":"Feature","geometry":{"type":"Point","coordinates":[5.5049541,50.6168289]},"properties":{"column_1":"4101","column_2":"Jemeppe-Sur-Meuse","column_3":5.5049541,"column_4":50.6168289,"municipality_name_french":"Seraing","arrondissement":"Arrondissement de Li\u00e8ge","province":"Province de Li\u00e8ge"}},{"type":"Feature","geometry":{"type":"Point","coordinates":[5.4514318,50.5520337]},"properties":{"column_1":"4121","column_2":"Neuville-En-Condroz","column_3":5.4514318,"column_4":50.5520337,"municipality_name_french":"Neupr\u00e9","arrondissement":"Arrondissement de Li\u00e8ge","province":"Province de Li\u00e8ge"}},{"type":"Feature","geometry":{"type":"Point","coordinates":[5.5009881,50.4869156]},"properties":{"column_1":"4162","column_2":"Hody","column_3":5.5009881,"column_4":50.4869156,"municipality_name_french":"Anthisnes","arrondissement":"Arrondissement de Huy","province":"Province de Li\u00e8ge"}},{"type":"Feature","geometry":{"type":"Point","coordinates":[5.0495231,50.5795921]},"properties":{"column_1":"4210","column_2":"Hann\u00eache","column_3":5.0495231,"column_4":50.5795921,"municipality_name_french":"Burdinne","arrondissement":"Arrondissement de Huy","province":"Province de Li\u00e8ge"}},{"type":"Feature","geometry":{"type":"Point","coordinates":[5.1679183,50.6841901]},"properties":{"column_1":"4250","column_2":"Bo\u00eblhe","column_3":5.1679183,"column_4":50.6841901,"municipality_name_french":"Geer","arrondissement":"Arrondissement de Waremme","province":"Province de Li\u00e8ge"}},{"type":"Feature","geometry":{"type":"Point","coordinates":[5.2146261,50.6977331]},"properties":{"column_1":"4257","column_2":"Berloz","column_3":5.2146261,"column_4":50.6977331,"municipality_name_french":"Berloz","arrondissement":"Arrondissement de Waremme","province":"Province de Li\u00e8ge"}},{"type":"Feature","geometry":{"type":"Point","coordinates":[5.1159746,50.6287517]},"properties":{"column_1":"4260","column_2":"Avennes","column_3":5.1159746,"column_4":50.6287517,"municipality_name_french":"Braives","arrondissement":"Arrondissement de Waremme","province":"Province de Li\u00e8ge"}},{"type":"Feature","geometry":{"type":"Point","coordinates":[5.067671,50.620859]},"properties":{"column_1":"4280","column_2":"Avin","column_3":5.067671,"column_4":50.620859,"municipality_name_french":"Hannut","arrondissement":"Arrondissement de Waremme","province":"Province de Li\u00e8ge"}},{"type":"Feature","geometry":{"type":"Point","coordinates":[5.0779916,50.6724649]},"properties":{"column_1":"4280","column_2":"Hannut","column_3":5.0779916,"column_4":50.6724649,"municipality_name_french":"Hannut","arrondissement":"Arrondissement de Waremme","province":"Province de Li\u00e8ge"}},{"type":"Feature","geometry":{"type":"Point","coordinates":[5.0184357,50.6875594]},"properties":{"column_1":"4280","column_2":"Petit-Hallet","column_3":5.0184357,"column_4":50.6875594,"municipality_name_french":"Hannut","arrondissement":"Arrondissement de Waremme","province":"Province de Li\u00e8ge"}},{"type":"Feature","geometry":{"type":"Point","coordinates":[5.0480724,50.6655625]},"properties":{"column_1":"4280","column_2":"Thisnes","column_3":5.0480724,"column_4":50.6655625,"municipality_name_french":"Hannut","arrondissement":"Arrondissement de Waremme","province":"Province de Li\u00e8ge"}},{"type":"Feature","geometry":{"type":"Point","coordinates":[5.0055524,50.7228078]},"properties":{"column_1":"4287","column_2":"Pellaines","column_3":5.0055524,"column_4":50.7228078,"municipality_name_french":"Lincent","arrondissement":"Arrondissement de Waremme","province":"Province de Li\u00e8ge"}},{"type":"Feature","geometry":{"type":"Point","coordinates":[5.0290114,50.7388269]},"properties":{"column_1":"4287","column_2":"Racour","column_3":5.0290114,"column_4":50.7388269,"municipality_name_french":"Lincent","arrondissement":"Arrondissement de Waremme","province":"Province de Li\u00e8ge"}},{"type":"Feature","geometry":{"type":"Point","coordinates":[5.235361,50.7099793]},"properties":{"column_1":"4300","column_2":"Bettincourt","column_3":5.235361,"column_4":50.7099793,"municipality_name_french":"Waremme","arrondissement":"Arrondissement de Waremme","province":"Province de Li\u00e8ge"}},{"type":"Feature","geometry":{"type":"Point","coordinates":[5.2683121,50.6482877]},"properties":{"column_1":"4317","column_2":"Viemme","column_3":5.2683121,"column_4":50.6482877,"municipality_name_french":"Faimes","arrondissement":"Arrondissement de Waremme","province":"Province de Li\u00e8ge"}},{"type":"Feature","geometry":{"type":"Point","coordinates":[5.3827164,50.6598522]},"properties":{"column_1":"4347","column_2":"Noville","column_3":5.3827164,"column_4":50.6598522,"municipality_name_french":"Fexhe-le-Haut-Clocher","arrondissement":"Arrondissement de Waremme","province":"Province de Li\u00e8ge"}},{"type":"Feature","geometry":{"type":"Point","coordinates":[5.333978,50.689076]},"properties":{"column_1":"4350","column_2":"Lamine","column_3":5.333978,"column_4":50.689076,"municipality_name_french":"Remicourt","arrondissement":"Arrondissement de Waremme","province":"Province de Li\u00e8ge"}},{"type":"Feature","geometry":{"type":"Point","coordinates":[5.3107335,50.6600262]},"properties":{"column_1":"4357","column_2":"Limont","column_3":5.3107335,"column_4":50.6600262,"municipality_name_french":"Donceel","arrondissement":"Arrondissement de Waremme","province":"Province de Li\u00e8ge"}},{"type":"Feature","geometry":{"type":"Point","coordinates":[5.3379451,50.7220498]},"properties":{"column_1":"4360","column_2":"Grandville","column_3":5.3379451,"column_4":50.7220498,"municipality_name_french":"Oreye","arrondissement":"Arrondissement de Waremme","province":"Province de Li\u00e8ge"}},{"type":"Feature","geometry":{"type":"Point","coordinates":[5.384458,50.7370788]},"properties":{"column_1":"4360","column_2":"Otrange","column_3":5.384458,"column_4":50.7370788,"municipality_name_french":"Oreye","arrondissement":"Arrondissement de Waremme","province":"Province de Li\u00e8ge"}},{"type":"Feature","geometry":{"type":"Point","coordinates":[5.4060353,50.6961807]},"properties":{"column_1":"4367","column_2":"Kemexhe","column_3":5.4060353,"column_4":50.6961807,"municipality_name_french":"Crisn\u00e9e","arrondissement":"Arrondissement de Waremme","province":"Province de Li\u00e8ge"}},{"type":"Feature","geometry":{"type":"Point","coordinates":[5.4158293,50.707654]},"properties":{"column_1":"4367","column_2":"Odeur","column_3":5.4158293,"column_4":50.707654,"municipality_name_french":"Crisn\u00e9e","arrondissement":"Arrondissement de Waremme","province":"Province de Li\u00e8ge"}},{"type":"Feature","geometry":{"type":"Point","coordinates":[5.409295,50.5985223]},"properties":{"column_1":"4400","column_2":"Awirs","column_3":5.409295,"column_4":50.5985223,"municipality_name_french":"Fl\u00e9malle","arrondissement":"Arrondissement de Li\u00e8ge","province":"Province de Li\u00e8ge"}},{"type":"Feature","geometry":{"type":"Point","coordinates":[5.4729319,50.6155715]},"properties":{"column_1":"4400","column_2":"Fl\u00e9malle-Grande","column_3":5.4729319,"column_4":50.6155715,"municipality_name_french":"Fl\u00e9malle","arrondissement":"Arrondissement de Li\u00e8ge","province":"Province de Li\u00e8ge"}},{"type":"Feature","geometry":{"type":"Point","coordinates":[5.4523491,50.5822766]},"properties":{"column_1":"4400","column_2":"Ivoz-Ramet","column_3":5.4523491,"column_4":50.5822766,"municipality_name_french":"Fl\u00e9malle","arrondissement":"Arrondissement de Li\u00e8ge","province":"Province de Li\u00e8ge"}},{"type":"Feature","geometry":{"type":"Point","coordinates":[5.5129926,50.6742549]},"properties":{"column_1":"4432","column_2":"Alleur","column_3":5.5129926,"column_4":50.6742549,"municipality_name_french":"Ans","arrondissement":"Arrondissement de Li\u00e8ge","province":"Province de Li\u00e8ge"}},{"type":"Feature","geometry":{"type":"Point","coordinates":[5.5234944,50.6879619]},"properties":{"column_1":"4450","column_2":"Lantin","column_3":5.5234944,"column_4":50.6879619,"municipality_name_french":"Juprelle","arrondissement":"Arrondissement de Li\u00e8ge","province":"Province de Li\u00e8ge"}},{"type":"Feature","geometry":{"type":"Point","coordinates":[5.4254194,50.6436521]},"properties":{"column_1":"4460","column_2":"Velroux","column_3":5.4254194,"column_4":50.6436521,"municipality_name_french":"Gr\u00e2ce-Hollogne","arrondissement":"Arrondissement de Li\u00e8ge","province":"Province de Li\u00e8ge"}},{"type":"Feature","geometry":{"type":"Point","coordinates":[5.4444346,50.5445135]},"properties":{"column_1":"4480","column_2":"Ehein","column_3":5.4444346,"column_4":50.5445135,"municipality_name_french":"Engis","arrondissement":"Arrondissement de Li\u00e8ge","province":"Province de Li\u00e8ge"}},{"type":"Feature","geometry":{"type":"Point","coordinates":[5.2044866,50.6161817]},"properties":{"column_1":"4530","column_2":"Vieux-Waleffe","column_3":5.2044866,"column_4":50.6161817,"municipality_name_french":"Villers-le-Bouillet","arrondissement":"Arrondissement de Huy","province":"Province de Li\u00e8ge"}},{"type":"Feature","geometry":{"type":"Point","coordinates":[5.3184439,50.6075114]},"properties":{"column_1":"4537","column_2":"Verlaine","column_3":5.3184439,"column_4":50.6075114,"municipality_name_french":"Verlaine","arrondissement":"Arrondissement de Huy","province":"Province de Li\u00e8ge"}},{"type":"Feature","geometry":{"type":"Point","coordinates":[5.3371708,50.5442809]},"properties":{"column_1":"4540","column_2":"Ombret","column_3":5.3371708,"column_4":50.5442809,"municipality_name_french":"Amay","arrondissement":"Arrondissement de Huy","province":"Province de Li\u00e8ge"}},{"type":"Feature","geometry":{"type":"Point","coordinates":[5.4130878,50.5290054]},"properties":{"column_1":"4550","column_2":"Saint-S\u00e9verin","column_3":5.4130878,"column_4":50.5290054,"municipality_name_french":"Nandrin","arrondissement":"Arrondissement de Huy","province":"Province de Li\u00e8ge"}},{"type":"Feature","geometry":{"type":"Point","coordinates":[5.3564571,50.4735257]},"properties":{"column_1":"4557","column_2":"Ab\u00e9e","column_3":5.3564571,"column_4":50.4735257,"municipality_name_french":"Tinlot","arrondissement":"Arrondissement de Huy","province":"Province de Li\u00e8ge"}},{"type":"Feature","geometry":{"type":"Point","coordinates":[5.4029395,50.4595451]},"properties":{"column_1":"4557","column_2":"Seny","column_3":5.4029395,"column_4":50.4595451,"municipality_name_french":"Tinlot","arrondissement":"Arrondissement de Huy","province":"Province de Li\u00e8ge"}},{"type":"Feature","geometry":{"type":"Point","coordinates":[5.3302671,50.3946271]},"properties":{"column_1":"4560","column_2":"Bois-Et-Borsu","column_3":5.3302671,"column_4":50.3946271,"municipality_name_french":"Clavier","arrondissement":"Arrondissement de Huy","province":"Province de Li\u00e8ge"}},{"type":"Feature","geometry":{"type":"Point","coordinates":[5.299356,50.4154227]},"properties":{"column_1":"4560","column_2":"Les Avins","column_3":5.299356,"column_4":50.4154227,"municipality_name_french":"Clavier","arrondissement":"Arrondissement de Huy","province":"Province de Li\u00e8ge"}},{"type":"Feature","geometry":{"type":"Point","coordinates":[5.2683004,50.4462845]},"properties":{"column_1":"4570","column_2":"Vyle-Et-Tharoul","column_3":5.2683004,"column_4":50.4462845,"municipality_name_french":"Marchin","arrondissement":"Arrondissement de Huy","province":"Province de Li\u00e8ge"}},{"type":"Feature","geometry":{"type":"Point","coordinates":[5.3271603,50.4922647]},"properties":{"column_1":"4577","column_2":"Str\u00e9e-Lez-Huy","column_3":5.3271603,"column_4":50.4922647,"municipality_name_french":"Modave","arrondissement":"Arrondissement de Huy","province":"Province de Li\u00e8ge"}},{"type":"Feature","geometry":{"type":"Point","coordinates":[5.4653273,50.4377341]},"properties":{"column_1":"4590","column_2":"Ouffet","column_3":5.4653273,"column_4":50.4377341,"municipality_name_french":"Ouffet","arrondissement":"Arrondissement de Huy","province":"Province de Li\u00e8ge"}},{"type":"Feature","geometry":{"type":"Point","coordinates":[5.773045637996,50.73466495]},"properties":{"column_1":"4608","column_2":"Warsage","column_3":5.773045637996,"column_4":50.73466495,"municipality_name_french":"Dalhem","arrondissement":"Arrondissement de Li\u00e8ge","province":"Province de Li\u00e8ge"}},{"type":"Feature","geometry":{"type":"Point","coordinates":[5.7432715,50.6821815]},"properties":{"column_1":"4670","column_2":"Mortier","column_3":5.7432715,"column_4":50.6821815,"municipality_name_french":"Blegny","arrondissement":"Arrondissement de Li\u00e8ge","province":"Province de Li\u00e8ge"}},{"type":"Feature","geometry":{"type":"Point","coordinates":[5.6104199,50.7391753]},"properties":{"column_1":"4682","column_2":"Houtain-Saint-Sim\u00e9on","column_3":5.6104199,"column_4":50.7391753,"municipality_name_french":"Oupeye","arrondissement":"Arrondissement de Li\u00e8ge","province":"Province de Li\u00e8ge"}},{"type":"Feature","geometry":{"type":"Point","coordinates":[6.0458005,50.6461317]},"properties":{"column_1":"4701","column_2":"Kettenis","column_3":6.0458005,"column_4":50.6461317,"municipality_name_french":"Eupen","arrondissement":"Arrondissement de Verviers","province":"Province de Li\u00e8ge"}},{"type":"Feature","geometry":{"type":"Point","coordinates":[6.0469422,50.6750768]},"properties":{"column_1":"4711","column_2":"Walhorn","column_3":6.0469422,"column_4":50.6750768,"municipality_name_french":"Lontzen","arrondissement":"Arrondissement de Verviers","province":"Province de Li\u00e8ge"}},{"type":"Feature","geometry":{"type":"Point","coordinates":[6.0240702,50.7199902]},"properties":{"column_1":"4721","column_2":"Neu-Moresnet","column_3":6.0240702,"column_4":50.7199902,"municipality_name_french":"La Calamine","arrondissement":"Arrondissement de Verviers","province":"Province de Li\u00e8ge"}},{"type":"Feature","geometry":{"type":"Point","coordinates":[6.257827,50.4075533]},"properties":{"column_1":"4760","column_2":"Bullange","column_3":6.257827,"column_4":50.4075533,"municipality_name_french":"Bullange","arrondissement":"Arrondissement de Verviers","province":"Province de Li\u00e8ge"}},{"type":"Feature","geometry":{"type":"Point","coordinates":[6.1362567,50.1954121]},"properties":{"column_1":"4790","column_2":"Reuland","column_3":6.1362567,"column_4":50.1954121,"municipality_name_french":"Burg-Reuland","arrondissement":"Arrondissement de Verviers","province":"Province de Li\u00e8ge"}},{"type":"Feature","geometry":{"type":"Point","coordinates":[5.8341784,50.6143044]},"properties":{"column_1":"4800","column_2":"Petit-Rechain","column_3":5.8341784,"column_4":50.6143044,"municipality_name_french":"Verviers","arrondissement":"Arrondissement de Verviers","province":"Province de Li\u00e8ge"}},{"type":"Feature","geometry":{"type":"Point","coordinates":[5.9723396,50.6627086]},"properties":{"column_1":"4840","column_2":"Welkenraedt","column_3":5.9723396,"column_4":50.6627086,"municipality_name_french":"Welkenraedt","arrondissement":"Arrondissement de Verviers","province":"Province de Li\u00e8ge"}},{"type":"Feature","geometry":{"type":"Point","coordinates":[5.9318018,50.6768234]},"properties":{"column_1":"4841","column_2":"Henri-Chapelle","column_3":5.9318018,"column_4":50.6768234,"municipality_name_french":"Welkenraedt","arrondissement":"Arrondissement de Verviers","province":"Province de Li\u00e8ge"}},{"type":"Feature","geometry":{"type":"Point","coordinates":[5.9647526,50.5592528]},"properties":{"column_1":"4845","column_2":"Jalhay","column_3":5.9647526,"column_4":50.5592528,"municipality_name_french":"Jalhay","arrondissement":"Arrondissement de Verviers","province":"Province de Li\u00e8ge"}},{"type":"Feature","geometry":{"type":"Point","coordinates":[5.9967631,50.7463908]},"properties":{"column_1":"4851","column_2":"Gemmenich","column_3":5.9967631,"column_4":50.7463908,"municipality_name_french":"Plombi\u00e8res","arrondissement":"Arrondissement de Verviers","province":"Province de Li\u00e8ge"}},{"type":"Feature","geometry":{"type":"Point","coordinates":[5.7910525,50.5747936]},"properties":{"column_1":"4860","column_2":"Cornesse","column_3":5.7910525,"column_4":50.5747936,"municipality_name_french":"Pepinster","arrondissement":"Arrondissement de Verviers","province":"Province de Li\u00e8ge"}},{"type":"Feature","geometry":{"type":"Point","coordinates":[5.8037101,50.5675217]},"properties":{"column_1":"4860","column_2":"Pepinster","column_3":5.8037101,"column_4":50.5675217,"municipality_name_french":"Pepinster","arrondissement":"Arrondissement de Verviers","province":"Province de Li\u00e8ge"}},{"type":"Feature","geometry":{"type":"Point","coordinates":[5.8175559,50.5789617]},"properties":{"column_1":"4860","column_2":"Wegnez","column_3":5.8175559,"column_4":50.5789617,"municipality_name_french":"Pepinster","arrondissement":"Arrondissement de Verviers","province":"Province de Li\u00e8ge"}},{"type":"Feature","geometry":{"type":"Point","coordinates":[5.8198955843753,50.52586075]},"properties":{"column_1":"4910","column_2":"Theux","column_3":5.8198955843753,"column_4":50.52586075,"municipality_name_french":"Theux","arrondissement":"Arrondissement de Verviers","province":"Province de Li\u00e8ge"}},{"type":"Feature","geometry":{"type":"Point","coordinates":[6.1143694,50.4772534]},"properties":{"column_1":"4950","column_2":"Sourbrodt","column_3":6.1143694,"column_4":50.4772534,"municipality_name_french":"Waimes","arrondissement":"Arrondissement de Verviers","province":"Province de Li\u00e8ge"}},{"type":"Feature","geometry":{"type":"Point","coordinates":[5.9308362,50.3940846]},"properties":{"column_1":"4970","column_2":"Stavelot","column_3":5.9308362,"column_4":50.3940846,"municipality_name_french":"Stavelot","arrondissement":"Arrondissement de Verviers","province":"Province de Li\u00e8ge"}},{"type":"Feature","geometry":{"type":"Point","coordinates":[5.8378154,50.3388474]},"properties":{"column_1":"4980","column_2":"Fosse","column_3":5.8378154,"column_4":50.3388474,"municipality_name_french":"Trois-Ponts","arrondissement":"Arrondissement de Verviers","province":"Province de Li\u00e8ge"}},{"type":"Feature","geometry":{"type":"Point","coordinates":[5.80836,50.4069504]},"properties":{"column_1":"4987","column_2":"Stoumont","column_3":5.80836,"column_4":50.4069504,"municipality_name_french":"Stoumont","arrondissement":"Arrondissement de Verviers","province":"Province de Li\u00e8ge"}},{"type":"Feature","geometry":{"type":"Point","coordinates":[5.7920929,50.28574]},"properties":{"column_1":"4990","column_2":"Lierneux","column_3":5.7920929,"column_4":50.28574,"municipality_name_french":"Lierneux","arrondissement":"Arrondissement de Verviers","province":"Province de Li\u00e8ge"}},{"type":"Feature","geometry":{"type":"Point","coordinates":[4.8351266178881,50.48141855]},"properties":{"column_1":"5002","column_2":"Saint-Servais","column_3":4.8351266178881,"column_4":50.48141855,"municipality_name_french":"Namur","arrondissement":"Arrondissement de Namur","province":"Province de Namur"}},{"type":"Feature","geometry":{"type":"Point","coordinates":[4.8469587132153,50.4948666]},"properties":{"column_1":"5003","column_2":"Saint-Marc","column_3":4.8469587132153,"column_4":50.4948666,"municipality_name_french":"Namur","arrondissement":"Arrondissement de Namur","province":"Province de Namur"}},{"type":"Feature","geometry":{"type":"Point","coordinates":[4.9035112119756,50.49862565]},"properties":{"column_1":"5020","column_2":"Champion","column_3":4.9035112119756,"column_4":50.49862565,"municipality_name_french":"Namur","arrondissement":"Arrondissement de Namur","province":"Province de Namur"}},{"type":"Feature","geometry":{"type":"Point","coordinates":[4.7780268559488,50.4883008]},"properties":{"column_1":"5020","column_2":"Suarl\u00e9e","column_3":4.7780268559488,"column_4":50.4883008,"municipality_name_french":"Namur","arrondissement":"Arrondissement de Namur","province":"Province de Namur"}},{"type":"Feature","geometry":{"type":"Point","coordinates":[4.7273547,50.5533536]},"properties":{"column_1":"5030","column_2":"Lonz\u00e9e","column_3":4.7273547,"column_4":50.5533536,"municipality_name_french":"Gembloux","arrondissement":"Arrondissement de Namur","province":"Province de Namur"}},{"type":"Feature","geometry":{"type":"Point","coordinates":[4.7609593378472,50.57820735]},"properties":{"column_1":"5031","column_2":"Grand-Leez","column_3":4.7609593378472,"column_4":50.57820735,"municipality_name_french":"Gembloux","arrondissement":"Arrondissement de Namur","province":"Province de Namur"}},{"type":"Feature","geometry":{"type":"Point","coordinates":[4.6546979,50.5359706]},"properties":{"column_1":"5032","column_2":"Corroy-Le-Ch\u00e2teau","column_3":4.6546979,"column_4":50.5359706,"municipality_name_french":"Gembloux","arrondissement":"Arrondissement de Namur","province":"Province de Namur"}},{"type":"Feature","geometry":{"type":"Point","coordinates":[4.621259,50.4182456]},"properties":{"column_1":"5060","column_2":"Falisolle","column_3":4.621259,"column_4":50.4182456,"municipality_name_french":"Sambreville","arrondissement":"Arrondissement de Namur","province":"Province de Namur"}},{"type":"Feature","geometry":{"type":"Point","coordinates":[4.8345691476021,50.5379166]},"properties":{"column_1":"5080","column_2":"Villers-Lez-Heest","column_3":4.8345691476021,"column_4":50.5379166,"municipality_name_french":"La Bruy\u00e8re","arrondissement":"Arrondissement de Namur","province":"Province de Namur"}},{"type":"Feature","geometry":{"type":"Point","coordinates":[4.9043004277231,50.4110871]},"properties":{"column_1":"5100","column_2":"Dave","column_3":4.9043004277231,"column_4":50.4110871,"municipality_name_french":"Namur","arrondissement":"Arrondissement de Namur","province":"Province de Namur"}},{"type":"Feature","geometry":{"type":"Point","coordinates":[4.9409795174479,50.4580989]},"properties":{"column_1":"5101","column_2":"Loyers","column_3":4.9409795174479,"column_4":50.4580989,"municipality_name_french":"Namur","arrondissement":"Arrondissement de Namur","province":"Province de Namur"}},{"type":"Feature","geometry":{"type":"Point","coordinates":[4.820627,50.365529]},"properties":{"column_1":"5170","column_2":"Arbre","column_3":4.820627,"column_4":50.365529,"municipality_name_french":"Profondeville","arrondissement":"Arrondissement de Namur","province":"Province de Namur"}},{"type":"Feature","geometry":{"type":"Point","coordinates":[4.8965971,50.379305]},"properties":{"column_1":"5170","column_2":"Lustin","column_3":4.8965971,"column_4":50.379305,"municipality_name_french":"Profondeville","arrondissement":"Arrondissement de Namur","province":"Province de Namur"}},{"type":"Feature","geometry":{"type":"Point","coordinates":[4.6734915,50.44449]},"properties":{"column_1":"5190","column_2":"Ham-Sur-Sambre","column_3":4.6734915,"column_4":50.44449,"municipality_name_french":"Jemeppe-sur-Sambre","arrondissement":"Arrondissement de Namur","province":"Province de Namur"}},{"type":"Feature","geometry":{"type":"Point","coordinates":[4.6545986012407,50.46299585]},"properties":{"column_1":"5190","column_2":"Jemeppe-Sur-Sambre","column_3":4.6545986012407,"column_4":50.46299585,"municipality_name_french":"Jemeppe-sur-Sambre","arrondissement":"Arrondissement de Namur","province":"Province de Namur"}},{"type":"Feature","geometry":{"type":"Point","coordinates":[4.7043344,50.4555129]},"properties":{"column_1":"5190","column_2":"Mornimont","column_3":4.7043344,"column_4":50.4555129,"municipality_name_french":"Jemeppe-sur-Sambre","arrondissement":"Arrondissement de Namur","province":"Province de Namur"}},{"type":"Feature","geometry":{"type":"Point","coordinates":[4.6967162,50.4660542]},"properties":{"column_1":"5190","column_2":"Moustier-Sur-Sambre","column_3":4.6967162,"column_4":50.4660542,"municipality_name_french":"Jemeppe-sur-Sambre","arrondissement":"Arrondissement de Namur","province":"Province de Namur"}},{"type":"Feature","geometry":{"type":"Point","coordinates":[4.6696856,50.4923374]},"properties":{"column_1":"5190","column_2":"Onoz","column_3":4.6696856,"column_4":50.4923374,"municipality_name_french":"Jemeppe-sur-Sambre","arrondissement":"Arrondissement de Namur","province":"Province de Namur"}},{"type":"Feature","geometry":{"type":"Point","coordinates":[5.1169603,50.4636595]},"properties":{"column_1":"5300","column_2":"Coutisse","column_3":5.1169603,"column_4":50.4636595,"municipality_name_french":"Andenne","arrondissement":"Arrondissement de Namur","province":"Province de Namur"}},{"type":"Feature","geometry":{"type":"Point","coordinates":[5.0133577,50.4641615]},"properties":{"column_1":"5300","column_2":"Thon","column_3":5.0133577,"column_4":50.4641615,"municipality_name_french":"Andenne","arrondissement":"Arrondissement de Namur","province":"Province de Namur"}},{"type":"Feature","geometry":{"type":"Point","coordinates":[4.8359955,50.5988682]},"properties":{"column_1":"5310","column_2":"Aische-En-Refail","column_3":4.8359955,"column_4":50.5988682,"municipality_name_french":"\u00c9ghez\u00e9e","arrondissement":"Arrondissement de Namur","province":"Province de Namur"}},{"type":"Feature","geometry":{"type":"Point","coordinates":[4.8573789,50.5596814]},"properties":{"column_1":"5310","column_2":"Dhuy","column_3":4.8573789,"column_4":50.5596814,"municipality_name_french":"\u00c9ghez\u00e9e","arrondissement":"Arrondissement de Namur","province":"Province de Namur"}},{"type":"Feature","geometry":{"type":"Point","coordinates":[4.9049523,50.5917416]},"properties":{"column_1":"5310","column_2":"Eghez\u00e9e","column_3":4.9049523,"column_4":50.5917416,"municipality_name_french":"\u00c9ghez\u00e9e","arrondissement":"Arrondissement de Namur","province":"Province de Namur"}},{"type":"Feature","geometry":{"type":"Point","coordinates":[4.9103111,50.5605615]},"properties":{"column_1":"5310","column_2":"Leuze","column_3":4.9103111,"column_4":50.5605615,"municipality_name_french":"\u00c9ghez\u00e9e","arrondissement":"Arrondissement de Namur","province":"Province de Namur"}},{"type":"Feature","geometry":{"type":"Point","coordinates":[4.8962185,50.5772925]},"properties":{"column_1":"5310","column_2":"Longchamps","column_3":4.8962185,"column_4":50.5772925,"municipality_name_french":"\u00c9ghez\u00e9e","arrondissement":"Arrondissement de Namur","province":"Province de Namur"}},{"type":"Feature","geometry":{"type":"Point","coordinates":[4.8653991,50.5756144]},"properties":{"column_1":"5310","column_2":"Upigny","column_3":4.8653991,"column_4":50.5756144,"municipality_name_french":"\u00c9ghez\u00e9e","arrondissement":"Arrondissement de Namur","province":"Province de Namur"}},{"type":"Feature","geometry":{"type":"Point","coordinates":[4.9506941,50.405155]},"properties":{"column_1":"5330","column_2":"Sart-Bernard","column_3":4.9506941,"column_4":50.405155,"municipality_name_french":"Assesse","arrondissement":"Arrondissement de Namur","province":"Province de Namur"}},{"type":"Feature","geometry":{"type":"Point","coordinates":[5.0294375,50.3896858]},"properties":{"column_1":"5333","column_2":"Sorinne-La-Longue","column_3":5.0294375,"column_4":50.3896858,"municipality_name_french":"Assesse","arrondissement":"Arrondissement de Namur","province":"Province de Namur"}},{"type":"Feature","geometry":{"type":"Point","coordinates":[5.0704373,50.3730757]},"properties":{"column_1":"5334","column_2":"Flor\u00e9e","column_3":5.0704373,"column_4":50.3730757,"municipality_name_french":"Assesse","arrondissement":"Arrondissement de Namur","province":"Province de Namur"}},{"type":"Feature","geometry":{"type":"Point","coordinates":[5.0562173,50.3413559]},"properties":{"column_1":"5360","column_2":"Natoye","column_3":5.0562173,"column_4":50.3413559,"municipality_name_french":"Hamois","arrondissement":"Arrondissement de Dinant","province":"Province de Namur"}},{"type":"Feature","geometry":{"type":"Point","coordinates":[5.2094413,50.3079186]},"properties":{"column_1":"5361","column_2":"Scy","column_3":5.2094413,"column_4":50.3079186,"municipality_name_french":"Hamois","arrondissement":"Arrondissement de Dinant","province":"Province de Namur"}},{"type":"Feature","geometry":{"type":"Point","coordinates":[5.1751963,50.3334777]},"properties":{"column_1":"5362","column_2":"Achet","column_3":5.1751963,"column_4":50.3334777,"municipality_name_french":"Hamois","arrondissement":"Arrondissement de Dinant","province":"Province de Namur"}},{"type":"Feature","geometry":{"type":"Point","coordinates":[5.279464,50.24859]},"properties":{"column_1":"5377","column_2":"Hogne","column_3":5.279464,"column_4":50.24859,"municipality_name_french":"Somme-Leuze","arrondissement":"Arrondissement de Dinant","province":"Province de Namur"}},{"type":"Feature","geometry":{"type":"Point","coordinates":[5.3737372,50.2976637]},"properties":{"column_1":"5377","column_2":"Noiseux","column_3":5.3737372,"column_4":50.2976637,"municipality_name_french":"Somme-Leuze","arrondissement":"Arrondissement de Dinant","province":"Province de Namur"}},{"type":"Feature","geometry":{"type":"Point","coordinates":[4.9746742,50.548118]},"properties":{"column_1":"5380","column_2":"Fernelmont","column_3":4.9746742,"column_4":50.548118,"municipality_name_french":"Fernelmont","arrondissement":"Arrondissement de Namur","province":"Province de Namur"}},{"type":"Feature","geometry":{"type":"Point","coordinates":[4.982708,50.5555805]},"properties":{"column_1":"5380","column_2":"Noville-Les-Bois","column_3":4.982708,"column_4":50.5555805,"municipality_name_french":"Fernelmont","arrondissement":"Arrondissement de Namur","province":"Province de Namur"}},{"type":"Feature","geometry":{"type":"Point","coordinates":[4.946342,50.544287]},"properties":{"column_1":"5380","column_2":"Tillier","column_3":4.946342,"column_4":50.544287,"municipality_name_french":"Fernelmont","arrondissement":"Arrondissement de Namur","province":"Province de Namur"}},{"type":"Feature","geometry":{"type":"Point","coordinates":[4.91242,50.2608166]},"properties":{"column_1":"5500","column_2":"Dinant","column_3":4.91242,"column_4":50.2608166,"municipality_name_french":"Dinant","arrondissement":"Arrondissement de Dinant","province":"Province de Namur"}},{"type":"Feature","geometry":{"type":"Point","coordinates":[4.9882689,50.2798224]},"properties":{"column_1":"5502","column_2":"Thynes","column_3":4.9882689,"column_4":50.2798224,"municipality_name_french":"Dinant","arrondissement":"Arrondissement de Dinant","province":"Province de Namur"}},{"type":"Feature","geometry":{"type":"Point","coordinates":[4.840864,50.2435657]},"properties":{"column_1":"5520","column_2":"Onhaye","column_3":4.840864,"column_4":50.2435657,"municipality_name_french":"Onhaye","arrondissement":"Arrondissement de Dinant","province":"Province de Namur"}},{"type":"Feature","geometry":{"type":"Point","coordinates":[4.8158102,50.2452911]},"properties":{"column_1":"5524","column_2":"Gerin","column_3":4.8158102,"column_4":50.2452911,"municipality_name_french":"Onhaye","arrondissement":"Arrondissement de Dinant","province":"Province de Namur"}},{"type":"Feature","geometry":{"type":"Point","coordinates":[4.8978933,50.3031942]},"properties":{"column_1":"5530","column_2":"Houx","column_3":4.8978933,"column_4":50.3031942,"municipality_name_french":"Yvoir","arrondissement":"Arrondissement de Dinant","province":"Province de Namur"}},{"type":"Feature","geometry":{"type":"Point","coordinates":[4.7512903,50.3179627]},"properties":{"column_1":"5537","column_2":"Den\u00e9e","column_3":4.7512903,"column_4":50.3179627,"municipality_name_french":"Anh\u00e9e","arrondissement":"Arrondissement de Dinant","province":"Province de Namur"}},{"type":"Feature","geometry":{"type":"Point","coordinates":[4.8417104,50.3053165]},"properties":{"column_1":"5537","column_2":"Haut-Le-Wastia","column_3":4.8417104,"column_4":50.3053165,"municipality_name_french":"Anh\u00e9e","arrondissement":"Arrondissement de Dinant","province":"Province de Namur"}},{"type":"Feature","geometry":{"type":"Point","coordinates":[4.8189189,50.1967082]},"properties":{"column_1":"5540","column_2":"Hermeton-Sur-Meuse","column_3":4.8189189,"column_4":50.1967082,"municipality_name_french":"Hasti\u00e8re","arrondissement":"Arrondissement de Dinant","province":"Province de Namur"}},{"type":"Feature","geometry":{"type":"Point","coordinates":[4.8294854,50.2150767]},"properties":{"column_1":"5541","column_2":"Hasti\u00e8re-Par-Del\u00e0","column_3":4.8294854,"column_4":50.2150767,"municipality_name_french":"Hasti\u00e8re","arrondissement":"Arrondissement de Dinant","province":"Province de Namur"}},{"type":"Feature","geometry":{"type":"Point","coordinates":[4.831747,50.161698]},"properties":{"column_1":"5543","column_2":"Heer","column_3":4.831747,"column_4":50.161698,"municipality_name_french":"Hasti\u00e8re","arrondissement":"Arrondissement de Dinant","province":"Province de Namur"}},{"type":"Feature","geometry":{"type":"Point","coordinates":[4.9726784,49.8421207]},"properties":{"column_1":"5550","column_2":"Alle","column_3":4.9726784,"column_4":49.8421207,"municipality_name_french":"Vresse-sur-Semois","arrondissement":"Arrondissement de Dinant","province":"Province de Namur"}},{"type":"Feature","geometry":{"type":"Point","coordinates":[4.9294849,49.8639125]},"properties":{"column_1":"5550","column_2":"Laforet","column_3":4.9294849,"column_4":49.8639125,"municipality_name_french":"Vresse-sur-Semois","arrondissement":"Arrondissement de Dinant","province":"Province de Namur"}},{"type":"Feature","geometry":{"type":"Point","coordinates":[4.9340633,49.8729769]},"properties":{"column_1":"5550","column_2":"Vresse-Sur-Semois","column_3":4.9340633,"column_4":49.8729769,"municipality_name_french":"Vresse-sur-Semois","arrondissement":"Arrondissement de Dinant","province":"Province de Namur"}},{"type":"Feature","geometry":{"type":"Point","coordinates":[4.973101,49.9177]},"properties":{"column_1":"5555","column_2":"Bellefontaine","column_3":4.973101,"column_4":49.9177,"municipality_name_french":"Bi\u00e8vre","arrondissement":"Arrondissement de Dinant","province":"Province de Namur"}},{"type":"Feature","geometry":{"type":"Point","coordinates":[5.0674675,49.9514336]},"properties":{"column_1":"5555","column_2":"Graide","column_3":5.0674675,"column_4":49.9514336,"municipality_name_french":"Bi\u00e8vre","arrondissement":"Arrondissement de Dinant","province":"Province de Namur"}},{"type":"Feature","geometry":{"type":"Point","coordinates":[5.0894297,49.9226206]},"properties":{"column_1":"5555","column_2":"Naom\u00e9","column_3":5.0894297,"column_4":49.9226206,"municipality_name_french":"Bi\u00e8vre","arrondissement":"Arrondissement de Dinant","province":"Province de Namur"}},{"type":"Feature","geometry":{"type":"Point","coordinates":[5.0089274,49.8934868]},"properties":{"column_1":"5555","column_2":"Oizy","column_3":5.0089274,"column_4":49.8934868,"municipality_name_french":"Bi\u00e8vre","arrondissement":"Arrondissement de Dinant","province":"Province de Namur"}},{"type":"Feature","geometry":{"type":"Point","coordinates":[5.0899109,50.1666464]},"properties":{"column_1":"5560","column_2":"Ciergnon","column_3":5.0899109,"column_4":50.1666464,"municipality_name_french":"Houyet","arrondissement":"Arrondissement de Dinant","province":"Province de Namur"}},{"type":"Feature","geometry":{"type":"Point","coordinates":[4.9452635,50.1581671]},"properties":{"column_1":"5560","column_2":"Finnevaux","column_3":4.9452635,"column_4":50.1581671,"municipality_name_french":"Houyet","arrondissement":"Arrondissement de Dinant","province":"Province de Namur"}},{"type":"Feature","geometry":{"type":"Point","coordinates":[4.9616357,50.1635695]},"properties":{"column_1":"5560","column_2":"Mesnil-Eglise","column_3":4.9616357,"column_4":50.1635695,"municipality_name_french":"Houyet","arrondissement":"Arrondissement de Dinant","province":"Province de Namur"}},{"type":"Feature","geometry":{"type":"Point","coordinates":[4.8854633,50.1671763]},"properties":{"column_1":"5560","column_2":"Mesnil-Saint-Blaise","column_3":4.8854633,"column_4":50.1671763,"municipality_name_french":"Houyet","arrondissement":"Arrondissement de Dinant","province":"Province de Namur"}},{"type":"Feature","geometry":{"type":"Point","coordinates":[5.0484175,50.2117661]},"properties":{"column_1":"5562","column_2":"Custinne","column_3":5.0484175,"column_4":50.2117661,"municipality_name_french":"Houyet","arrondissement":"Arrondissement de Dinant","province":"Province de Namur"}},{"type":"Feature","geometry":{"type":"Point","coordinates":[4.9576144,50.1105211]},"properties":{"column_1":"5570","column_2":"Beauraing","column_3":4.9576144,"column_4":50.1105211,"municipality_name_french":"Beauraing","arrondissement":"Arrondissement de Dinant","province":"Province de Namur"}},{"type":"Feature","geometry":{"type":"Point","coordinates":[4.9800374,50.0608665]},"properties":{"column_1":"5570","column_2":"Von\u00eache","column_3":4.9800374,"column_4":50.0608665,"municipality_name_french":"Beauraing","arrondissement":"Arrondissement de Dinant","province":"Province de Namur"}},{"type":"Feature","geometry":{"type":"Point","coordinates":[4.9276767,49.960145]},"properties":{"column_1":"5575","column_2":"Louette-Saint-Pierre","column_3":4.9276767,"column_4":49.960145,"municipality_name_french":"Gedinne","arrondissement":"Arrondissement de Dinant","province":"Province de Namur"}},{"type":"Feature","geometry":{"type":"Point","coordinates":[4.9521201,49.9999798]},"properties":{"column_1":"5575","column_2":"Patignies","column_3":4.9521201,"column_4":49.9999798,"municipality_name_french":"Gedinne","arrondissement":"Arrondissement de Dinant","province":"Province de Namur"}},{"type":"Feature","geometry":{"type":"Point","coordinates":[4.9198406,50.0323702]},"properties":{"column_1":"5575","column_2":"Vencimont","column_3":4.9198406,"column_4":50.0323702,"municipality_name_french":"Gedinne","arrondissement":"Arrondissement de Dinant","province":"Province de Namur"}},{"type":"Feature","geometry":{"type":"Point","coordinates":[5.0458772,50.2668644]},"properties":{"column_1":"5590","column_2":"Ach\u00eane","column_3":5.0458772,"column_4":50.2668644,"municipality_name_french":"Ciney","arrondissement":"Arrondissement de Dinant","province":"Province de Namur"}},{"type":"Feature","geometry":{"type":"Point","coordinates":[5.0349178,50.296303]},"properties":{"column_1":"5590","column_2":"Sovet","column_3":5.0349178,"column_4":50.296303,"municipality_name_french":"Ciney","arrondissement":"Arrondissement de Dinant","province":"Province de Namur"}},{"type":"Feature","geometry":{"type":"Point","coordinates":[4.531286,50.2180956]},"properties":{"column_1":"5600","column_2":"Jamagne","column_3":4.531286,"column_4":50.2180956,"municipality_name_french":"Philippeville","arrondissement":"Arrondissement de Philippeville","province":"Province de Namur"}},{"type":"Feature","geometry":{"type":"Point","coordinates":[4.6962604,50.1824646]},"properties":{"column_1":"5600","column_2":"Surice","column_3":4.6962604,"column_4":50.1824646,"municipality_name_french":"Philippeville","arrondissement":"Arrondissement de Philippeville","province":"Province de Namur"}},{"type":"Feature","geometry":{"type":"Point","coordinates":[4.7134091,50.2496186]},"properties":{"column_1":"5620","column_2":"Flavion","column_3":4.7134091,"column_4":50.2496186,"municipality_name_french":"Florennes","arrondissement":"Arrondissement de Philippeville","province":"Province de Namur"}},{"type":"Feature","geometry":{"type":"Point","coordinates":[4.5631279,50.2282738]},"properties":{"column_1":"5620","column_2":"Hemptinne-Lez-Florennes","column_3":4.5631279,"column_4":50.2282738,"municipality_name_french":"Florennes","arrondissement":"Arrondissement de Philippeville","province":"Province de Namur"}},{"type":"Feature","geometry":{"type":"Point","coordinates":[4.455439,50.218825]},"properties":{"column_1":"5630","column_2":"Daussois","column_3":4.455439,"column_4":50.218825,"municipality_name_french":"Cerfontaine","arrondissement":"Arrondissement de Philippeville","province":"Province de Namur"}},{"type":"Feature","geometry":{"type":"Point","coordinates":[4.6584949,50.3212094]},"properties":{"column_1":"5640","column_2":"Mettet","column_3":4.6584949,"column_4":50.3212094,"municipality_name_french":"Mettet","arrondissement":"Arrondissement de Namur","province":"Province de Namur"}},{"type":"Feature","geometry":{"type":"Point","coordinates":[4.4592009,50.2649096]},"properties":{"column_1":"5650","column_2":"Chastr\u00e8s","column_3":4.4592009,"column_4":50.2649096,"municipality_name_french":"Walcourt","arrondissement":"Arrondissement de Philippeville","province":"Province de Namur"}},{"type":"Feature","geometry":{"type":"Point","coordinates":[4.4950207,50.2778386]},"properties":{"column_1":"5651","column_2":"Laneffe","column_3":4.4950207,"column_4":50.2778386,"municipality_name_french":"Walcourt","arrondissement":"Arrondissement de Philippeville","province":"Province de Namur"}},{"type":"Feature","geometry":{"type":"Point","coordinates":[4.5105493,50.0796144]},"properties":{"column_1":"5660","column_2":"Frasnes","column_3":4.5105493,"column_4":50.0796144,"municipality_name_french":"Couvin","arrondissement":"Arrondissement de Philippeville","province":"Province de Namur"}},{"type":"Feature","geometry":{"type":"Point","coordinates":[4.607218,50.0726831]},"properties":{"column_1":"5670","column_2":"Olloy-Sur-Viroin","column_3":4.607218,"column_4":50.0726831,"municipality_name_french":"Viroinval","arrondissement":"Arrondissement de Philippeville","province":"Province de Namur"}},{"type":"Feature","geometry":{"type":"Point","coordinates":[4.6692715,50.0922698]},"properties":{"column_1":"5670","column_2":"Treignes","column_3":4.6692715,"column_4":50.0922698,"municipality_name_french":"Viroinval","arrondissement":"Arrondissement de Philippeville","province":"Province de Namur"}},{"type":"Feature","geometry":{"type":"Point","coordinates":[4.6270287,50.0516361]},"properties":{"column_1":"5670","column_2":"Viroinval","column_3":4.6270287,"column_4":50.0516361,"municipality_name_french":"Viroinval","arrondissement":"Arrondissement de Philippeville","province":"Province de Namur"}},{"type":"Feature","geometry":{"type":"Point","coordinates":[4.7026857,50.1177554]},"properties":{"column_1":"5680","column_2":"Niverl\u00e9e","column_3":4.7026857,"column_4":50.1177554,"municipality_name_french":"Doische","arrondissement":"Arrondissement de Philippeville","province":"Province de Namur"}},{"type":"Feature","geometry":{"type":"Point","coordinates":[4.4442531,50.3977245]},"properties":{"column_1":"6001","column_2":"Marcinelle","column_3":4.4442531,"column_4":50.3977245,"municipality_name_french":"Charleroi","arrondissement":"Arrondissement de Charleroi","province":"Province du Hainaut"}},{"type":"Feature","geometry":{"type":"Point","coordinates":[4.4489421,50.431853]},"properties":{"column_1":"6042","column_2":"Lodelinsart","column_3":4.4489421,"column_4":50.431853,"municipality_name_french":"Charleroi","arrondissement":"Arrondissement de Charleroi","province":"Province du Hainaut"}},{"type":"Feature","geometry":{"type":"Point","coordinates":[4.3602314806535,50.369072045553]},"properties":{"column_1":"6110","column_2":"Montigny-Le-Tilleul","column_3":4.3602314806535,"column_4":50.369072045553,"municipality_name_french":"Montigny-le-Tilleul","arrondissement":"Arrondissement de Charleroi","province":"Province du Hainaut"}},{"type":"Feature","geometry":{"type":"Point","coordinates":[4.3889214,50.3219897]},"properties":{"column_1":"6120","column_2":"Ham-Sur-Heure","column_3":4.3889214,"column_4":50.3219897,"municipality_name_french":"Ham-sur-Heure-Nalinnes","arrondissement":"Arrondissement de Thuin","province":"Province du Hainaut"}},{"type":"Feature","geometry":{"type":"Point","coordinates":[4.3239637925238,50.411224661019]},"properties":{"column_1":"6140","column_2":"Fontaine-L'ev\u00eaque","column_3":4.3239637925238,"column_4":50.411224661019,"municipality_name_french":"Fontaine-l'\u00c9v\u00eaque","arrondissement":"Arrondissement de Charleroi","province":"Province du Hainaut"}},{"type":"Feature","geometry":{"type":"Point","coordinates":[4.4054735658856,50.543725]},"properties":{"column_1":"6210","column_2":"R\u00e8ves","column_3":4.4054735658856,"column_4":50.543725,"municipality_name_french":"Les Bons Villers","arrondissement":"Arrondissement de Charleroi","province":"Province du Hainaut"}},{"type":"Feature","geometry":{"type":"Point","coordinates":[4.5446545325944,50.47194905]},"properties":{"column_1":"6220","column_2":"Fleurus","column_3":4.5446545325944,"column_4":50.47194905,"municipality_name_french":"Fleurus","arrondissement":"Arrondissement de Charleroi","province":"Province du Hainaut"}},{"type":"Feature","geometry":{"type":"Point","coordinates":[4.5319238043004,50.5111679]},"properties":{"column_1":"6221","column_2":"Saint-Amand","column_3":4.5319238043004,"column_4":50.5111679,"municipality_name_french":"Fleurus","arrondissement":"Arrondissement de Charleroi","province":"Province du Hainaut"}},{"type":"Feature","geometry":{"type":"Point","coordinates":[4.561356496071,50.53007005]},"properties":{"column_1":"6222","column_2":"Brye","column_3":4.561356496071,"column_4":50.53007005,"municipality_name_french":"Fleurus","arrondissement":"Arrondissement de Charleroi","province":"Province du Hainaut"}},{"type":"Feature","geometry":{"type":"Point","coordinates":[4.3888817117527,50.51456265]},"properties":{"column_1":"6238","column_2":"Luttre","column_3":4.3888817117527,"column_4":50.51456265,"municipality_name_french":"Pont-\u00e0-Celles","arrondissement":"Arrondissement de Charleroi","province":"Province du Hainaut"}},{"type":"Feature","geometry":{"type":"Point","coordinates":[4.5771625,50.3544437]},"properties":{"column_1":"6280","column_2":"Gougnies","column_3":4.5771625,"column_4":50.3544437,"municipality_name_french":"Gerpinnes","arrondissement":"Arrondissement de Charleroi","province":"Province du Hainaut"}},{"type":"Feature","geometry":{"type":"Point","coordinates":[4.3059105,50.198614]},"properties":{"column_1":"6440","column_2":"Vergnies","column_3":4.3059105,"column_4":50.198614,"municipality_name_french":"Froidchapelle","arrondissement":"Arrondissement de Thuin","province":"Province du Hainaut"}},{"type":"Feature","geometry":{"type":"Point","coordinates":[4.3329805,50.0648008]},"properties":{"column_1":"6461","column_2":"Virelles","column_3":4.3329805,"column_4":50.0648008,"municipality_name_french":"Chimay","arrondissement":"Arrondissement de Thuin","province":"Province du Hainaut"}},{"type":"Feature","geometry":{"type":"Point","coordinates":[4.3790041,50.0642146]},"properties":{"column_1":"6463","column_2":"Lompret","column_3":4.3790041,"column_4":50.0642146,"municipality_name_french":"Chimay","arrondissement":"Arrondissement de Thuin","province":"Province du Hainaut"}},{"type":"Feature","geometry":{"type":"Point","coordinates":[4.3755329,50.0298544]},"properties":{"column_1":"6464","column_2":"Baileux","column_3":4.3755329,"column_4":50.0298544,"municipality_name_french":"Chimay","arrondissement":"Arrondissement de Thuin","province":"Province du Hainaut"}},{"type":"Feature","geometry":{"type":"Point","coordinates":[4.341293,50.027359]},"properties":{"column_1":"6464","column_2":"Bourlers","column_3":4.341293,"column_4":50.027359,"municipality_name_french":"Chimay","arrondissement":"Arrondissement de Thuin","province":"Province du Hainaut"}},{"type":"Feature","geometry":{"type":"Point","coordinates":[4.3211041,50.022579]},"properties":{"column_1":"6464","column_2":"Forges","column_3":4.3211041,"column_4":50.022579,"municipality_name_french":"Chimay","arrondissement":"Arrondissement de Thuin","province":"Province du Hainaut"}},{"type":"Feature","geometry":{"type":"Point","coordinates":[4.226143,50.163816]},"properties":{"column_1":"6470","column_2":"Sautin","column_3":4.226143,"column_4":50.163816,"municipality_name_french":"Sivry-Rance","arrondissement":"Arrondissement de Thuin","province":"Province du Hainaut"}},{"type":"Feature","geometry":{"type":"Point","coordinates":[4.196155,50.224642]},"properties":{"column_1":"6500","column_2":"Leugnies","column_3":4.196155,"column_4":50.224642,"municipality_name_french":"Beaumont","arrondissement":"Arrondissement de Thuin","province":"Province du Hainaut"}},{"type":"Feature","geometry":{"type":"Point","coordinates":[4.2289677,50.2349363]},"properties":{"column_1":"6500","column_2":"Leval-Chaudeville","column_3":4.2289677,"column_4":50.2349363,"municipality_name_french":"Beaumont","arrondissement":"Arrondissement de Thuin","province":"Province du Hainaut"}},{"type":"Feature","geometry":{"type":"Point","coordinates":[4.246304,50.216245]},"properties":{"column_1":"6500","column_2":"Solre-Saint-G\u00e9ry","column_3":4.246304,"column_4":50.216245,"municipality_name_french":"Beaumont","arrondissement":"Arrondissement de Thuin","province":"Province du Hainaut"}},{"type":"Feature","geometry":{"type":"Point","coordinates":[4.2870475,50.3397445]},"properties":{"column_1":"6530","column_2":"Thuin","column_3":4.2870475,"column_4":50.3397445,"municipality_name_french":"Thuin","arrondissement":"Arrondissement de Thuin","province":"Province du Hainaut"}},{"type":"Feature","geometry":{"type":"Point","coordinates":[4.1241436,50.3102184]},"properties":{"column_1":"6560","column_2":"Erquelinnes","column_3":4.1241436,"column_4":50.3102184,"municipality_name_french":"Erquelinnes","arrondissement":"Arrondissement de Thuin","province":"Province du Hainaut"}},{"type":"Feature","geometry":{"type":"Point","coordinates":[4.1558267,50.3067709]},"properties":{"column_1":"6560","column_2":"Solre-Sur-Sambre","column_3":4.1558267,"column_4":50.3067709,"municipality_name_french":"Erquelinnes","arrondissement":"Arrondissement de Thuin","province":"Province du Hainaut"}},{"type":"Feature","geometry":{"type":"Point","coordinates":[5.5824265,49.957603]},"properties":{"column_1":"6640","column_2":"Morhet","column_3":5.5824265,"column_4":49.957603,"municipality_name_french":"Vaux-sur-S\u00fbre","arrondissement":"Arrondissement de Bastogne","province":"Province du Luxembourg"}},{"type":"Feature","geometry":{"type":"Point","coordinates":[5.7909538,50.5341607]},"properties":{"column_1":"6661","column_2":"Mont","column_3":5.7909538,"column_4":50.5341607,"municipality_name_french":"Houffalize","arrondissement":"Arrondissement de Verviers","province":"Province de Li\u00e8ge"}},{"type":"Feature","geometry":{"type":"Point","coordinates":[5.811919,49.6827625]},"properties":{"column_1":"6700","column_2":"Arlon","column_3":5.811919,"column_4":49.6827625,"municipality_name_french":"Arlon","arrondissement":"Arrondissement d\u2019Arlon","province":"Province du Luxembourg"}},{"type":"Feature","geometry":{"type":"Point","coordinates":[5.7861375,49.7717529]},"properties":{"column_1":"6717","column_2":"Nothomb","column_3":5.7861375,"column_4":49.7717529,"municipality_name_french":"Attert","arrondissement":"Arrondissement d\u2019Arlon","province":"Province du Luxembourg"}},{"type":"Feature","geometry":{"type":"Point","coordinates":[5.5843337,49.7189016]},"properties":{"column_1":"6724","column_2":"Houdemont","column_3":5.5843337,"column_4":49.7189016,"municipality_name_french":"Habay","arrondissement":"Arrondissement de Virton","province":"Province du Luxembourg"}},{"type":"Feature","geometry":{"type":"Point","coordinates":[5.5185152,49.6820986]},"properties":{"column_1":"6730","column_2":"Tintigny","column_3":5.5185152,"column_4":49.6820986,"municipality_name_french":"Tintigny","arrondissement":"Arrondissement de Virton","province":"Province du Luxembourg"}},{"type":"Feature","geometry":{"type":"Point","coordinates":[5.5942184,49.6478969]},"properties":{"column_1":"6743","column_2":"Buzenol","column_3":5.5942184,"column_4":49.6478969,"municipality_name_french":"\u00c9talle","arrondissement":"Arrondissement de Virton","province":"Province du Luxembourg"}},{"type":"Feature","geometry":{"type":"Point","coordinates":[5.6403955,49.5528606]},"properties":{"column_1":"6750","column_2":"Signeulx","column_3":5.6403955,"column_4":49.5528606,"municipality_name_french":"Musson","arrondissement":"Arrondissement de Virton","province":"Province du Luxembourg"}},{"type":"Feature","geometry":{"type":"Point","coordinates":[5.5937884,49.5376723]},"properties":{"column_1":"6760","column_2":"Ruette","column_3":5.5937884,"column_4":49.5376723,"municipality_name_french":"Virton","arrondissement":"Arrondissement de Virton","province":"Province du Luxembourg"}},{"type":"Feature","geometry":{"type":"Point","coordinates":[5.5284511,49.5577562]},"properties":{"column_1":"6762","column_2":"Saint-Mard","column_3":5.5284511,"column_4":49.5577562,"municipality_name_french":"Virton","arrondissement":"Arrondissement de Virton","province":"Province du Luxembourg"}},{"type":"Feature","geometry":{"type":"Point","coordinates":[5.4979579,49.5553011]},"properties":{"column_1":"6767","column_2":"Dampicourt","column_3":5.4979579,"column_4":49.5553011,"municipality_name_french":"Rouvroy","arrondissement":"Arrondissement de Virton","province":"Province du Luxembourg"}},{"type":"Feature","geometry":{"type":"Point","coordinates":[5.4735035,49.5085018]},"properties":{"column_1":"6767","column_2":"Torgny","column_3":5.4735035,"column_4":49.5085018,"municipality_name_french":"Rouvroy","arrondissement":"Arrondissement de Virton","province":"Province du Luxembourg"}},{"type":"Feature","geometry":{"type":"Point","coordinates":[5.4287902,49.6184295]},"properties":{"column_1":"6769","column_2":"G\u00e9rouville","column_3":5.4287902,"column_4":49.6184295,"municipality_name_french":"Meix-devant-Virton","arrondissement":"Arrondissement de Virton","province":"Province du Luxembourg"}},{"type":"Feature","geometry":{"type":"Point","coordinates":[5.7983045,49.6350021]},"properties":{"column_1":"6780","column_2":"Wolkrange","column_3":5.7983045,"column_4":49.6350021,"municipality_name_french":"Messancy","arrondissement":"Arrondissement d\u2019Arlon","province":"Province du Luxembourg"}},{"type":"Feature","geometry":{"type":"Point","coordinates":[5.848409,49.6081105]},"properties":{"column_1":"6781","column_2":"S\u00e9lange","column_3":5.848409,"column_4":49.6081105,"municipality_name_french":"Messancy","arrondissement":"Arrondissement d\u2019Arlon","province":"Province du Luxembourg"}},{"type":"Feature","geometry":{"type":"Point","coordinates":[5.804352,49.5675296]},"properties":{"column_1":"6790","column_2":"Aubange","column_3":5.804352,"column_4":49.5675296,"municipality_name_french":"Aubange","arrondissement":"Arrondissement d\u2019Arlon","province":"Province du Luxembourg"}},{"type":"Feature","geometry":{"type":"Point","coordinates":[5.7248143,49.5903125]},"properties":{"column_1":"6792","column_2":"Rachecourt","column_3":5.7248143,"column_4":49.5903125,"municipality_name_french":"Aubange","arrondissement":"Arrondissement d\u2019Arlon","province":"Province du Luxembourg"}},{"type":"Feature","geometry":{"type":"Point","coordinates":[5.3394252,49.738581]},"properties":{"column_1":"6810","column_2":"Chiny","column_3":5.3394252,"column_4":49.738581,"municipality_name_french":"Chiny","arrondissement":"Arrondissement de Virton","province":"Province du Luxembourg"}},{"type":"Feature","geometry":{"type":"Point","coordinates":[5.420477,49.6958089]},"properties":{"column_1":"6810","column_2":"Jamoigne","column_3":5.420477,"column_4":49.6958089,"municipality_name_french":"Chiny","arrondissement":"Arrondissement de Virton","province":"Province du Luxembourg"}},{"type":"Feature","geometry":{"type":"Point","coordinates":[5.3100518,49.6993182]},"properties":{"column_1":"6820","column_2":"Florenville","column_3":5.3100518,"column_4":49.6993182,"municipality_name_french":"Florenville","arrondissement":"Arrondissement de Virton","province":"Province du Luxembourg"}},{"type":"Feature","geometry":{"type":"Point","coordinates":[5.1759524,49.717679]},"properties":{"column_1":"6820","column_2":"Muno","column_3":5.1759524,"column_4":49.717679,"municipality_name_french":"Florenville","arrondissement":"Arrondissement de Virton","province":"Province du Luxembourg"}},{"type":"Feature","geometry":{"type":"Point","coordinates":[5.2429556,49.7293745]},"properties":{"column_1":"6820","column_2":"Sainte-C\u00e9cile","column_3":5.2429556,"column_4":49.7293745,"municipality_name_french":"Florenville","arrondissement":"Arrondissement de Virton","province":"Province du Luxembourg"}},{"type":"Feature","geometry":{"type":"Point","coordinates":[5.318262,49.7170106]},"properties":{"column_1":"6821","column_2":"Lacuisine","column_3":5.318262,"column_4":49.7170106,"municipality_name_french":"Florenville","arrondissement":"Arrondissement de Virton","province":"Province du Luxembourg"}},{"type":"Feature","geometry":{"type":"Point","coordinates":[5.2621817,49.7076905]},"properties":{"column_1":"6824","column_2":"Chassepierre","column_3":5.2621817,"column_4":49.7076905,"municipality_name_french":"Florenville","arrondissement":"Arrondissement de Virton","province":"Province du Luxembourg"}},{"type":"Feature","geometry":{"type":"Point","coordinates":[5.0035785,49.8115586]},"properties":{"column_1":"6830","column_2":"Poupehan","column_3":5.0035785,"column_4":49.8115586,"municipality_name_french":"Bouillon","arrondissement":"Arrondissement de Neufch\u00e2teau","province":"Province du Luxembourg"}},{"type":"Feature","geometry":{"type":"Point","coordinates":[5.4339147,49.8411765]},"properties":{"column_1":"6840","column_2":"Neufch\u00e2teau","column_3":5.4339147,"column_4":49.8411765,"municipality_name_french":"Neufch\u00e2teau","arrondissement":"Arrondissement de Neufch\u00e2teau","province":"Province du Luxembourg"}},{"type":"Feature","geometry":{"type":"Point","coordinates":[5.1220764,49.8710591]},"properties":{"column_1":"6851","column_2":"Nollevaux","column_3":5.1220764,"column_4":49.8710591,"municipality_name_french":"Paliseul","arrondissement":"Arrondissement de Neufch\u00e2teau","province":"Province du Luxembourg"}},{"type":"Feature","geometry":{"type":"Point","coordinates":[5.1201252,49.9348514]},"properties":{"column_1":"6852","column_2":"Opont","column_3":5.1201252,"column_4":49.9348514,"municipality_name_french":"Paliseul","arrondissement":"Arrondissement de Neufch\u00e2teau","province":"Province du Luxembourg"}},{"type":"Feature","geometry":{"type":"Point","coordinates":[5.1601932,49.9185629]},"properties":{"column_1":"6853","column_2":"Framont","column_3":5.1601932,"column_4":49.9185629,"municipality_name_french":"Paliseul","arrondissement":"Arrondissement de Neufch\u00e2teau","province":"Province du Luxembourg"}},{"type":"Feature","geometry":{"type":"Point","coordinates":[5.5209461,49.7671531]},"properties":{"column_1":"6860","column_2":"Mellier","column_3":5.5209461,"column_4":49.7671531,"municipality_name_french":"L\u00e9glise","arrondissement":"Arrondissement de Neufch\u00e2teau","province":"Province du Luxembourg"}},{"type":"Feature","geometry":{"type":"Point","coordinates":[5.306188,50.074242]},"properties":{"column_1":"6870","column_2":"Awenne","column_3":5.306188,"column_4":50.074242,"municipality_name_french":"Saint-Hubert","arrondissement":"Arrondissement de Neufch\u00e2teau","province":"Province du Luxembourg"}},{"type":"Feature","geometry":{"type":"Point","coordinates":[5.2653304,50.0569945]},"properties":{"column_1":"6870","column_2":"Mirwart","column_3":5.2653304,"column_4":50.0569945,"municipality_name_french":"Saint-Hubert","arrondissement":"Arrondissement de Neufch\u00e2teau","province":"Province du Luxembourg"}},{"type":"Feature","geometry":{"type":"Point","coordinates":[5.3738561,50.0251428]},"properties":{"column_1":"6870","column_2":"Saint-Hubert","column_3":5.3738561,"column_4":50.0251428,"municipality_name_french":"Saint-Hubert","arrondissement":"Arrondissement de Neufch\u00e2teau","province":"Province du Luxembourg"}},{"type":"Feature","geometry":{"type":"Point","coordinates":[5.3968709,50.0058391]},"properties":{"column_1":"6870","column_2":"Vesqueville","column_3":5.3968709,"column_4":50.0058391,"municipality_name_french":"Saint-Hubert","arrondissement":"Arrondissement de Neufch\u00e2teau","province":"Province du Luxembourg"}},{"type":"Feature","geometry":{"type":"Point","coordinates":[5.1601828,50.0077873]},"properties":{"column_1":"6890","column_2":"Redu","column_3":5.1601828,"column_4":50.0077873,"municipality_name_french":"Libin","arrondissement":"Arrondissement de Neufch\u00e2teau","province":"Province du Luxembourg"}},{"type":"Feature","geometry":{"type":"Point","coordinates":[5.2931158,50.2232964]},"properties":{"column_1":"6900","column_2":"Aye","column_3":5.2931158,"column_4":50.2232964,"municipality_name_french":"Marche-en-Famenne","arrondissement":"Arrondissement de Marche-en-Famenne","province":"Province du Luxembourg"}},{"type":"Feature","geometry":{"type":"Point","coordinates":[5.3094652,50.1825868]},"properties":{"column_1":"6900","column_2":"Hargimont","column_3":5.3094652,"column_4":50.1825868,"municipality_name_french":"Marche-en-Famenne","arrondissement":"Arrondissement de Marche-en-Famenne","province":"Province du Luxembourg"}},{"type":"Feature","geometry":{"type":"Point","coordinates":[5.2552435,50.2053202]},"properties":{"column_1":"6900","column_2":"Humain","column_3":5.2552435,"column_4":50.2053202,"municipality_name_french":"Marche-en-Famenne","arrondissement":"Arrondissement de Marche-en-Famenne","province":"Province du Luxembourg"}},{"type":"Feature","geometry":{"type":"Point","coordinates":[5.2862777,50.1715967]},"properties":{"column_1":"6900","column_2":"On","column_3":5.2862777,"column_4":50.1715967,"municipality_name_french":"Marche-en-Famenne","arrondissement":"Arrondissement de Marche-en-Famenne","province":"Province du Luxembourg"}},{"type":"Feature","geometry":{"type":"Point","coordinates":[5.1374206,50.0754135]},"properties":{"column_1":"6922","column_2":"Halma","column_3":5.1374206,"column_4":50.0754135,"municipality_name_french":"Wellin","arrondissement":"Arrondissement de Neufch\u00e2teau","province":"Province du Luxembourg"}},{"type":"Feature","geometry":{"type":"Point","coordinates":[5.0866787,49.978801]},"properties":{"column_1":"6929","column_2":"Porcheresse","column_3":5.0866787,"column_4":49.978801,"municipality_name_french":"Daverdisse","arrondissement":"Arrondissement de Neufch\u00e2teau","province":"Province du Luxembourg"}},{"type":"Feature","geometry":{"type":"Point","coordinates":[5.4048529,50.3783963]},"properties":{"column_1":"6941","column_2":"Borlon","column_3":5.4048529,"column_4":50.3783963,"municipality_name_french":"Durbuy","arrondissement":"Arrondissement de Marche-en-Famenne","province":"Province du Luxembourg"}},{"type":"Feature","geometry":{"type":"Point","coordinates":[5.3455462,50.1294031]},"properties":{"column_1":"6950","column_2":"Nassogne","column_3":5.3455462,"column_4":50.1294031,"municipality_name_french":"Nassogne","arrondissement":"Arrondissement de Marche-en-Famenne","province":"Province du Luxembourg"}},{"type":"Feature","geometry":{"type":"Point","coordinates":[5.2842239,50.1324941]},"properties":{"column_1":"6953","column_2":"Forri\u00e8res","column_3":5.2842239,"column_4":50.1324941,"municipality_name_french":"Nassogne","arrondissement":"Arrondissement de Marche-en-Famenne","province":"Province du Luxembourg"}},{"type":"Feature","geometry":{"type":"Point","coordinates":[5.2799209,50.1109713]},"properties":{"column_1":"6953","column_2":"Lesterny","column_3":5.2799209,"column_4":50.1109713,"municipality_name_french":"Nassogne","arrondissement":"Arrondissement de Marche-en-Famenne","province":"Province du Luxembourg"}},{"type":"Feature","geometry":{"type":"Point","coordinates":[5.5242133,50.091248]},"properties":{"column_1":"6970","column_2":"Tenneville","column_3":5.5242133,"column_4":50.091248,"municipality_name_french":"Tenneville","arrondissement":"Arrondissement de Marche-en-Famenne","province":"Province du Luxembourg"}},{"type":"Feature","geometry":{"type":"Point","coordinates":[3.986884,50.3949004]},"properties":{"column_1":"7022","column_2":"Harveng","column_3":3.986884,"column_4":50.3949004,"municipality_name_french":"Mons","arrondissement":"Arrondissement de Mons","province":"Province du Hainaut"}},{"type":"Feature","geometry":{"type":"Point","coordinates":[3.9442029,50.3422836]},"properties":{"column_1":"7040","column_2":"Goegnies-Chauss\u00e9e","column_3":3.9442029,"column_4":50.3422836,"municipality_name_french":"Qu\u00e9vy","arrondissement":"Arrondissement de Mons","province":"Province du Hainaut"}},{"type":"Feature","geometry":{"type":"Point","coordinates":[3.9841693,50.3611541]},"properties":{"column_1":"7041","column_2":"Havay","column_3":3.9841693,"column_4":50.3611541,"municipality_name_french":"Qu\u00e9vy","arrondissement":"Arrondissement de Mons","province":"Province du Hainaut"}},{"type":"Feature","geometry":{"type":"Point","coordinates":[3.8961158,50.5155495]},"properties":{"column_1":"7050","column_2":"Erbisoeul","column_3":3.8961158,"column_4":50.5155495,"municipality_name_french":"Jurbise","arrondissement":"Arrondissement de Mons","province":"Province du Hainaut"}},{"type":"Feature","geometry":{"type":"Point","coordinates":[3.9423599,50.5310206]},"properties":{"column_1":"7050","column_2":"Masnuy-Saint-Jean","column_3":3.9423599,"column_4":50.5310206,"municipality_name_french":"Jurbise","arrondissement":"Arrondissement de Mons","province":"Province du Hainaut"}},{"type":"Feature","geometry":{"type":"Point","coordinates":[4.112245,50.5034034]},"properties":{"column_1":"7070","column_2":"Le Roeulx","column_3":4.112245,"column_4":50.5034034,"municipality_name_french":"Le R\u0153ulx","arrondissement":"Arrondissement de Soignies","province":"Province du Hainaut"}},{"type":"Feature","geometry":{"type":"Point","coordinates":[4.152112,50.5291801]},"properties":{"column_1":"7070","column_2":"Mignault","column_3":4.152112,"column_4":50.5291801,"municipality_name_french":"Le R\u0153ulx","arrondissement":"Arrondissement de Soignies","province":"Province du Hainaut"}},{"type":"Feature","geometry":{"type":"Point","coordinates":[3.9298869,50.4018707]},"properties":{"column_1":"7080","column_2":"Noirchain","column_3":3.9298869,"column_4":50.4018707,"municipality_name_french":"Frameries","arrondissement":"Arrondissement de Mons","province":"Province du Hainaut"}},{"type":"Feature","geometry":{"type":"Point","coordinates":[4.1425138,50.6123481]},"properties":{"column_1":"7090","column_2":"Braine-Le-Comte","column_3":4.1425138,"column_4":50.6123481,"municipality_name_french":"Braine-le-Comte","arrondissement":"Arrondissement de Soignies","province":"Province du Hainaut"}},{"type":"Feature","geometry":{"type":"Point","coordinates":[4.1715689,50.6386981]},"properties":{"column_1":"7090","column_2":"Hennuy\u00e8res","column_3":4.1715689,"column_4":50.6386981,"municipality_name_french":"Braine-le-Comte","arrondissement":"Arrondissement de Soignies","province":"Province du Hainaut"}},{"type":"Feature","geometry":{"type":"Point","coordinates":[4.2235457,50.6084328]},"properties":{"column_1":"7090","column_2":"Ronqui\u00e8res","column_3":4.2235457,"column_4":50.6084328,"municipality_name_french":"Braine-le-Comte","arrondissement":"Arrondissement de Soignies","province":"Province du Hainaut"}},{"type":"Feature","geometry":{"type":"Point","coordinates":[4.1524459,50.4835958]},"properties":{"column_1":"7110","column_2":"Houdeng-Aimeries","column_3":4.1524459,"column_4":50.4835958,"municipality_name_french":"La Louvi\u00e8re","arrondissement":"Arrondissement de La Louvi\u00e8re","province":"Province du Hainaut"}},{"type":"Feature","geometry":{"type":"Point","coordinates":[4.1575303,50.4879863]},"properties":{"column_1":"7110","column_2":"Houdeng-Goegnies","column_3":4.1575303,"column_4":50.4879863,"municipality_name_french":"La Louvi\u00e8re","arrondissement":"Arrondissement de La Louvi\u00e8re","province":"Province du Hainaut"}},{"type":"Feature","geometry":{"type":"Point","coordinates":[4.0979858,50.4577279]},"properties":{"column_1":"7110","column_2":"Maurage","column_3":4.0979858,"column_4":50.4577279,"municipality_name_french":"La Louvi\u00e8re","arrondissement":"Arrondissement de La Louvi\u00e8re","province":"Province du Hainaut"}},{"type":"Feature","geometry":{"type":"Point","coordinates":[4.1208612,50.3512136]},"properties":{"column_1":"7120","column_2":"Peissant","column_3":4.1208612,"column_4":50.3512136,"municipality_name_french":"Estinnes","arrondissement":"Arrondissement de La Louvi\u00e8re","province":"Province du Hainaut"}},{"type":"Feature","geometry":{"type":"Point","coordinates":[4.2523562,50.4509843]},"properties":{"column_1":"7140","column_2":"Morlanwelz","column_3":4.2523562,"column_4":50.4509843,"municipality_name_french":"Morlanwelz","arrondissement":"Arrondissement de La Louvi\u00e8re","province":"Province du Hainaut"}},{"type":"Feature","geometry":{"type":"Point","coordinates":[4.2340727,50.4293887]},"properties":{"column_1":"7141","column_2":"Mont-Sainte-Aldegonde","column_3":4.2340727,"column_4":50.4293887,"municipality_name_french":"Morlanwelz","arrondissement":"Arrondissement de La Louvi\u00e8re","province":"Province du Hainaut"}},{"type":"Feature","geometry":{"type":"Point","coordinates":[4.2865899,50.4955503]},"properties":{"column_1":"7160","column_2":"Godarville","column_3":4.2865899,"column_4":50.4955503,"municipality_name_french":"Chapelle-lez-Herlaimont","arrondissement":"Arrondissement de Charleroi","province":"Province du Hainaut"}},{"type":"Feature","geometry":{"type":"Point","coordinates":[4.2282511,50.4898236]},"properties":{"column_1":"7170","column_2":"Fayt-Lez-Manage","column_3":4.2282511,"column_4":50.4898236,"municipality_name_french":"Manage","arrondissement":"Arrondissement de Soignies","province":"Province du Hainaut"}},{"type":"Feature","geometry":{"type":"Point","coordinates":[4.2358174,50.4738724]},"properties":{"column_1":"7170","column_2":"La Hestre","column_3":4.2358174,"column_4":50.4738724,"municipality_name_french":"Manage","arrondissement":"Arrondissement de Soignies","province":"Province du Hainaut"}},{"type":"Feature","geometry":{"type":"Point","coordinates":[4.2664609240834,50.52505545]},"properties":{"column_1":"7180","column_2":"Seneffe","column_3":4.2664609240834,"column_4":50.52505545,"municipality_name_french":"Seneffe","arrondissement":"Arrondissement de Soignies","province":"Province du Hainaut"}},{"type":"Feature","geometry":{"type":"Point","coordinates":[4.3186986634815,50.55876715]},"properties":{"column_1":"7181","column_2":"Petit-Roeulx-Lez-Nivelles","column_3":4.3186986634815,"column_4":50.55876715,"municipality_name_french":"Seneffe","arrondissement":"Arrondissement de Soignies","province":"Province du Hainaut"}},{"type":"Feature","geometry":{"type":"Point","coordinates":[4.1752492,50.5696129]},"properties":{"column_1":"7190","column_2":"Ecaussinnes","column_3":4.1752492,"column_4":50.5696129,"municipality_name_french":"\u00c9caussinnes","arrondissement":"Arrondissement de Soignies","province":"Province du Hainaut"}},{"type":"Feature","geometry":{"type":"Point","coordinates":[4.1832813,50.5468953]},"properties":{"column_1":"7190","column_2":"Marche-Lez-Ecaussinnes","column_3":4.1832813,"column_4":50.5468953,"municipality_name_french":"\u00c9caussinnes","arrondissement":"Arrondissement de Soignies","province":"Province du Hainaut"}},{"type":"Feature","geometry":{"type":"Point","coordinates":[3.7902777,50.4861629]},"properties":{"column_1":"7334","column_2":"Villerot","column_3":3.7902777,"column_4":50.4861629,"municipality_name_french":"Saint-Ghislain","arrondissement":"Arrondissement de Mons","province":"Province du Hainaut"}},{"type":"Feature","geometry":{"type":"Point","coordinates":[3.8629223,50.4136507]},"properties":{"column_1":"7340","column_2":"Paturages","column_3":3.8629223,"column_4":50.4136507,"municipality_name_french":"Colfontaine","arrondissement":"Arrondissement de Mons","province":"Province du Hainaut"}},{"type":"Feature","geometry":{"type":"Point","coordinates":[3.846637,50.414181]},"properties":{"column_1":"7340","column_2":"Wasmes","column_3":3.846637,"column_4":50.414181,"municipality_name_french":"Colfontaine","arrondissement":"Arrondissement de Mons","province":"Province du Hainaut"}},{"type":"Feature","geometry":{"type":"Point","coordinates":[3.6847215,50.4328388]},"properties":{"column_1":"7350","column_2":"Hensies","column_3":3.6847215,"column_4":50.4328388,"municipality_name_french":"Hensies","arrondissement":"Arrondissement de Mons","province":"Province du Hainaut"}},{"type":"Feature","geometry":{"type":"Point","coordinates":[3.7317059,50.3463188]},"properties":{"column_1":"7387","column_2":"Autreppe","column_3":3.7317059,"column_4":50.3463188,"municipality_name_french":"Honnelles","arrondissement":"Arrondissement de Mons","province":"Province du Hainaut"}},{"type":"Feature","geometry":{"type":"Point","coordinates":[3.7933404,50.3590043]},"properties":{"column_1":"7387","column_2":"Erquennes","column_3":3.7933404,"column_4":50.3590043,"municipality_name_french":"Honnelles","arrondissement":"Arrondissement de Mons","province":"Province du Hainaut"}},{"type":"Feature","geometry":{"type":"Point","coordinates":[3.7724828,50.3566928]},"properties":{"column_1":"7387","column_2":"Fayt-Le-Franc","column_3":3.7724828,"column_4":50.3566928,"municipality_name_french":"Honnelles","arrondissement":"Arrondissement de Mons","province":"Province du Hainaut"}},{"type":"Feature","geometry":{"type":"Point","coordinates":[3.6938101,50.333082]},"properties":{"column_1":"7387","column_2":"Roisin","column_3":3.6938101,"column_4":50.333082,"municipality_name_french":"Honnelles","arrondissement":"Arrondissement de Mons","province":"Province du Hainaut"}},{"type":"Feature","geometry":{"type":"Point","coordinates":[3.8466719,50.445727]},"properties":{"column_1":"7390","column_2":"Wasmuel","column_3":3.8466719,"column_4":50.445727,"municipality_name_french":"Quaregnon","arrondissement":"Arrondissement de Mons","province":"Province du Hainaut"}},{"type":"Feature","geometry":{"type":"Point","coordinates":[3.2831577,50.6449056]},"properties":{"column_1":"7520","column_2":"Templeuve","column_3":3.2831577,"column_4":50.6449056,"municipality_name_french":"Tournai","arrondissement":"Arrondissement de Tournai-Mouscron","province":"Province du Hainaut"}},{"type":"Feature","geometry":{"type":"Point","coordinates":[3.3035015,50.6249665]},"properties":{"column_1":"7522","column_2":"Blandain","column_3":3.3035015,"column_4":50.6249665,"municipality_name_french":"Tournai","arrondissement":"Arrondissement de Tournai-Mouscron","province":"Province du Hainaut"}},{"type":"Feature","geometry":{"type":"Point","coordinates":[3.4655917,50.6156953]},"properties":{"column_1":"7531","column_2":"Havinnes","column_3":3.4655917,"column_4":50.6156953,"municipality_name_french":"Tournai","arrondissement":"Arrondissement de Tournai-Mouscron","province":"Province du Hainaut"}},{"type":"Feature","geometry":{"type":"Point","coordinates":[3.5430623,50.5875423]},"properties":{"column_1":"7534","column_2":"Barry","column_3":3.5430623,"column_4":50.5875423,"municipality_name_french":"Tournai","arrondissement":"Arrondissement de Tournai-Mouscron","province":"Province du Hainaut"}},{"type":"Feature","geometry":{"type":"Point","coordinates":[3.59458,50.5426384]},"properties":{"column_1":"7602","column_2":"Bury","column_3":3.59458,"column_4":50.5426384,"municipality_name_french":"P\u00e9ruwelz","arrondissement":"Arrondissement de Tournai-Mouscron","province":"Province du Hainaut"}},{"type":"Feature","geometry":{"type":"Point","coordinates":[3.607483,50.4976184]},"properties":{"column_1":"7603","column_2":"Bon-Secours","column_3":3.607483,"column_4":50.4976184,"municipality_name_french":"P\u00e9ruwelz","arrondissement":"Arrondissement de Tournai-Mouscron","province":"Province du Hainaut"}},{"type":"Feature","geometry":{"type":"Point","coordinates":[3.552247,50.561586]},"properties":{"column_1":"7604","column_2":"Baugnies","column_3":3.552247,"column_4":50.561586,"municipality_name_french":"P\u00e9ruwelz","arrondissement":"Arrondissement de Tournai-Mouscron","province":"Province du Hainaut"}},{"type":"Feature","geometry":{"type":"Point","coordinates":[3.533035,50.508665]},"properties":{"column_1":"7608","column_2":"Wiers","column_3":3.533035,"column_4":50.508665,"municipality_name_french":"P\u00e9ruwelz","arrondissement":"Arrondissement de Tournai-Mouscron","province":"Province du Hainaut"}},{"type":"Feature","geometry":{"type":"Point","coordinates":[3.3795619,50.5178063]},"properties":{"column_1":"7620","column_2":"Brunehaut","column_3":3.3795619,"column_4":50.5178063,"municipality_name_french":"Brunehaut","arrondissement":"Arrondissement de Tournai-Mouscron","province":"Province du Hainaut"}},{"type":"Feature","geometry":{"type":"Point","coordinates":[3.388586,50.5468427]},"properties":{"column_1":"7620","column_2":"Wez-Velvain","column_3":3.388586,"column_4":50.5468427,"municipality_name_french":"Brunehaut","arrondissement":"Arrondissement de Tournai-Mouscron","province":"Province du Hainaut"}},{"type":"Feature","geometry":{"type":"Point","coordinates":[3.3880963285681,50.520291]},"properties":{"column_1":"7621","column_2":"Lesdain","column_3":3.3880963285681,"column_4":50.520291,"municipality_name_french":"Brunehaut","arrondissement":"Arrondissement de Tournai-Mouscron","province":"Province du Hainaut"}},{"type":"Feature","geometry":{"type":"Point","coordinates":[3.3176015,50.6689214]},"properties":{"column_1":"7730","column_2":"Bailleul","column_3":3.3176015,"column_4":50.6689214,"municipality_name_french":"Estaimpuis","arrondissement":"Arrondissement de Tournai-Mouscron","province":"Province du Hainaut"}},{"type":"Feature","geometry":{"type":"Point","coordinates":[3.3149729,50.7056533]},"properties":{"column_1":"7730","column_2":"Saint-L\u00e9ger","column_3":3.3149729,"column_4":50.7056533,"municipality_name_french":"Estaimpuis","arrondissement":"Arrondissement de Tournai-Mouscron","province":"Province du Hainaut"}},{"type":"Feature","geometry":{"type":"Point","coordinates":[3.3623581,50.7008798]},"properties":{"column_1":"7742","column_2":"H\u00e9rinnes-Lez-Pecq","column_3":3.3623581,"column_4":50.7008798,"municipality_name_french":"Pecq","arrondissement":"Arrondissement de Tournai-Mouscron","province":"Province du Hainaut"}},{"type":"Feature","geometry":{"type":"Point","coordinates":[3.364281,50.662055]},"properties":{"column_1":"7743","column_2":"Obigies","column_3":3.364281,"column_4":50.662055,"municipality_name_french":"Pecq","arrondissement":"Arrondissement de Tournai-Mouscron","province":"Province du Hainaut"}},{"type":"Feature","geometry":{"type":"Point","coordinates":[3.481663,50.747596]},"properties":{"column_1":"7750","column_2":"Orroir","column_3":3.481663,"column_4":50.747596,"municipality_name_french":"Mont-de-l'Enclus","arrondissement":"Arrondissement de Tournai-Mouscron","province":"Province du Hainaut"}},{"type":"Feature","geometry":{"type":"Point","coordinates":[3.4050325,50.7314164]},"properties":{"column_1":"7760","column_2":"Pottes","column_3":3.4050325,"column_4":50.7314164,"municipality_name_french":"Celles","arrondissement":"Arrondissement de Tournai-Mouscron","province":"Province du Hainaut"}},{"type":"Feature","geometry":{"type":"Point","coordinates":[2.998666,50.768736]},"properties":{"column_1":"7780","column_2":"Comines","column_3":2.998666,"column_4":50.768736,"municipality_name_french":"Comines-Warneton","arrondissement":"Arrondissement de Tournai-Mouscron","province":"Province du Hainaut"}},{"type":"Feature","geometry":{"type":"Point","coordinates":[2.9502023,50.7529932]},"properties":{"column_1":"7784","column_2":"Warneton","column_3":2.9502023,"column_4":50.7529932,"municipality_name_french":"Comines-Warneton","arrondissement":"Arrondissement de Tournai-Mouscron","province":"Province du Hainaut"}},{"type":"Feature","geometry":{"type":"Point","coordinates":[3.8042549,50.6534242]},"properties":{"column_1":"7800","column_2":"Lanquesaint","column_3":3.8042549,"column_4":50.6534242,"municipality_name_french":"Ath","arrondissement":"Arrondissement d\u2019Ath","province":"Province du Hainaut"}},{"type":"Feature","geometry":{"type":"Point","coordinates":[3.7516336,50.5947224]},"properties":{"column_1":"7802","column_2":"Ormeignies","column_3":3.7516336,"column_4":50.5947224,"municipality_name_french":"Ath","arrondissement":"Arrondissement d\u2019Ath","province":"Province du Hainaut"}},{"type":"Feature","geometry":{"type":"Point","coordinates":[3.7360962,50.617881]},"properties":{"column_1":"7812","column_2":"Villers-Notre-Dame","column_3":3.7360962,"column_4":50.617881,"municipality_name_french":"Ath","arrondissement":"Arrondissement d\u2019Ath","province":"Province du Hainaut"}},{"type":"Feature","geometry":{"type":"Point","coordinates":[3.8878195,50.637673]},"properties":{"column_1":"7823","column_2":"Gibecq","column_3":3.8878195,"column_4":50.637673,"municipality_name_french":"Ath","arrondissement":"Arrondissement d\u2019Ath","province":"Province du Hainaut"}},{"type":"Feature","geometry":{"type":"Point","coordinates":[4.0173479,50.6903571]},"properties":{"column_1":"7850","column_2":"Marcq","column_3":4.0173479,"column_4":50.6903571,"municipality_name_french":"Silly","arrondissement":"Arrondissement d\u2019Ath","province":"Province du Hainaut"}},{"type":"Feature","geometry":{"type":"Point","coordinates":[3.7998354,50.6940794]},"properties":{"column_1":"7861","column_2":"Wannebecq","column_3":3.7998354,"column_4":50.6940794,"municipality_name_french":"Lessines","arrondissement":"Arrondissement d\u2019Ath","province":"Province du Hainaut"}},{"type":"Feature","geometry":{"type":"Point","coordinates":[3.780225,50.7208405]},"properties":{"column_1":"7862","column_2":"Ogy","column_3":3.780225,"column_4":50.7208405,"municipality_name_french":"Lessines","arrondissement":"Arrondissement d\u2019Ath","province":"Province du Hainaut"}},{"type":"Feature","geometry":{"type":"Point","coordinates":[3.8856306,50.6953023]},"properties":{"column_1":"7866","column_2":"Bois-De-Lessines","column_3":3.8856306,"column_4":50.6953023,"municipality_name_french":"Lessines","arrondissement":"Arrondissement d\u2019Ath","province":"Province du Hainaut"}},{"type":"Feature","geometry":{"type":"Point","coordinates":[3.6551354,50.6125001]},"properties":{"column_1":"7903","column_2":"Chapelle-\u00c0-Wattines","column_3":3.6551354,"column_4":50.6125001,"municipality_name_french":"Leuze-en-Hainaut","arrondissement":"Arrondissement de Tournai-Mouscron","province":"Province du Hainaut"}},{"type":"Feature","geometry":{"type":"Point","coordinates":[3.6038961,50.566635]},"properties":{"column_1":"7904","column_2":"Willaupuis","column_3":3.6038961,"column_4":50.566635,"municipality_name_french":"Leuze-en-Hainaut","arrondissement":"Arrondissement de Tournai-Mouscron","province":"Province du Hainaut"}},{"type":"Feature","geometry":{"type":"Point","coordinates":[3.5748349,50.6060715]},"properties":{"column_1":"7906","column_2":"Gallaix","column_3":3.5748349,"column_4":50.6060715,"municipality_name_french":"Leuze-en-Hainaut","arrondissement":"Arrondissement de Tournai-Mouscron","province":"Province du Hainaut"}},{"type":"Feature","geometry":{"type":"Point","coordinates":[3.5455253970222,50.684567271165]},"properties":{"column_1":"7910","column_2":"Frasnes-Lez-Anvaing","column_3":3.5455253970222,"column_4":50.684567271165,"municipality_name_french":"Frasnes-lez-Anvaing","arrondissement":"Arrondissement d\u2019Ath","province":"Province du Hainaut"}},{"type":"Feature","geometry":{"type":"Point","coordinates":[3.5666,50.712579]},"properties":{"column_1":"7912","column_2":"Dergneau","column_3":3.5666,"column_4":50.712579,"municipality_name_french":"Frasnes-lez-Anvaing","arrondissement":"Arrondissement d\u2019Ath","province":"Province du Hainaut"}},{"type":"Feature","geometry":{"type":"Point","coordinates":[3.8546563,50.5954253]},"properties":{"column_1":"7940","column_2":"Brugelette","column_3":3.8546563,"column_4":50.5954253,"municipality_name_french":"Brugelette","arrondissement":"Arrondissement d\u2019Ath","province":"Province du Hainaut"}},{"type":"Feature","geometry":{"type":"Point","coordinates":[3.8410951,50.6102428]},"properties":{"column_1":"7941","column_2":"Attre","column_3":3.8410951,"column_4":50.6102428,"municipality_name_french":"Brugelette","arrondissement":"Arrondissement d\u2019Ath","province":"Province du Hainaut"}},{"type":"Feature","geometry":{"type":"Point","coordinates":[3.8910777,50.6068018]},"properties":{"column_1":"7943","column_2":"Gages","column_3":3.8910777,"column_4":50.6068018,"municipality_name_french":"Brugelette","arrondissement":"Arrondissement d\u2019Ath","province":"Province du Hainaut"}},{"type":"Feature","geometry":{"type":"Point","coordinates":[3.7532905,50.5658217]},"properties":{"column_1":"7950","column_2":"Huissignies","column_3":3.7532905,"column_4":50.5658217,"municipality_name_french":"Chi\u00e8vres","arrondissement":"Arrondissement d\u2019Ath","province":"Province du Hainaut"}},{"type":"Feature","geometry":{"type":"Point","coordinates":[3.7907921,50.5860413]},"properties":{"column_1":"7950","column_2":"Tongre-Saint-Martin","column_3":3.7907921,"column_4":50.5860413,"municipality_name_french":"Chi\u00e8vres","arrondissement":"Arrondissement d\u2019Ath","province":"Province du Hainaut"}},{"type":"Feature","geometry":{"type":"Point","coordinates":[3.7748043,50.581313]},"properties":{"column_1":"7951","column_2":"Tongre-Notre-Dame","column_3":3.7748043,"column_4":50.581313,"municipality_name_french":"Chi\u00e8vres","arrondissement":"Arrondissement d\u2019Ath","province":"Province du Hainaut"}},{"type":"Feature","geometry":{"type":"Point","coordinates":[3.6351295,50.544393]},"properties":{"column_1":"7971","column_2":"Ramegnies","column_3":3.6351295,"column_4":50.544393,"municipality_name_french":"Bel\u0153il","arrondissement":"Arrondissement d\u2019Ath","province":"Province du Hainaut"}},{"type":"Feature","geometry":{"type":"Point","coordinates":[3.6304664,50.5404186]},"properties":{"column_1":"7971","column_2":"Thumaide","column_3":3.6304664,"column_4":50.5404186,"municipality_name_french":"Bel\u0153il","arrondissement":"Arrondissement d\u2019Ath","province":"Province du Hainaut"}},{"type":"Feature","geometry":{"type":"Point","coordinates":[3.6909731,50.5302519]},"properties":{"column_1":"7972","column_2":"Quevaucamps","column_3":3.6909731,"column_4":50.5302519,"municipality_name_french":"Bel\u0153il","arrondissement":"Arrondissement d\u2019Ath","province":"Province du Hainaut"}},{"type":"Feature","geometry":{"type":"Point","coordinates":[3.1404473279372,51.1355326]},"properties":{"column_1":"8210","column_2":"Zedelgem","column_3":3.1404473279372,"column_4":51.1355326,"municipality_name_french":null,"arrondissement":"Arrondissement de Bruges","province":"Province de Flandre occidentale"}},{"type":"Feature","geometry":{"type":"Point","coordinates":[3.0913265545139,51.1180002]},"properties":{"column_1":"8211","column_2":"Aartrijke","column_3":3.0913265545139,"column_4":51.1180002,"municipality_name_french":null,"arrondissement":"Arrondissement de Bruges","province":"Province de Flandre occidentale"}},{"type":"Feature","geometry":{"type":"Point","coordinates":[3.2505004,51.3126954]},"properties":{"column_1":"8301","column_2":"Ramskapelle","column_3":3.2505004,"column_4":51.3126954,"municipality_name_french":null,"arrondissement":"Arrondissement de Bruges","province":"Province de Flandre occidentale"}},{"type":"Feature","geometry":{"type":"Point","coordinates":[3.3435315097294,51.210525]},"properties":{"column_1":"8340","column_2":"Sijsele","column_3":3.3435315097294,"column_4":51.210525,"municipality_name_french":null,"arrondissement":"Arrondissement de Bruges","province":"Province de Flandre occidentale"}},{"type":"Feature","geometry":{"type":"Point","coordinates":[3.1071768079055,51.2388018]},"properties":{"column_1":"8377","column_2":"Houtave","column_3":3.1071768079055,"column_4":51.2388018,"municipality_name_french":null,"arrondissement":"Arrondissement de Bruges","province":"Province de Flandre occidentale"}},{"type":"Feature","geometry":{"type":"Point","coordinates":[2.9200835535007,51.20214645]},"properties":{"column_1":"8400","column_2":"Stene","column_3":2.9200835535007,"column_4":51.20214645,"municipality_name_french":null,"arrondissement":"Arrondissement d\u2019Ostende","province":"Province de Flandre occidentale"}},{"type":"Feature","geometry":{"type":"Point","coordinates":[2.9668008654261,51.20484775]},"properties":{"column_1":"8400","column_2":"Zandvoorde","column_3":2.9668008654261,"column_4":51.20484775,"municipality_name_french":null,"arrondissement":"Arrondissement d\u2019Ostende","province":"Province de Flandre occidentale"}},{"type":"Feature","geometry":{"type":"Point","coordinates":[2.8776766,51.1746761]},"properties":{"column_1":"8432","column_2":"Leffinge","column_3":2.8776766,"column_4":51.1746761,"municipality_name_french":null,"arrondissement":"Arrondissement d\u2019Ostende","province":"Province de Flandre occidentale"}},{"type":"Feature","geometry":{"type":"Point","coordinates":[2.8402112,51.1110889]},"properties":{"column_1":"8433","column_2":"Schore","column_3":2.8402112,"column_4":51.1110889,"municipality_name_french":null,"arrondissement":"Arrondissement d\u2019Ostende","province":"Province de Flandre occidentale"}},{"type":"Feature","geometry":{"type":"Point","coordinates":[2.7549864166944,51.15402425]},"properties":{"column_1":"8434","column_2":"Lombardsijde","column_3":2.7549864166944,"column_4":51.15402425,"municipality_name_french":null,"arrondissement":"Arrondissement d\u2019Ostende","province":"Province de Flandre occidentale"}},{"type":"Feature","geometry":{"type":"Point","coordinates":[3.0333284671459,51.1662204]},"properties":{"column_1":"8460","column_2":"Roksem","column_3":3.0333284671459,"column_4":51.1662204,"municipality_name_french":null,"arrondissement":"Arrondissement d\u2019Ostende","province":"Province de Flandre occidentale"}},{"type":"Feature","geometry":{"type":"Point","coordinates":[2.9333678137411,51.17625885]},"properties":{"column_1":"8470","column_2":"Snaaskerke","column_3":2.9333678137411,"column_4":51.17625885,"municipality_name_french":null,"arrondissement":"Arrondissement d\u2019Ostende","province":"Province de Flandre occidentale"}},{"type":"Feature","geometry":{"type":"Point","coordinates":[3.023122345129,51.12819605]},"properties":{"column_1":"8480","column_2":"Eernegem","column_3":3.023122345129,"column_4":51.12819605,"municipality_name_french":null,"arrondissement":"Arrondissement d\u2019Ostende","province":"Province de Flandre occidentale"}},{"type":"Feature","geometry":{"type":"Point","coordinates":[3.1229871043255,51.17552695]},"properties":{"column_1":"8490","column_2":"Snellegem","column_3":3.1229871043255,"column_4":51.17552695,"municipality_name_french":null,"arrondissement":"Arrondissement de Bruges","province":"Province de Flandre occidentale"}},{"type":"Feature","geometry":{"type":"Point","coordinates":[3.0612486455732,51.1712593]},"properties":{"column_1":"8490","column_2":"Zerkegem","column_3":3.0612486455732,"column_4":51.1712593,"municipality_name_french":null,"arrondissement":"Arrondissement de Bruges","province":"Province de Flandre occidentale"}},{"type":"Feature","geometry":{"type":"Point","coordinates":[3.2186046321991,50.77745545]},"properties":{"column_1":"8511","column_2":"Aalbeke","column_3":3.2186046321991,"column_4":50.77745545,"municipality_name_french":null,"arrondissement":"Arrondissement de Courtrai","province":"Province de Flandre occidentale"}},{"type":"Feature","geometry":{"type":"Point","coordinates":[3.3419067426276,50.80406995]},"properties":{"column_1":"8550","column_2":"Zwevegem","column_3":3.3419067426276,"column_4":50.80406995,"municipality_name_french":null,"arrondissement":"Arrondissement de Courtrai","province":"Province de Flandre occidentale"}},{"type":"Feature","geometry":{"type":"Point","coordinates":[3.4697738543929,50.8130531]},"properties":{"column_1":"8573","column_2":"Tiegem","column_3":3.4697738543929,"column_4":50.8130531,"municipality_name_french":null,"arrondissement":"Arrondissement de Courtrai","province":"Province de Flandre occidentale"}},{"type":"Feature","geometry":{"type":"Point","coordinates":[3.3465264652837,50.72568025]},"properties":{"column_1":"8587","column_2":"Espierres","column_3":3.3465264652837,"column_4":50.72568025,"municipality_name_french":"Espierres-Helchin","arrondissement":"Arrondissement de Courtrai","province":"Province de Flandre occidentale"}},{"type":"Feature","geometry":{"type":"Point","coordinates":[2.8814585998043,51.08623835]},"properties":{"column_1":"8600","column_2":"Keiem","column_3":2.8814585998043,"column_4":51.08623835,"municipality_name_french":null,"arrondissement":"Arrondissement de Dixmude","province":"Province de Flandre occidentale"}},{"type":"Feature","geometry":{"type":"Point","coordinates":[2.9207800886428,51.06253345]},"properties":{"column_1":"8600","column_2":"Vladslo","column_3":2.9207800886428,"column_4":51.06253345,"municipality_name_french":null,"arrondissement":"Arrondissement de Dixmude","province":"Province de Flandre occidentale"}},{"type":"Feature","geometry":{"type":"Point","coordinates":[2.8520595441482,50.99494815]},"properties":{"column_1":"8600","column_2":"Woumen","column_3":2.8520595441482,"column_4":50.99494815,"municipality_name_french":null,"arrondissement":"Arrondissement de Dixmude","province":"Province de Flandre occidentale"}},{"type":"Feature","geometry":{"type":"Point","coordinates":[2.6434487702288,51.0444613]},"properties":{"column_1":"8630","column_2":"Bulskamp","column_3":2.6434487702288,"column_4":51.0444613,"municipality_name_french":null,"arrondissement":"Arrondissement de Furnes","province":"Province de Flandre occidentale"}},{"type":"Feature","geometry":{"type":"Point","coordinates":[2.9438110508216,50.97407785]},"properties":{"column_1":"8650","column_2":"Houthulst","column_3":2.9438110508216,"column_4":50.97407785,"municipality_name_french":null,"arrondissement":"Arrondissement de Dixmude","province":"Province de Flandre occidentale"}},{"type":"Feature","geometry":{"type":"Point","coordinates":[2.8736172801014,50.962074]},"properties":{"column_1":"8650","column_2":"Merkem","column_3":2.8736172801014,"column_4":50.962074,"municipality_name_french":null,"arrondissement":"Arrondissement de Dixmude","province":"Province de Flandre occidentale"}},{"type":"Feature","geometry":{"type":"Point","coordinates":[2.9186353800579,51.1174383]},"properties":{"column_1":"8680","column_2":"Zande","column_3":2.9186353800579,"column_4":51.1174383,"municipality_name_french":null,"arrondissement":"Arrondissement de Dixmude","province":"Province de Flandre occidentale"}},{"type":"Feature","geometry":{"type":"Point","coordinates":[3.4139884196625,50.9972412]},"properties":{"column_1":"8700","column_2":"Aarsele","column_3":3.4139884196625,"column_4":50.9972412,"municipality_name_french":null,"arrondissement":"Arrondissement de Tielt","province":"Province de Flandre occidentale"}},{"type":"Feature","geometry":{"type":"Point","coordinates":[3.3604037488967,50.91140755]},"properties":{"column_1":"8710","column_2":"Wielsbeke","column_3":3.3604037488967,"column_4":50.91140755,"municipality_name_french":null,"arrondissement":"Arrondissement de Tielt","province":"Province de Flandre occidentale"}},{"type":"Feature","geometry":{"type":"Point","coordinates":[3.4009830853574,50.93483565]},"properties":{"column_1":"8720","column_2":"Wakken","column_3":3.4009830853574,"column_4":50.93483565,"municipality_name_french":null,"arrondissement":"Arrondissement de Tielt","province":"Province de Flandre occidentale"}},{"type":"Feature","geometry":{"type":"Point","coordinates":[3.4257380400092,50.87620025]},"properties":{"column_1":"8790","column_2":"Waregem","column_3":3.4257380400092,"column_4":50.87620025,"municipality_name_french":null,"arrondissement":"Arrondissement de Courtrai","province":"Province de Flandre occidentale"}},{"type":"Feature","geometry":{"type":"Point","coordinates":[3.3669119563274,50.88302825]},"properties":{"column_1":"8792","column_2":"Desselgem","column_3":3.3669119563274,"column_4":50.88302825,"municipality_name_french":null,"arrondissement":"Arrondissement de Courtrai","province":"Province de Flandre occidentale"}},{"type":"Feature","geometry":{"type":"Point","coordinates":[3.14416,50.9687312]},"properties":{"column_1":"8800","column_2":"Beveren","column_3":3.14416,"column_4":50.9687312,"municipality_name_french":null,"arrondissement":"Arrondissement de Roulers","province":"Province de Flandre occidentale"}},{"type":"Feature","geometry":{"type":"Point","coordinates":[3.0641586047981,50.94159445]},"properties":{"column_1":"8840","column_2":"Oostnieuwkerke","column_3":3.0641586047981,"column_4":50.94159445,"municipality_name_french":null,"arrondissement":"Arrondissement de Roulers","province":"Province de Flandre occidentale"}},{"type":"Feature","geometry":{"type":"Point","coordinates":[3.2212852352972,50.9336597]},"properties":{"column_1":"8870","column_2":"Emelgem","column_3":3.2212852352972,"column_4":50.9336597,"municipality_name_french":null,"arrondissement":"Arrondissement de Roulers","province":"Province de Flandre occidentale"}},{"type":"Feature","geometry":{"type":"Point","coordinates":[2.8086072093094,50.88120105]},"properties":{"column_1":"8906","column_2":"Elverdinge","column_3":2.8086072093094,"column_4":50.88120105,"municipality_name_french":null,"arrondissement":"Arrondissement d\u2019Ypres","province":"Province de Flandre occidentale"}},{"type":"Feature","geometry":{"type":"Point","coordinates":[3.1938978797182,50.78879055]},"properties":{"column_1":"8930","column_2":"Lauwe","column_3":3.1938978797182,"column_4":50.78879055,"municipality_name_french":null,"arrondissement":"Arrondissement de Courtrai","province":"Province de Flandre occidentale"}},{"type":"Feature","geometry":{"type":"Point","coordinates":[2.8457459110391,50.76764855]},"properties":{"column_1":"8950","column_2":"Heuvelland","column_3":2.8457459110391,"column_4":50.76764855,"municipality_name_french":null,"arrondissement":"Arrondissement d\u2019Ypres","province":"Province de Flandre occidentale"}},{"type":"Feature","geometry":{"type":"Point","coordinates":[2.8251932,50.7457387]},"properties":{"column_1":"8950","column_2":"Nieuwkerke","column_3":2.8251932,"column_4":50.7457387,"municipality_name_french":null,"arrondissement":"Arrondissement d\u2019Ypres","province":"Province de Flandre occidentale"}},{"type":"Feature","geometry":{"type":"Point","coordinates":[2.7832991,50.7662832]},"properties":{"column_1":"8951","column_2":"Dranouter","column_3":2.7832991,"column_4":50.7662832,"municipality_name_french":null,"arrondissement":"Arrondissement d\u2019Ypres","province":"Province de Flandre occidentale"}},{"type":"Feature","geometry":{"type":"Point","coordinates":[2.9126192876216,50.7832683]},"properties":{"column_1":"8953","column_2":"Wijtschate","column_3":2.9126192876216,"column_4":50.7832683,"municipality_name_french":null,"arrondissement":"Arrondissement d\u2019Ypres","province":"Province de Flandre occidentale"}},{"type":"Feature","geometry":{"type":"Point","coordinates":[2.6262588,50.9150531]},"properties":{"column_1":"8972","column_2":"Roesbrugge-Haringe","column_3":2.6262588,"column_4":50.9150531,"municipality_name_french":null,"arrondissement":"Arrondissement d\u2019Ypres","province":"Province de Flandre occidentale"}},{"type":"Feature","geometry":{"type":"Point","coordinates":[2.6449117149406,50.84518645]},"properties":{"column_1":"8978","column_2":"Watou","column_3":2.6449117149406,"column_4":50.84518645,"municipality_name_french":null,"arrondissement":"Arrondissement d\u2019Ypres","province":"Province de Flandre occidentale"}},{"type":"Feature","geometry":{"type":"Point","coordinates":[2.9874678,50.8731885]},"properties":{"column_1":"8980","column_2":"Zonnebeke","column_3":2.9874678,"column_4":50.8731885,"municipality_name_french":null,"arrondissement":"Arrondissement d\u2019Ypres","province":"Province de Flandre occidentale"}},{"type":"Feature","geometry":{"type":"Point","coordinates":[3.6395168043236,51.0528944]},"properties":{"column_1":"9031","column_2":"Drongen","column_3":3.6395168043236,"column_4":51.0528944,"municipality_name_french":null,"arrondissement":"Arrondissement de Gand","province":"Province de Flandre orientale"}},{"type":"Feature","geometry":{"type":"Point","coordinates":[3.6575415863856,51.0299989]},"properties":{"column_1":"9051","column_2":"Afsnee","column_3":3.6575415863856,"column_4":51.0299989,"municipality_name_french":null,"arrondissement":"Arrondissement de Gand","province":"Province de Flandre orientale"}},{"type":"Feature","geometry":{"type":"Point","coordinates":[3.7021790930106,51.00092235]},"properties":{"column_1":"9052","column_2":"Zwijnaarde","column_3":3.7021790930106,"column_4":51.00092235,"municipality_name_french":null,"arrondissement":"Arrondissement de Gand","province":"Province de Flandre orientale"}},{"type":"Feature","geometry":{"type":"Point","coordinates":[3.8105002,51.2000036]},"properties":{"column_1":"9060","column_2":"Zelzate","column_3":3.8105002,"column_4":51.2000036,"municipality_name_french":null,"arrondissement":"Arrondissement d\u2019Eeklo","province":"Province de Flandre orientale"}},{"type":"Feature","geometry":{"type":"Point","coordinates":[3.7978887,51.0556204]},"properties":{"column_1":"9070","column_2":"Destelbergen","column_3":3.7978887,"column_4":51.0556204,"municipality_name_french":null,"arrondissement":"Arrondissement de Gand","province":"Province de Flandre orientale"}},{"type":"Feature","geometry":{"type":"Point","coordinates":[3.9000296,51.1078751]},"properties":{"column_1":"9080","column_2":"Zeveneken","column_3":3.9000296,"column_4":51.1078751,"municipality_name_french":null,"arrondissement":"Arrondissement de Gand","province":"Province de Flandre orientale"}},{"type":"Feature","geometry":{"type":"Point","coordinates":[3.9795579,51.1866966]},"properties":{"column_1":"9112","column_2":"Sinaai-Waas","column_3":3.9795579,"column_4":51.1866966,"municipality_name_french":null,"arrondissement":"Arrondissement de Saint-Nicolas","province":"Province de Flandre orientale"}},{"type":"Feature","geometry":{"type":"Point","coordinates":[4.2821446,51.2211394]},"properties":{"column_1":"9120","column_2":"Melsele","column_3":4.2821446,"column_4":51.2211394,"municipality_name_french":null,"arrondissement":"Arrondissement de Saint-Nicolas","province":"Province de Flandre orientale"}},{"type":"Feature","geometry":{"type":"Point","coordinates":[4.1457568844955,51.12017065]},"properties":{"column_1":"9140","column_2":"Elversele","column_3":4.1457568844955,"column_4":51.12017065,"municipality_name_french":null,"arrondissement":"Arrondissement de Saint-Nicolas","province":"Province de Flandre orientale"}},{"type":"Feature","geometry":{"type":"Point","coordinates":[4.2873842506575,51.14685855]},"properties":{"column_1":"9150","column_2":"Bazel","column_3":4.2873842506575,"column_4":51.14685855,"municipality_name_french":null,"arrondissement":"Arrondissement de Saint-Nicolas","province":"Province de Flandre orientale"}},{"type":"Feature","geometry":{"type":"Point","coordinates":[4.2906315,51.1283692]},"properties":{"column_1":"9150","column_2":"Rupelmonde","column_3":4.2906315,"column_4":51.1283692,"municipality_name_french":null,"arrondissement":"Arrondissement de Saint-Nicolas","province":"Province de Flandre orientale"}},{"type":"Feature","geometry":{"type":"Point","coordinates":[3.9911114,51.1042159]},"properties":{"column_1":"9160","column_2":"Lokeren","column_3":3.9911114,"column_4":51.1042159,"municipality_name_french":null,"arrondissement":"Arrondissement de Saint-Nicolas","province":"Province de Flandre orientale"}},{"type":"Feature","geometry":{"type":"Point","coordinates":[3.9446436,51.1742698]},"properties":{"column_1":"9180","column_2":"Moerbeke-Waas","column_3":3.9446436,"column_4":51.1742698,"municipality_name_french":null,"arrondissement":"Arrondissement de Saint-Nicolas","province":"Province de Flandre orientale"}},{"type":"Feature","geometry":{"type":"Point","coordinates":[4.0562275450955,51.02983825]},"properties":{"column_1":"9200","column_2":"Appels","column_3":4.0562275450955,"column_4":51.02983825,"municipality_name_french":null,"arrondissement":"Arrondissement de Termonde","province":"Province de Flandre orientale"}},{"type":"Feature","geometry":{"type":"Point","coordinates":[4.1202807810427,51.0881618]},"properties":{"column_1":"9220","column_2":"Hamme","column_3":4.1202807810427,"column_4":51.0881618,"municipality_name_french":null,"arrondissement":"Arrondissement de Termonde","province":"Province de Flandre orientale"}},{"type":"Feature","geometry":{"type":"Point","coordinates":[4.1585956393745,51.06183125]},"properties":{"column_1":"9220","column_2":"Moerzeke","column_3":4.1585956393745,"column_4":51.06183125,"municipality_name_french":null,"arrondissement":"Arrondissement de Termonde","province":"Province de Flandre orientale"}},{"type":"Feature","geometry":{"type":"Point","coordinates":[4.0385864,51.0683621]},"properties":{"column_1":"9240","column_2":"Zele","column_3":4.0385864,"column_4":51.0683621,"municipality_name_french":null,"arrondissement":"Arrondissement de Termonde","province":"Province de Flandre orientale"}},{"type":"Feature","geometry":{"type":"Point","coordinates":[3.9806438098974,51.0020843]},"properties":{"column_1":"9260","column_2":"Wichelen","column_3":3.9806438098974,"column_4":51.0020843,"municipality_name_french":null,"arrondissement":"Arrondissement de Termonde","province":"Province de Flandre orientale"}},{"type":"Feature","geometry":{"type":"Point","coordinates":[4.1307711,51.0004013]},"properties":{"column_1":"9280","column_2":"Lebbeke","column_3":4.1307711,"column_4":51.0004013,"municipality_name_french":null,"arrondissement":"Arrondissement de Termonde","province":"Province de Flandre orientale"}},{"type":"Feature","geometry":{"type":"Point","coordinates":[3.9639785004366,51.0278435]},"properties":{"column_1":"9290","column_2":"Uitbergen","column_3":3.9639785004366,"column_4":51.0278435,"municipality_name_french":null,"arrondissement":"Arrondissement de Termonde","province":"Province de Flandre orientale"}},{"type":"Feature","geometry":{"type":"Point","coordinates":[4.0413684723722,50.9831967]},"properties":{"column_1":"9308","column_2":"Gijzegem","column_3":4.0413684723722,"column_4":50.9831967,"municipality_name_french":null,"arrondissement":"Arrondissement d\u2019Alost","province":"Province de Flandre orientale"}},{"type":"Feature","geometry":{"type":"Point","coordinates":[3.9673266115113,50.819114]},"properties":{"column_1":"9400","column_2":"Appelterre-Eichem","column_3":3.9673266115113,"column_4":50.819114,"municipality_name_french":null,"arrondissement":"Arrondissement d\u2019Alost","province":"Province de Flandre orientale"}},{"type":"Feature","geometry":{"type":"Point","coordinates":[4.0241352,50.7986183]},"properties":{"column_1":"9400","column_2":"Denderwindeke","column_3":4.0241352,"column_4":50.7986183,"municipality_name_french":null,"arrondissement":"Arrondissement d\u2019Alost","province":"Province de Flandre orientale"}},{"type":"Feature","geometry":{"type":"Point","coordinates":[4.0533344,50.7918522]},"properties":{"column_1":"9400","column_2":"Lieferinge","column_3":4.0533344,"column_4":50.7918522,"municipality_name_french":null,"arrondissement":"Arrondissement d\u2019Alost","province":"Province de Flandre orientale"}},{"type":"Feature","geometry":{"type":"Point","coordinates":[3.9555369,50.9407226]},"properties":{"column_1":"9420","column_2":"Erondegem","column_3":3.9555369,"column_4":50.9407226,"municipality_name_french":null,"arrondissement":"Arrondissement d\u2019Alost","province":"Province de Flandre orientale"}},{"type":"Feature","geometry":{"type":"Point","coordinates":[3.9548012,50.8816742]},"properties":{"column_1":"9450","column_2":"Heldergem","column_3":3.9548012,"column_4":50.8816742,"municipality_name_french":null,"arrondissement":"Arrondissement d\u2019Alost","province":"Province de Flandre orientale"}},{"type":"Feature","geometry":{"type":"Point","coordinates":[3.9792346670559,50.88457295]},"properties":{"column_1":"9451","column_2":"Kerksken","column_3":3.9792346670559,"column_4":50.88457295,"municipality_name_french":null,"arrondissement":"Arrondissement d\u2019Alost","province":"Province de Flandre orientale"}},{"type":"Feature","geometry":{"type":"Point","coordinates":[3.8252714980661,50.76432255]},"properties":{"column_1":"9500","column_2":"Zarlardinge","column_3":3.8252714980661,"column_4":50.76432255,"municipality_name_french":null,"arrondissement":"Arrondissement d\u2019Alost","province":"Province de Flandre orientale"}},{"type":"Feature","geometry":{"type":"Point","coordinates":[3.9259210427614,50.81624535]},"properties":{"column_1":"9506","column_2":"Smeerebbe-Vloerzegem","column_3":3.9259210427614,"column_4":50.81624535,"municipality_name_french":null,"arrondissement":"Arrondissement d\u2019Alost","province":"Province de Flandre orientale"}},{"type":"Feature","geometry":{"type":"Point","coordinates":[3.9009360317784,50.935088]},"properties":{"column_1":"9520","column_2":"Vlierzele","column_3":3.9009360317784,"column_4":50.935088,"municipality_name_french":null,"arrondissement":"Arrondissement d\u2019Alost","province":"Province de Flandre orientale"}},{"type":"Feature","geometry":{"type":"Point","coordinates":[3.853568,50.895806]},"properties":{"column_1":"9550","column_2":"Hillegem","column_3":3.853568,"column_4":50.895806,"municipality_name_french":null,"arrondissement":"Arrondissement d\u2019Alost","province":"Province de Flandre orientale"}},{"type":"Feature","geometry":{"type":"Point","coordinates":[3.9109808,50.8920791]},"properties":{"column_1":"9551","column_2":"Ressegem","column_3":3.9109808,"column_4":50.8920791,"municipality_name_french":null,"arrondissement":"Arrondissement d\u2019Alost","province":"Province de Flandre orientale"}},{"type":"Feature","geometry":{"type":"Point","coordinates":[3.8945771,50.9047179]},"properties":{"column_1":"9552","column_2":"Borsbeke","column_3":3.8945771,"column_4":50.9047179,"municipality_name_french":null,"arrondissement":"Arrondissement d\u2019Alost","province":"Province de Flandre orientale"}},{"type":"Feature","geometry":{"type":"Point","coordinates":[3.8409061,50.7863579]},"properties":{"column_1":"9570","column_2":"Deftinge","column_3":3.8409061,"column_4":50.7863579,"municipality_name_french":null,"arrondissement":"Arrondissement d\u2019Audenarde","province":"Province de Flandre orientale"}},{"type":"Feature","geometry":{"type":"Point","coordinates":[3.8249605,50.815045]},"properties":{"column_1":"9570","column_2":"Lierde","column_3":3.8249605,"column_4":50.815045,"municipality_name_french":null,"arrondissement":"Arrondissement d\u2019Audenarde","province":"Province de Flandre orientale"}},{"type":"Feature","geometry":{"type":"Point","coordinates":[3.8370299582538,50.8217365]},"properties":{"column_1":"9570","column_2":"Sint-Maria-Lierde","column_3":3.8370299582538,"column_4":50.8217365,"municipality_name_french":null,"arrondissement":"Arrondissement d\u2019Audenarde","province":"Province de Flandre orientale"}},{"type":"Feature","geometry":{"type":"Point","coordinates":[3.8157846440419,50.80452055]},"properties":{"column_1":"9572","column_2":"Sint-Martens-Lierde","column_3":3.8157846440419,"column_4":50.80452055,"municipality_name_french":null,"arrondissement":"Arrondissement d\u2019Audenarde","province":"Province de Flandre orientale"}},{"type":"Feature","geometry":{"type":"Point","coordinates":[3.6020465,50.7476192]},"properties":{"column_1":"9600","column_2":"Renaix","column_3":3.6020465,"column_4":50.7476192,"municipality_name_french":"Renaix","arrondissement":"Arrondissement d\u2019Audenarde","province":"Province de Flandre orientale"}},{"type":"Feature","geometry":{"type":"Point","coordinates":[3.7893247,50.8690354]},"properties":{"column_1":"9620","column_2":"Strijpen","column_3":3.7893247,"column_4":50.8690354,"municipality_name_french":null,"arrondissement":"Arrondissement d\u2019Alost","province":"Province de Flandre orientale"}},{"type":"Feature","geometry":{"type":"Point","coordinates":[3.7552865,50.8891513]},"properties":{"column_1":"9630","column_2":"Hundelgem","column_3":3.7552865,"column_4":50.8891513,"municipality_name_french":null,"arrondissement":"Arrondissement d\u2019Audenarde","province":"Province de Flandre orientale"}},{"type":"Feature","geometry":{"type":"Point","coordinates":[3.7535689,50.8636242]},"properties":{"column_1":"9630","column_2":"Roborst","column_3":3.7535689,"column_4":50.8636242,"municipality_name_french":null,"arrondissement":"Arrondissement d\u2019Audenarde","province":"Province de Flandre orientale"}},{"type":"Feature","geometry":{"type":"Point","coordinates":[3.7533417,50.8488955]},"properties":{"column_1":"9630","column_2":"Rozebeke","column_3":3.7533417,"column_4":50.8488955,"municipality_name_french":null,"arrondissement":"Arrondissement d\u2019Audenarde","province":"Province de Flandre orientale"}},{"type":"Feature","geometry":{"type":"Point","coordinates":[3.7859967948024,50.7685909]},"properties":{"column_1":"9660","column_2":"Everbeek","column_3":3.7859967948024,"column_4":50.7685909,"municipality_name_french":null,"arrondissement":"Arrondissement d\u2019Audenarde","province":"Province de Flandre orientale"}},{"type":"Feature","geometry":{"type":"Point","coordinates":[3.7998568349562,50.82512665]},"properties":{"column_1":"9660","column_2":"Sint-Maria-Oudenhove","column_3":3.7998568349562,"column_4":50.82512665,"municipality_name_french":null,"arrondissement":"Arrondissement d\u2019Alost","province":"Province de Flandre orientale"}},{"type":"Feature","geometry":{"type":"Point","coordinates":[3.799316,50.7849168]},"properties":{"column_1":"9661","column_2":"Parike","column_3":3.799316,"column_4":50.7849168,"municipality_name_french":null,"arrondissement":"Arrondissement d\u2019Audenarde","province":"Province de Flandre orientale"}},{"type":"Feature","geometry":{"type":"Point","coordinates":[3.625998,50.8129246]},"properties":{"column_1":"9680","column_2":"Etikhove","column_3":3.625998,"column_4":50.8129246,"municipality_name_french":null,"arrondissement":"Arrondissement d\u2019Audenarde","province":"Province de Flandre orientale"}},{"type":"Feature","geometry":{"type":"Point","coordinates":[3.5230939,50.7750908]},"properties":{"column_1":"9690","column_2":"Kwaremont","column_3":3.5230939,"column_4":50.7750908,"municipality_name_french":null,"arrondissement":"Arrondissement d\u2019Audenarde","province":"Province de Flandre orientale"}},{"type":"Feature","geometry":{"type":"Point","coordinates":[3.6281646,50.8316945]},"properties":{"column_1":"9700","column_2":"Edelare","column_3":3.6281646,"column_4":50.8316945,"municipality_name_french":null,"arrondissement":"Arrondissement d\u2019Audenarde","province":"Province de Flandre orientale"}},{"type":"Feature","geometry":{"type":"Point","coordinates":[3.6039655,50.8964155]},"properties":{"column_1":"9700","column_2":"Mullem","column_3":3.6039655,"column_4":50.8964155,"municipality_name_french":null,"arrondissement":"Arrondissement d\u2019Audenarde","province":"Province de Flandre orientale"}},{"type":"Feature","geometry":{"type":"Point","coordinates":[3.5514004,50.8711812]},"properties":{"column_1":"9700","column_2":"Ooike","column_3":3.5514004,"column_4":50.8711812,"municipality_name_french":null,"arrondissement":"Arrondissement d\u2019Audenarde","province":"Province de Flandre orientale"}},{"type":"Feature","geometry":{"type":"Point","coordinates":[3.5907777,50.8988246]},"properties":{"column_1":"9750","column_2":"Huise","column_3":3.5907777,"column_4":50.8988246,"municipality_name_french":null,"arrondissement":"Arrondissement d\u2019Audenarde","province":"Province de Flandre orientale"}},{"type":"Feature","geometry":{"type":"Point","coordinates":[3.653793,50.9039326]},"properties":{"column_1":"9750","column_2":"Zingem","column_3":3.653793,"column_4":50.9039326,"municipality_name_french":null,"arrondissement":"Arrondissement d\u2019Audenarde","province":"Province de Flandre orientale"}},{"type":"Feature","geometry":{"type":"Point","coordinates":[3.5404462768494,50.9200896]},"properties":{"column_1":"9770","column_2":"Kruishoutem","column_3":3.5404462768494,"column_4":50.9200896,"municipality_name_french":null,"arrondissement":"Arrondissement d\u2019Audenarde","province":"Province de Flandre orientale"}},{"type":"Feature","geometry":{"type":"Point","coordinates":[3.5628186,50.9845547]},"properties":{"column_1":"9800","column_2":"Astene","column_3":3.5628186,"column_4":50.9845547,"municipality_name_french":null,"arrondissement":"Arrondissement de Gand","province":"Province de Flandre orientale"}},{"type":"Feature","geometry":{"type":"Point","coordinates":[3.6418029,50.9569377]},"properties":{"column_1":"9810","column_2":"Eke","column_3":3.6418029,"column_4":50.9569377,"municipality_name_french":null,"arrondissement":"Arrondissement de Gand","province":"Province de Flandre orientale"}},{"type":"Feature","geometry":{"type":"Point","coordinates":[3.7552702,50.9635195]},"properties":{"column_1":"9820","column_2":"Bottelare","column_3":3.7552702,"column_4":50.9635195,"municipality_name_french":null,"arrondissement":"Arrondissement de Gand","province":"Province de Flandre orientale"}},{"type":"Feature","geometry":{"type":"Point","coordinates":[3.7131906,50.9698809]},"properties":{"column_1":"9820","column_2":"Schelderode","column_3":3.7131906,"column_4":50.9698809,"municipality_name_french":null,"arrondissement":"Arrondissement de Gand","province":"Province de Flandre orientale"}},{"type":"Feature","geometry":{"type":"Point","coordinates":[3.8164475,50.971061]},"properties":{"column_1":"9860","column_2":"Gijzenzele","column_3":3.8164475,"column_4":50.971061,"municipality_name_french":null,"arrondissement":"Arrondissement de Gand","province":"Province de Flandre orientale"}},{"type":"Feature","geometry":{"type":"Point","coordinates":[3.4176803282422,51.088195]},"properties":{"column_1":"9880","column_2":"Aalter","column_3":3.4176803282422,"column_4":51.088195,"municipality_name_french":null,"arrondissement":"Arrondissement de Gand","province":"Province de Flandre orientale"}},{"type":"Feature","geometry":{"type":"Point","coordinates":[3.6894495,50.9176673]},"properties":{"column_1":"9890","column_2":"Dikkelvenne","column_3":3.6894495,"column_4":50.9176673,"municipality_name_french":null,"arrondissement":"Arrondissement de Gand","province":"Province de Flandre orientale"}},{"type":"Feature","geometry":{"type":"Point","coordinates":[3.5665965,51.1844827]},"properties":{"column_1":"9900","column_2":"Eeklo","column_3":3.5665965,"column_4":51.1844827,"municipality_name_french":null,"arrondissement":"Arrondissement d\u2019Eeklo","province":"Province de Flandre orientale"}},{"type":"Feature","geometry":{"type":"Point","coordinates":[3.7471789,51.1793505]},"properties":{"column_1":"9940","column_2":"Ertvelde","column_3":3.7471789,"column_4":51.1793505,"municipality_name_french":null,"arrondissement":"Arrondissement de Gand","province":"Province de Flandre orientale"}},{"type":"Feature","geometry":{"type":"Point","coordinates":[3.7078565,51.1087891]},"properties":{"column_1":"9940","column_2":"Evergem","column_3":3.7078565,"column_4":51.1087891,"municipality_name_french":null,"arrondissement":"Arrondissement de Gand","province":"Province de Flandre orientale"}},{"type":"Feature","geometry":{"type":"Point","coordinates":[3.6061712,51.1515304]},"properties":{"column_1":"9950","column_2":"Waarschoot","column_3":3.6061712,"column_4":51.1515304,"municipality_name_french":null,"arrondissement":"Arrondissement de Gand","province":"Province de Flandre orientale"}},{"type":"Feature","geometry":{"type":"Point","coordinates":[3.6219251372375,51.228952]},"properties":{"column_1":"9970","column_2":"Kaprijke","column_3":3.6219251372375,"column_4":51.228952,"municipality_name_french":null,"arrondissement":"Arrondissement d\u2019Eeklo","province":"Province de Flandre orientale"}},{"type":"Feature","geometry":{"type":"Point","coordinates":[3.626982177111,51.2776499]},"properties":{"column_1":"9988","column_2":"Watervliet","column_3":3.626982177111,"column_4":51.2776499,"municipality_name_french":null,"arrondissement":"Arrondissement d\u2019Eeklo","province":"Province de Flandre orientale"}},{"type":"Feature","geometry":{"type":"Point","coordinates":[4.6199447,50.1579167]},"properties":{"column_1":"5600","column_2":"Sart-En-Fagne","column_3":4.6199447,"column_4":50.1579167,"municipality_name_french":"Philippeville","arrondissement":"Arrondissement de Philippeville","province":"Province de Namur"}},{"type":"Feature","geometry":{"type":"Point","coordinates":[4.6792792,50.2519501]},"properties":{"column_1":"5620","column_2":"Corenne","column_3":4.6792792,"column_4":50.2519501,"municipality_name_french":"Florennes","arrondissement":"Arrondissement de Philippeville","province":"Province de Namur"}},{"type":"Feature","geometry":{"type":"Point","coordinates":[4.6030187,50.2514227]},"properties":{"column_1":"5620","column_2":"Florennes","column_3":4.6030187,"column_4":50.2514227,"municipality_name_french":"Florennes","arrondissement":"Arrondissement de Philippeville","province":"Province de Namur"}},{"type":"Feature","geometry":{"type":"Point","coordinates":[4.5607099,50.2949873]},"properties":{"column_1":"5621","column_2":"Hanzinelle","column_3":4.5607099,"column_4":50.2949873,"municipality_name_french":"Florennes","arrondissement":"Arrondissement de Philippeville","province":"Province de Namur"}},{"type":"Feature","geometry":{"type":"Point","coordinates":[4.5435524,50.3084666]},"properties":{"column_1":"5621","column_2":"Hanzinne","column_3":4.5435524,"column_4":50.3084666,"municipality_name_french":"Florennes","arrondissement":"Arrondissement de Philippeville","province":"Province de Namur"}},{"type":"Feature","geometry":{"type":"Point","coordinates":[4.7197934,50.2975439]},"properties":{"column_1":"5644","column_2":"Ermeton-Sur-Biert","column_3":4.7197934,"column_4":50.2975439,"municipality_name_french":"Mettet","arrondissement":"Arrondissement de Namur","province":"Province de Namur"}},{"type":"Feature","geometry":{"type":"Point","coordinates":[4.6590441,50.2828212]},"properties":{"column_1":"5646","column_2":"Stave","column_3":4.6590441,"column_4":50.2828212,"municipality_name_french":"Mettet","arrondissement":"Arrondissement de Namur","province":"Province de Namur"}},{"type":"Feature","geometry":{"type":"Point","coordinates":[4.3528279,50.2472813]},"properties":{"column_1":"5650","column_2":"Castillon","column_3":4.3528279,"column_4":50.2472813,"municipality_name_french":"Walcourt","arrondissement":"Arrondissement de Philippeville","province":"Province de Namur"}},{"type":"Feature","geometry":{"type":"Point","coordinates":[4.3827342,50.2490122]},"properties":{"column_1":"5650","column_2":"Fontenelle","column_3":4.3827342,"column_4":50.2490122,"municipality_name_french":"Walcourt","arrondissement":"Arrondissement de Philippeville","province":"Province de Namur"}},{"type":"Feature","geometry":{"type":"Point","coordinates":[4.4947935,50.2392649]},"properties":{"column_1":"5650","column_2":"Yves-Gomez\u00e9e","column_3":4.4947935,"column_4":50.2392649,"municipality_name_french":"Walcourt","arrondissement":"Arrondissement de Philippeville","province":"Province de Namur"}},{"type":"Feature","geometry":{"type":"Point","coordinates":[4.4710191,50.0754838]},"properties":{"column_1":"5660","column_2":"Boussu-En-Fagne","column_3":4.4710191,"column_4":50.0754838,"municipality_name_french":"Couvin","arrondissement":"Arrondissement de Philippeville","province":"Province de Namur"}},{"type":"Feature","geometry":{"type":"Point","coordinates":[4.4549981,49.9615402]},"properties":{"column_1":"5660","column_2":"Cul-Des-Sarts","column_3":4.4549981,"column_4":49.9615402,"municipality_name_french":"Couvin","arrondissement":"Arrondissement de Philippeville","province":"Province de Namur"}},{"type":"Feature","geometry":{"type":"Point","coordinates":[4.6712991,50.030867]},"properties":{"column_1":"5670","column_2":"Le Mesnil","column_3":4.6712991,"column_4":50.030867,"municipality_name_french":"Viroinval","arrondissement":"Arrondissement de Philippeville","province":"Province de Namur"}},{"type":"Feature","geometry":{"type":"Point","coordinates":[4.6964875,50.1008805]},"properties":{"column_1":"5670","column_2":"Maz\u00e9e","column_3":4.6964875,"column_4":50.1008805,"municipality_name_french":"Viroinval","arrondissement":"Arrondissement de Philippeville","province":"Province de Namur"}},{"type":"Feature","geometry":{"type":"Point","coordinates":[4.5486173,50.0745275]},"properties":{"column_1":"5670","column_2":"Nismes","column_3":4.5486173,"column_4":50.0745275,"municipality_name_french":"Viroinval","arrondissement":"Arrondissement de Philippeville","province":"Province de Namur"}},{"type":"Feature","geometry":{"type":"Point","coordinates":[4.6748777,50.135223]},"properties":{"column_1":"5680","column_2":"Romer\u00e9e","column_3":4.6748777,"column_4":50.135223,"municipality_name_french":"Doische","arrondissement":"Arrondissement de Philippeville","province":"Province de Namur"}},{"type":"Feature","geometry":{"type":"Point","coordinates":[4.7323157,50.1702393]},"properties":{"column_1":"5680","column_2":"Vodel\u00e9e","column_3":4.7323157,"column_4":50.1702393,"municipality_name_french":"Doische","arrondissement":"Arrondissement de Philippeville","province":"Province de Namur"}},{"type":"Feature","geometry":{"type":"Point","coordinates":[4.4491649999234,50.41571025]},"properties":{"column_1":"6000","column_2":"Charleroi","column_3":4.4491649999234,"column_4":50.41571025,"municipality_name_french":"Charleroi","arrondissement":"Arrondissement de Charleroi","province":"Province du Hainaut"}},{"type":"Feature","geometry":{"type":"Point","coordinates":[4.4360232749854,50.44466065]},"properties":{"column_1":"6040","column_2":"Jumet","column_3":4.4360232749854,"column_4":50.44466065,"municipality_name_french":"Charleroi","arrondissement":"Arrondissement de Charleroi","province":"Province du Hainaut"}},{"type":"Feature","geometry":{"type":"Point","coordinates":[4.481573078145,50.45615655]},"properties":{"column_1":"6043","column_2":"Ransart","column_3":4.481573078145,"column_4":50.45615655,"municipality_name_french":"Charleroi","arrondissement":"Arrondissement de Charleroi","province":"Province du Hainaut"}},{"type":"Feature","geometry":{"type":"Point","coordinates":[4.3907758274107,50.4415002]},"properties":{"column_1":"6044","column_2":"Roux","column_3":4.3907758274107,"column_4":50.4415002,"municipality_name_french":"Charleroi","arrondissement":"Arrondissement de Charleroi","province":"Province du Hainaut"}},{"type":"Feature","geometry":{"type":"Point","coordinates":[4.4729234863084,50.4109216]},"properties":{"column_1":"6061","column_2":"Montignies-Sur-Sambre","column_3":4.4729234863084,"column_4":50.4109216,"municipality_name_french":"Charleroi","arrondissement":"Arrondissement de Charleroi","province":"Province du Hainaut"}},{"type":"Feature","geometry":{"type":"Point","coordinates":[4.3496404,50.377822]},"properties":{"column_1":"6111","column_2":"Landelies","column_3":4.3496404,"column_4":50.377822,"municipality_name_french":"Montigny-le-Tilleul","arrondissement":"Arrondissement de Charleroi","province":"Province du Hainaut"}},{"type":"Feature","geometry":{"type":"Point","coordinates":[4.3198191,50.4383794]},"properties":{"column_1":"6141","column_2":"Forchies-La-Marche","column_3":4.3198191,"column_4":50.4383794,"municipality_name_french":"Fontaine-l'\u00c9v\u00eaque","arrondissement":"Arrondissement de Charleroi","province":"Province du Hainaut"}},{"type":"Feature","geometry":{"type":"Point","coordinates":[4.4252588130793,50.53495775]},"properties":{"column_1":"6210","column_2":"Les Bons Villers","column_3":4.4252588130793,"column_4":50.53495775,"municipality_name_french":"Les Bons Villers","arrondissement":"Arrondissement de Charleroi","province":"Province du Hainaut"}},{"type":"Feature","geometry":{"type":"Point","coordinates":[4.4782005997401,50.50462075]},"properties":{"column_1":"6211","column_2":"Mellet","column_3":4.4782005997401,"column_4":50.50462075,"municipality_name_french":"Les Bons Villers","arrondissement":"Arrondissement de Charleroi","province":"Province du Hainaut"}},{"type":"Feature","geometry":{"type":"Point","coordinates":[4.5579198971642,50.45472595]},"properties":{"column_1":"6220","column_2":"Lambusart","column_3":4.5579198971642,"column_4":50.45472595,"municipality_name_french":"Fleurus","arrondissement":"Arrondissement de Charleroi","province":"Province du Hainaut"}},{"type":"Feature","geometry":{"type":"Point","coordinates":[4.553041,50.4273228]},"properties":{"column_1":"6240","column_2":"Farciennes","column_3":4.553041,"column_4":50.4273228,"municipality_name_french":"Farciennes","arrondissement":"Arrondissement de Charleroi","province":"Province du Hainaut"}},{"type":"Feature","geometry":{"type":"Point","coordinates":[4.47342,50.374997]},"properties":{"column_1":"6280","column_2":"Loverval","column_3":4.47342,"column_4":50.374997,"municipality_name_french":"Gerpinnes","arrondissement":"Arrondissement de Charleroi","province":"Province du Hainaut"}},{"type":"Feature","geometry":{"type":"Point","coordinates":[4.3767743,50.2262753]},"properties":{"column_1":"6440","column_2":"Boussu-Lez-Walcourt","column_3":4.3767743,"column_4":50.2262753,"municipality_name_french":"Froidchapelle","arrondissement":"Arrondissement de Thuin","province":"Province du Hainaut"}},{"type":"Feature","geometry":{"type":"Point","coordinates":[4.3269129,50.1511597]},"properties":{"column_1":"6440","column_2":"Froidchapelle","column_3":4.3269129,"column_4":50.1511597,"municipality_name_french":"Froidchapelle","arrondissement":"Arrondissement de Thuin","province":"Province du Hainaut"}},{"type":"Feature","geometry":{"type":"Point","coordinates":[4.431664,49.947246]},"properties":{"column_1":"6464","column_2":"L'escaill\u00e8re","column_3":4.431664,"column_4":49.947246,"municipality_name_french":"Chimay","arrondissement":"Arrondissement de Thuin","province":"Province du Hainaut"}},{"type":"Feature","geometry":{"type":"Point","coordinates":[4.368311,49.960822]},"properties":{"column_1":"6464","column_2":"Ri\u00e8zes","column_3":4.368311,"column_4":49.960822,"municipality_name_french":"Chimay","arrondissement":"Arrondissement de Thuin","province":"Province du Hainaut"}},{"type":"Feature","geometry":{"type":"Point","coordinates":[4.1714631,50.200517]},"properties":{"column_1":"6470","column_2":"Grandrieu","column_3":4.1714631,"column_4":50.200517,"municipality_name_french":"Sivry-Rance","arrondissement":"Arrondissement de Thuin","province":"Province du Hainaut"}},{"type":"Feature","geometry":{"type":"Point","coordinates":[4.224365,50.1344457]},"properties":{"column_1":"6470","column_2":"Montbliart","column_3":4.224365,"column_4":50.1344457,"municipality_name_french":"Sivry-Rance","arrondissement":"Arrondissement de Thuin","province":"Province du Hainaut"}},{"type":"Feature","geometry":{"type":"Point","coordinates":[4.2731851,50.1430111]},"properties":{"column_1":"6470","column_2":"Rance","column_3":4.2731851,"column_4":50.1430111,"municipality_name_french":"Sivry-Rance","arrondissement":"Arrondissement de Thuin","province":"Province du Hainaut"}},{"type":"Feature","geometry":{"type":"Point","coordinates":[4.1792797,50.1678978]},"properties":{"column_1":"6470","column_2":"Sivry","column_3":4.1792797,"column_4":50.1678978,"municipality_name_french":"Sivry-Rance","arrondissement":"Arrondissement de Thuin","province":"Province du Hainaut"}},{"type":"Feature","geometry":{"type":"Point","coordinates":[4.2670432,50.189927]},"properties":{"column_1":"6500","column_2":"Renlies","column_3":4.2670432,"column_4":50.189927,"municipality_name_french":"Beaumont","arrondissement":"Arrondissement de Thuin","province":"Province du Hainaut"}},{"type":"Feature","geometry":{"type":"Point","coordinates":[4.2980462,50.2766332]},"properties":{"column_1":"6511","column_2":"Str\u00e9e","column_3":4.2980462,"column_4":50.2766332,"municipality_name_french":"Beaumont","arrondissement":"Arrondissement de Thuin","province":"Province du Hainaut"}},{"type":"Feature","geometry":{"type":"Point","coordinates":[4.2591396,50.3250862]},"properties":{"column_1":"6533","column_2":"Bierc\u00e9e","column_3":4.2591396,"column_4":50.3250862,"municipality_name_french":"Thuin","arrondissement":"Arrondissement de Thuin","province":"Province du Hainaut"}},{"type":"Feature","geometry":{"type":"Point","coordinates":[4.3515595,50.3332279]},"properties":{"column_1":"6534","column_2":"Goz\u00e9e","column_3":4.3515595,"column_4":50.3332279,"municipality_name_french":"Thuin","arrondissement":"Arrondissement de Thuin","province":"Province du Hainaut"}},{"type":"Feature","geometry":{"type":"Point","coordinates":[4.2155807,50.3512087]},"properties":{"column_1":"6543","column_2":"Bienne-Lez-Happart","column_3":4.2155807,"column_4":50.3512087,"municipality_name_french":"Lobbes","arrondissement":"Arrondissement de Thuin","province":"Province du Hainaut"}},{"type":"Feature","geometry":{"type":"Point","coordinates":[4.0705909,50.3287642]},"properties":{"column_1":"6560","column_2":"Grand-Reng","column_3":4.0705909,"column_4":50.3287642,"municipality_name_french":"Erquelinnes","arrondissement":"Arrondissement de Thuin","province":"Province du Hainaut"}},{"type":"Feature","geometry":{"type":"Point","coordinates":[5.8368151,50.0249524]},"properties":{"column_1":"6600","column_2":"Longvilly","column_3":5.8368151,"column_4":50.0249524,"municipality_name_french":"Bastogne","arrondissement":"Arrondissement de Bastogne","province":"Province du Luxembourg"}},{"type":"Feature","geometry":{"type":"Point","coordinates":[5.7616864,50.0651684]},"properties":{"column_1":"6600","column_2":"Noville","column_3":5.7616864,"column_4":50.0651684,"municipality_name_french":"Bastogne","arrondissement":"Arrondissement de Bastogne","province":"Province du Luxembourg"}},{"type":"Feature","geometry":{"type":"Point","coordinates":[5.665031,49.8509306]},"properties":{"column_1":"6637","column_2":"Fauvillers","column_3":5.665031,"column_4":49.8509306,"municipality_name_french":"Fauvillers","arrondissement":"Arrondissement de Bastogne","province":"Province du Luxembourg"}},{"type":"Feature","geometry":{"type":"Point","coordinates":[5.6881541,49.9064531]},"properties":{"column_1":"6637","column_2":"Hollange","column_3":5.6881541,"column_4":49.9064531,"municipality_name_french":"Fauvillers","arrondissement":"Arrondissement de Bastogne","province":"Province du Luxembourg"}},{"type":"Feature","geometry":{"type":"Point","coordinates":[5.7886928,50.1323761]},"properties":{"column_1":"6660","column_2":"Houffalize","column_3":5.7886928,"column_4":50.1323761,"municipality_name_french":"Houffalize","arrondissement":"Arrondissement de Bastogne","province":"Province du Luxembourg"}},{"type":"Feature","geometry":{"type":"Point","coordinates":[5.6807442,50.1611829]},"properties":{"column_1":"6660","column_2":"Nadrin","column_3":5.6807442,"column_4":50.1611829,"municipality_name_french":"Houffalize","arrondissement":"Arrondissement de Bastogne","province":"Province du Luxembourg"}},{"type":"Feature","geometry":{"type":"Point","coordinates":[5.9393768987183,50.1608553]},"properties":{"column_1":"6670","column_2":"Limerl\u00e9","column_3":5.9393768987183,"column_4":50.1608553,"municipality_name_french":"Gouvy","arrondissement":"Arrondissement de Bastogne","province":"Province du Luxembourg"}},{"type":"Feature","geometry":{"type":"Point","coordinates":[5.5272931,50.0292955]},"properties":{"column_1":"6680","column_2":"Amberloup","column_3":5.5272931,"column_4":50.0292955,"municipality_name_french":"Sainte-Ode","arrondissement":"Arrondissement de Bastogne","province":"Province du Luxembourg"}},{"type":"Feature","geometry":{"type":"Point","coordinates":[5.5297763,50.0097939]},"properties":{"column_1":"6680","column_2":"Tillet","column_3":5.5297763,"column_4":50.0097939,"municipality_name_french":"Sainte-Ode","arrondissement":"Arrondissement de Bastogne","province":"Province du Luxembourg"}},{"type":"Feature","geometry":{"type":"Point","coordinates":[5.5136455,50.052317]},"properties":{"column_1":"6681","column_2":"Lavacherie","column_3":5.5136455,"column_4":50.052317,"municipality_name_french":"Sainte-Ode","arrondissement":"Arrondissement de Bastogne","province":"Province du Luxembourg"}},{"type":"Feature","geometry":{"type":"Point","coordinates":[5.6675577,50.0842908]},"properties":{"column_1":"6687","column_2":"Bertogne","column_3":5.6675577,"column_4":50.0842908,"municipality_name_french":"Bertogne","arrondissement":"Arrondissement de Bastogne","province":"Province du Luxembourg"}},{"type":"Feature","geometry":{"type":"Point","coordinates":[5.6892466,50.0535428]},"properties":{"column_1":"6688","column_2":"Longchamps","column_3":5.6892466,"column_4":50.0535428,"municipality_name_french":"Bertogne","arrondissement":"Arrondissement de Bastogne","province":"Province du Luxembourg"}},{"type":"Feature","geometry":{"type":"Point","coordinates":[5.8082072,50.2390245]},"properties":{"column_1":"6690","column_2":"Bihain","column_3":5.8082072,"column_4":50.2390245,"municipality_name_french":"Vielsalm","arrondissement":"Arrondissement de Bastogne","province":"Province du Luxembourg"}},{"type":"Feature","geometry":{"type":"Point","coordinates":[5.7872217,49.7514982]},"properties":{"column_1":"6717","column_2":"Attert","column_3":5.7872217,"column_4":49.7514982,"municipality_name_french":"Attert","arrondissement":"Arrondissement d\u2019Arlon","province":"Province du Luxembourg"}},{"type":"Feature","geometry":{"type":"Point","coordinates":[5.7187077,49.7399333]},"properties":{"column_1":"6717","column_2":"Nobressart","column_3":5.7187077,"column_4":49.7399333,"municipality_name_french":"Attert","arrondissement":"Arrondissement d\u2019Arlon","province":"Province du Luxembourg"}},{"type":"Feature","geometry":{"type":"Point","coordinates":[5.7291343,49.7159959]},"properties":{"column_1":"6717","column_2":"Thiaumont","column_3":5.7291343,"column_4":49.7159959,"municipality_name_french":"Attert","arrondissement":"Arrondissement d\u2019Arlon","province":"Province du Luxembourg"}},{"type":"Feature","geometry":{"type":"Point","coordinates":[5.5932514325174,49.73558035]},"properties":{"column_1":"6720","column_2":"Habay","column_3":5.5932514325174,"column_4":49.73558035,"municipality_name_french":"Habay","arrondissement":"Arrondissement de Virton","province":"Province du Luxembourg"}},{"type":"Feature","geometry":{"type":"Point","coordinates":[5.6805003,49.7015507]},"properties":{"column_1":"6720","column_2":"Hachy","column_3":5.6805003,"column_4":49.7015507,"municipality_name_french":"Habay","arrondissement":"Arrondissement de Virton","province":"Province du Luxembourg"}},{"type":"Feature","geometry":{"type":"Point","coordinates":[5.4851582,49.718767]},"properties":{"column_1":"6730","column_2":"Rossignol","column_3":5.4851582,"column_4":49.718767,"municipality_name_french":"Tintigny","arrondissement":"Arrondissement de Virton","province":"Province du Luxembourg"}},{"type":"Feature","geometry":{"type":"Point","coordinates":[5.5982415,49.6729527]},"properties":{"column_1":"6740","column_2":"Etalle","column_3":5.5982415,"column_4":49.6729527,"municipality_name_french":"\u00c9talle","arrondissement":"Arrondissement de Virton","province":"Province du Luxembourg"}},{"type":"Feature","geometry":{"type":"Point","coordinates":[5.5329559,49.5677263]},"properties":{"column_1":"6760","column_2":"Virton","column_3":5.5329559,"column_4":49.5677263,"municipality_name_french":"Virton","arrondissement":"Arrondissement de Virton","province":"Province du Luxembourg"}},{"type":"Feature","geometry":{"type":"Point","coordinates":[5.4996797,49.534288]},"properties":{"column_1":"6767","column_2":"Harnoncourt","column_3":5.4996797,"column_4":49.534288,"municipality_name_french":"Rouvroy","arrondissement":"Arrondissement de Virton","province":"Province du Luxembourg"}},{"type":"Feature","geometry":{"type":"Point","coordinates":[5.48971,49.539075]},"properties":{"column_1":"6767","column_2":"Rouvroy","column_3":5.48971,"column_4":49.539075,"municipality_name_french":"Rouvroy","arrondissement":"Arrondissement de Virton","province":"Province du Luxembourg"}},{"type":"Feature","geometry":{"type":"Point","coordinates":[5.7608307,49.6153377]},"properties":{"column_1":"6782","column_2":"Habergy","column_3":5.7608307,"column_4":49.6153377,"municipality_name_french":"Messancy","arrondissement":"Arrondissement d\u2019Arlon","province":"Province du Luxembourg"}},{"type":"Feature","geometry":{"type":"Point","coordinates":[5.3877654,49.9760182]},"properties":{"column_1":"6800","column_2":"Bras","column_3":5.3877654,"column_4":49.9760182,"municipality_name_french":"Libramont-Chevigny","arrondissement":"Arrondissement de Neufch\u00e2teau","province":"Province du Luxembourg"}},{"type":"Feature","geometry":{"type":"Point","coordinates":[5.4497307,49.9708428]},"properties":{"column_1":"6800","column_2":"Freux","column_3":5.4497307,"column_4":49.9708428,"municipality_name_french":"Libramont-Chevigny","arrondissement":"Arrondissement de Neufch\u00e2teau","province":"Province du Luxembourg"}},{"type":"Feature","geometry":{"type":"Point","coordinates":[5.386433,49.9047868]},"properties":{"column_1":"6800","column_2":"Saint-Pierre","column_3":5.386433,"column_4":49.9047868,"municipality_name_french":"Libramont-Chevigny","arrondissement":"Arrondissement de Neufch\u00e2teau","province":"Province du Luxembourg"}},{"type":"Feature","geometry":{"type":"Point","coordinates":[5.4578106,49.9235741]},"properties":{"column_1":"6800","column_2":"Sainte-Marie-Chevigny","column_3":5.4578106,"column_4":49.9235741,"municipality_name_french":"Libramont-Chevigny","arrondissement":"Arrondissement de Neufch\u00e2teau","province":"Province du Luxembourg"}},{"type":"Feature","geometry":{"type":"Point","coordinates":[5.3747807,49.693986]},"properties":{"column_1":"6810","column_2":"Izel","column_3":5.3747807,"column_4":49.693986,"municipality_name_french":"Chiny","arrondissement":"Arrondissement de Virton","province":"Province du Luxembourg"}},{"type":"Feature","geometry":{"type":"Point","coordinates":[5.4263273,49.7031011]},"properties":{"column_1":"6811","column_2":"Les Bulles","column_3":5.4263273,"column_4":49.7031011,"municipality_name_french":"Chiny","arrondissement":"Arrondissement de Virton","province":"Province du Luxembourg"}},{"type":"Feature","geometry":{"type":"Point","coordinates":[5.0070138,49.8404522]},"properties":{"column_1":"6830","column_2":"Rochehaut","column_3":5.0070138,"column_4":49.8404522,"municipality_name_french":"Bouillon","arrondissement":"Arrondissement de Neufch\u00e2teau","province":"Province du Luxembourg"}},{"type":"Feature","geometry":{"type":"Point","coordinates":[5.0738804,49.8254037]},"properties":{"column_1":"6832","column_2":"Sensenruth","column_3":5.0738804,"column_4":49.8254037,"municipality_name_french":"Bouillon","arrondissement":"Arrondissement de Neufch\u00e2teau","province":"Province du Luxembourg"}},{"type":"Feature","geometry":{"type":"Point","coordinates":[5.0388784,49.8675973]},"properties":{"column_1":"6833","column_2":"Vivy","column_3":5.0388784,"column_4":49.8675973,"municipality_name_french":"Bouillon","arrondissement":"Arrondissement de Neufch\u00e2teau","province":"Province du Luxembourg"}},{"type":"Feature","geometry":{"type":"Point","coordinates":[6.0129575,50.3912772]},"properties":{"column_1":"6834","column_2":"Bellevaux","column_3":6.0129575,"column_4":50.3912772,"municipality_name_french":"Bouillon","arrondissement":"Arrondissement de Verviers","province":"Province de Li\u00e8ge"}},{"type":"Feature","geometry":{"type":"Point","coordinates":[5.5381496,49.8003582]},"properties":{"column_1":"6860","column_2":"L\u00e9glise","column_3":5.5381496,"column_4":49.8003582,"municipality_name_french":"L\u00e9glise","arrondissement":"Arrondissement de Neufch\u00e2teau","province":"Province du Luxembourg"}},{"type":"Feature","geometry":{"type":"Point","coordinates":[5.1823728,49.8157173]},"properties":{"column_1":"6880","column_2":"Auby-Sur-Semois","column_3":5.1823728,"column_4":49.8157173,"municipality_name_french":"Bertrix","arrondissement":"Arrondissement de Neufch\u00e2teau","province":"Province du Luxembourg"}},{"type":"Feature","geometry":{"type":"Point","coordinates":[5.016947,50.0017421]},"properties":{"column_1":"6929","column_2":"Haut-Fays","column_3":5.016947,"column_4":50.0017421,"municipality_name_french":"Daverdisse","arrondissement":"Arrondissement de Neufch\u00e2teau","province":"Province du Luxembourg"}},{"type":"Feature","geometry":{"type":"Point","coordinates":[5.4086678,50.3299795]},"properties":{"column_1":"6940","column_2":"Grandhan","column_3":5.4086678,"column_4":50.3299795,"municipality_name_french":"Durbuy","arrondissement":"Arrondissement de Marche-en-Famenne","province":"Province du Luxembourg"}},{"type":"Feature","geometry":{"type":"Point","coordinates":[5.5793252,50.3848936]},"properties":{"column_1":"6941","column_2":"Izier","column_3":5.5793252,"column_4":50.3848936,"municipality_name_french":"Durbuy","arrondissement":"Arrondissement de Marche-en-Famenne","province":"Province du Luxembourg"}},{"type":"Feature","geometry":{"type":"Point","coordinates":[5.481405,50.3810361]},"properties":{"column_1":"6941","column_2":"Tohogne","column_3":5.481405,"column_4":50.3810361,"municipality_name_french":"Durbuy","arrondissement":"Arrondissement de Marche-en-Famenne","province":"Province du Luxembourg"}},{"type":"Feature","geometry":{"type":"Point","coordinates":[5.4154822,50.1665822]},"properties":{"column_1":"6951","column_2":"Bande","column_3":5.4154822,"column_4":50.1665822,"municipality_name_french":"Nassogne","arrondissement":"Arrondissement de Marche-en-Famenne","province":"Province du Luxembourg"}},{"type":"Feature","geometry":{"type":"Point","coordinates":[5.3136921,50.1143521]},"properties":{"column_1":"6953","column_2":"Masbourg","column_3":5.3136921,"column_4":50.1143521,"municipality_name_french":"Nassogne","arrondissement":"Arrondissement de Marche-en-Famenne","province":"Province du Luxembourg"}},{"type":"Feature","geometry":{"type":"Point","coordinates":[5.6230297,50.234199]},"properties":{"column_1":"6960","column_2":"Dochamps","column_3":5.6230297,"column_4":50.234199,"municipality_name_french":"Manhay","arrondissement":"Arrondissement de Marche-en-Famenne","province":"Province du Luxembourg"}},{"type":"Feature","geometry":{"type":"Point","coordinates":[5.6625445,50.2922823]},"properties":{"column_1":"6960","column_2":"Grandmenil","column_3":5.6625445,"column_4":50.2922823,"municipality_name_french":"Manhay","arrondissement":"Arrondissement de Marche-en-Famenne","province":"Province du Luxembourg"}},{"type":"Feature","geometry":{"type":"Point","coordinates":[5.7155249,50.2816159]},"properties":{"column_1":"6960","column_2":"Malempr\u00e9","column_3":5.7155249,"column_4":50.2816159,"municipality_name_french":"Manhay","arrondissement":"Arrondissement de Marche-en-Famenne","province":"Province du Luxembourg"}},{"type":"Feature","geometry":{"type":"Point","coordinates":[5.4463304,50.2688011]},"properties":{"column_1":"6990","column_2":"Hotton","column_3":5.4463304,"column_4":50.2688011,"municipality_name_french":"Hotton","arrondissement":"Arrondissement de Marche-en-Famenne","province":"Province du Luxembourg"}},{"type":"Feature","geometry":{"type":"Point","coordinates":[5.7189108,50.1458065]},"properties":{"column_1":"6997","column_2":"Mormont","column_3":5.7189108,"column_4":50.1458065,"municipality_name_french":"\u00c9rez\u00e9e","arrondissement":"Arrondissement de Bastogne","province":"Province du Luxembourg"}},{"type":"Feature","geometry":{"type":"Point","coordinates":[5.5100929,50.285577]},"properties":{"column_1":"6997","column_2":"Soy","column_3":5.5100929,"column_4":50.285577,"municipality_name_french":"\u00c9rez\u00e9e","arrondissement":"Arrondissement de Marche-en-Famenne","province":"Province du Luxembourg"}},{"type":"Feature","geometry":{"type":"Point","coordinates":[3.8878381,50.4367571]},"properties":{"column_1":"7012","column_2":"Fl\u00e9nu","column_3":3.8878381,"column_4":50.4367571,"municipality_name_french":"Mons","arrondissement":"Arrondissement de Mons","province":"Province du Hainaut"}},{"type":"Feature","geometry":{"type":"Point","coordinates":[3.8894392,50.448422]},"properties":{"column_1":"7012","column_2":"Jemappes","column_3":3.8894392,"column_4":50.448422,"municipality_name_french":"Mons","arrondissement":"Arrondissement de Mons","province":"Province du Hainaut"}},{"type":"Feature","geometry":{"type":"Point","coordinates":[3.9545894,50.4759358]},"properties":{"column_1":"7020","column_2":"Nimy","column_3":3.9545894,"column_4":50.4759358,"municipality_name_french":"Mons","arrondissement":"Arrondissement de Mons","province":"Province du Hainaut"}},{"type":"Feature","geometry":{"type":"Point","coordinates":[3.9619447,50.4392359]},"properties":{"column_1":"7022","column_2":"Hyon","column_3":3.9619447,"column_4":50.4392359,"municipality_name_french":"Mons","arrondissement":"Arrondissement de Mons","province":"Province du Hainaut"}},{"type":"Feature","geometry":{"type":"Point","coordinates":[3.9689185,50.4100798]},"properties":{"column_1":"7022","column_2":"Nouvelles","column_3":3.9689185,"column_4":50.4100798,"municipality_name_french":"Mons","arrondissement":"Arrondissement de Mons","province":"Province du Hainaut"}},{"type":"Feature","geometry":{"type":"Point","coordinates":[3.9438349,50.4193042]},"properties":{"column_1":"7024","column_2":"Ciply","column_3":3.9438349,"column_4":50.4193042,"municipality_name_french":"Mons","arrondissement":"Arrondissement de Mons","province":"Province du Hainaut"}},{"type":"Feature","geometry":{"type":"Point","coordinates":[3.9206652,50.436171]},"properties":{"column_1":"7033","column_2":"Cuesmes","column_3":3.9206652,"column_4":50.436171,"municipality_name_french":"Mons","arrondissement":"Arrondissement de Mons","province":"Province du Hainaut"}},{"type":"Feature","geometry":{"type":"Point","coordinates":[3.8577095,50.528238]},"properties":{"column_1":"7050","column_2":"Herchies","column_3":3.8577095,"column_4":50.528238,"municipality_name_french":"Jurbise","arrondissement":"Arrondissement de Mons","province":"Province du Hainaut"}},{"type":"Feature","geometry":{"type":"Point","coordinates":[4.1011662,50.5536883]},"properties":{"column_1":"7062","column_2":"Naast","column_3":4.1011662,"column_4":50.5536883,"municipality_name_french":"Soignies","arrondissement":"Arrondissement de Soignies","province":"Province du Hainaut"}},{"type":"Feature","geometry":{"type":"Point","coordinates":[4.0894781,50.6240857]},"properties":{"column_1":"7090","column_2":"Petit-Roeulx-Lez-Braine","column_3":4.0894781,"column_4":50.6240857,"municipality_name_french":"Braine-le-Comte","arrondissement":"Arrondissement de Soignies","province":"Province du Hainaut"}},{"type":"Feature","geometry":{"type":"Point","coordinates":[4.2000181,50.4547557]},"properties":{"column_1":"7100","column_2":"Haine-Saint-Pierre","column_3":4.2000181,"column_4":50.4547557,"municipality_name_french":"La Louvi\u00e8re","arrondissement":"Arrondissement de La Louvi\u00e8re","province":"Province du Hainaut"}},{"type":"Feature","geometry":{"type":"Point","coordinates":[4.1207031,50.474474]},"properties":{"column_1":"7110","column_2":"Str\u00e9py-Bracquegnies","column_3":4.1207031,"column_4":50.474474,"municipality_name_french":"La Louvi\u00e8re","arrondissement":"Arrondissement de La Louvi\u00e8re","province":"Province du Hainaut"}},{"type":"Feature","geometry":{"type":"Point","coordinates":[4.0975758,50.3976702]},"properties":{"column_1":"7120","column_2":"Estinnes","column_3":4.0975758,"column_4":50.3976702,"municipality_name_french":"Estinnes","arrondissement":"Arrondissement de La Louvi\u00e8re","province":"Province du Hainaut"}},{"type":"Feature","geometry":{"type":"Point","coordinates":[4.1701677159951,50.412824846085]},"properties":{"column_1":"7130","column_2":"Binche","column_3":4.1701677159951,"column_4":50.412824846085,"municipality_name_french":"Binche","arrondissement":"Arrondissement de La Louvi\u00e8re","province":"Province du Hainaut"}},{"type":"Feature","geometry":{"type":"Point","coordinates":[4.1024947,50.4299906]},"properties":{"column_1":"7130","column_2":"Bray","column_3":4.1024947,"column_4":50.4299906,"municipality_name_french":"Binche","arrondissement":"Arrondissement de La Louvi\u00e8re","province":"Province du Hainaut"}},{"type":"Feature","geometry":{"type":"Point","coordinates":[4.150981,50.4137808]},"properties":{"column_1":"7131","column_2":"Waudrez","column_3":4.150981,"column_4":50.4137808,"municipality_name_french":"Binche","arrondissement":"Arrondissement de La Louvi\u00e8re","province":"Province du Hainaut"}},{"type":"Feature","geometry":{"type":"Point","coordinates":[4.2055425,50.3897538]},"properties":{"column_1":"7133","column_2":"Buvrinnes","column_3":4.2055425,"column_4":50.3897538,"municipality_name_french":"Binche","arrondissement":"Arrondissement de La Louvi\u00e8re","province":"Province du Hainaut"}},{"type":"Feature","geometry":{"type":"Point","coordinates":[4.218073,50.416547]},"properties":{"column_1":"7134","column_2":"Leval-Trahegnies","column_3":4.218073,"column_4":50.416547,"municipality_name_french":"Binche","arrondissement":"Arrondissement de La Louvi\u00e8re","province":"Province du Hainaut"}},{"type":"Feature","geometry":{"type":"Point","coordinates":[4.2542126,50.443039]},"properties":{"column_1":"7141","column_2":"Carni\u00e8res","column_3":4.2542126,"column_4":50.443039,"municipality_name_french":"Morlanwelz","arrondissement":"Arrondissement de La Louvi\u00e8re","province":"Province du Hainaut"}},{"type":"Feature","geometry":{"type":"Point","coordinates":[4.2343288,50.5036133]},"properties":{"column_1":"7170","column_2":"Manage","column_3":4.2343288,"column_4":50.5036133,"municipality_name_french":"Manage","arrondissement":"Arrondissement de Soignies","province":"Province du Hainaut"}},{"type":"Feature","geometry":{"type":"Point","coordinates":[4.287514819651,50.5640405]},"properties":{"column_1":"7181","column_2":"Arquennes","column_3":4.287514819651,"column_4":50.5640405,"municipality_name_french":"Seneffe","arrondissement":"Arrondissement de Soignies","province":"Province du Hainaut"}},{"type":"Feature","geometry":{"type":"Point","coordinates":[4.1776303,50.5714795]},"properties":{"column_1":"7190","column_2":"Ecaussinnes-D'enghien","column_3":4.1776303,"column_4":50.5714795,"municipality_name_french":"\u00c9caussinnes","arrondissement":"Arrondissement de Soignies","province":"Province du Hainaut"}},{"type":"Feature","geometry":{"type":"Point","coordinates":[3.6504677,50.475502]},"properties":{"column_1":"7320","column_2":"Bernissart","column_3":3.6504677,"column_4":50.475502,"municipality_name_french":"Bernissart","arrondissement":"Arrondissement d\u2019Ath","province":"Province du Hainaut"}},{"type":"Feature","geometry":{"type":"Point","coordinates":[3.6936,50.4794445]},"properties":{"column_1":"7321","column_2":"Harchies","column_3":3.6936,"column_4":50.4794445,"municipality_name_french":"Bernissart","arrondissement":"Arrondissement d\u2019Ath","province":"Province du Hainaut"}},{"type":"Feature","geometry":{"type":"Point","coordinates":[3.7304437,50.471652]},"properties":{"column_1":"7322","column_2":"Ville-Pommeroeul","column_3":3.7304437,"column_4":50.471652,"municipality_name_french":"Bernissart","arrondissement":"Arrondissement d\u2019Ath","province":"Province du Hainaut"}},{"type":"Feature","geometry":{"type":"Point","coordinates":[3.7881267,50.5060592]},"properties":{"column_1":"7332","column_2":"Sirault","column_3":3.7881267,"column_4":50.5060592,"municipality_name_french":"Saint-Ghislain","arrondissement":"Arrondissement de Mons","province":"Province du Hainaut"}},{"type":"Feature","geometry":{"type":"Point","coordinates":[3.7650049,50.4823864]},"properties":{"column_1":"7334","column_2":"Hautrage","column_3":3.7650049,"column_4":50.4823864,"municipality_name_french":"Saint-Ghislain","arrondissement":"Arrondissement de Mons","province":"Province du Hainaut"}},{"type":"Feature","geometry":{"type":"Point","coordinates":[3.7806897,50.3978815]},"properties":{"column_1":"7370","column_2":"Dour","column_3":3.7806897,"column_4":50.3978815,"municipality_name_french":"Dour","arrondissement":"Arrondissement de Mons","province":"Province du Hainaut"}},{"type":"Feature","geometry":{"type":"Point","coordinates":[3.6957835,50.387884]},"properties":{"column_1":"7380","column_2":"Baisieux","column_3":3.6957835,"column_4":50.387884,"municipality_name_french":"Qui\u00e9vrain","arrondissement":"Arrondissement de Mons","province":"Province du Hainaut"}},{"type":"Feature","geometry":{"type":"Point","coordinates":[3.6819263,50.4084818]},"properties":{"column_1":"7380","column_2":"Qui\u00e9vrain","column_3":3.6819263,"column_4":50.4084818,"municipality_name_french":"Qui\u00e9vrain","arrondissement":"Arrondissement de Mons","province":"Province du Hainaut"}},{"type":"Feature","geometry":{"type":"Point","coordinates":[3.6911259,50.3509285]},"properties":{"column_1":"7387","column_2":"Angreau","column_3":3.6911259,"column_4":50.3509285,"municipality_name_french":"Honnelles","arrondissement":"Arrondissement de Mons","province":"Province du Hainaut"}},{"type":"Feature","geometry":{"type":"Point","coordinates":[3.7333223,50.3680079]},"properties":{"column_1":"7387","column_2":"Montignies-Sur-Roc","column_3":3.7333223,"column_4":50.3680079,"municipality_name_french":"Honnelles","arrondissement":"Arrondissement de Mons","province":"Province du Hainaut"}},{"type":"Feature","geometry":{"type":"Point","coordinates":[3.3668477,50.5822217]},"properties":{"column_1":"7500","column_2":"Ere","column_3":3.3668477,"column_4":50.5822217,"municipality_name_french":"Tournai","arrondissement":"Arrondissement de Tournai-Mouscron","province":"Province du Hainaut"}},{"type":"Feature","geometry":{"type":"Point","coordinates":[3.3038112,50.5743852]},"properties":{"column_1":"7502","column_2":"Esplechin","column_3":3.3038112,"column_4":50.5743852,"municipality_name_french":"Tournai","arrondissement":"Arrondissement de Tournai-Mouscron","province":"Province du Hainaut"}},{"type":"Feature","geometry":{"type":"Point","coordinates":[3.3569842,50.6195489]},"properties":{"column_1":"7503","column_2":"Froyennes","column_3":3.3569842,"column_4":50.6195489,"municipality_name_french":"Tournai","arrondissement":"Arrondissement de Tournai-Mouscron","province":"Province du Hainaut"}},{"type":"Feature","geometry":{"type":"Point","coordinates":[3.3287795,50.57792]},"properties":{"column_1":"7504","column_2":"Froidmont","column_3":3.3287795,"column_4":50.57792,"municipality_name_french":"Tournai","arrondissement":"Arrondissement de Tournai-Mouscron","province":"Province du Hainaut"}},{"type":"Feature","geometry":{"type":"Point","coordinates":[3.350025,50.573981]},"properties":{"column_1":"7506","column_2":"Willemeau","column_3":3.350025,"column_4":50.573981,"municipality_name_french":"Tournai","arrondissement":"Arrondissement de Tournai-Mouscron","province":"Province du Hainaut"}},{"type":"Feature","geometry":{"type":"Point","coordinates":[3.335337,50.651295]},"properties":{"column_1":"7520","column_2":"Ramegnies-Chin","column_3":3.335337,"column_4":50.651295,"municipality_name_french":"Tournai","arrondissement":"Arrondissement de Tournai-Mouscron","province":"Province du Hainaut"}},{"type":"Feature","geometry":{"type":"Point","coordinates":[3.4834445,50.5924891]},"properties":{"column_1":"7530","column_2":"Gaurain-Ramecroix","column_3":3.4834445,"column_4":50.5924891,"municipality_name_french":"Tournai","arrondissement":"Arrondissement de Tournai-Mouscron","province":"Province du Hainaut"}},{"type":"Feature","geometry":{"type":"Point","coordinates":[3.5483951,50.6169646]},"properties":{"column_1":"7534","column_2":"Maulde","column_3":3.5483951,"column_4":50.6169646,"municipality_name_french":"Tournai","arrondissement":"Arrondissement de Tournai-Mouscron","province":"Province du Hainaut"}},{"type":"Feature","geometry":{"type":"Point","coordinates":[3.5017888,50.5683976]},"properties":{"column_1":"7538","column_2":"Vezon","column_3":3.5017888,"column_4":50.5683976,"municipality_name_french":"Tournai","arrondissement":"Arrondissement de Tournai-Mouscron","province":"Province du Hainaut"}},{"type":"Feature","geometry":{"type":"Point","coordinates":[3.3809106,50.6379097]},"properties":{"column_1":"7540","column_2":"Kain","column_3":3.3809106,"column_4":50.6379097,"municipality_name_french":"Tournai","arrondissement":"Arrondissement de Tournai-Mouscron","province":"Province du Hainaut"}},{"type":"Feature","geometry":{"type":"Point","coordinates":[3.4818996,50.646728]},"properties":{"column_1":"7540","column_2":"Melles","column_3":3.4818996,"column_4":50.646728,"municipality_name_french":"Tournai","arrondissement":"Arrondissement de Tournai-Mouscron","province":"Province du Hainaut"}},{"type":"Feature","geometry":{"type":"Point","coordinates":[3.5120068,50.6501425]},"properties":{"column_1":"7540","column_2":"Quartes","column_3":3.5120068,"column_4":50.6501425,"municipality_name_french":"Tournai","arrondissement":"Arrondissement de Tournai-Mouscron","province":"Province du Hainaut"}},{"type":"Feature","geometry":{"type":"Point","coordinates":[3.5870901,50.529165]},"properties":{"column_1":"7601","column_2":"Roucourt","column_3":3.5870901,"column_4":50.529165,"municipality_name_french":"P\u00e9ruwelz","arrondissement":"Arrondissement de Tournai-Mouscron","province":"Province du Hainaut"}},{"type":"Feature","geometry":{"type":"Point","coordinates":[3.5472808,50.5417372]},"properties":{"column_1":"7604","column_2":"Brasmenil","column_3":3.5472808,"column_4":50.5417372,"municipality_name_french":"P\u00e9ruwelz","arrondissement":"Arrondissement de Tournai-Mouscron","province":"Province du Hainaut"}},{"type":"Feature","geometry":{"type":"Point","coordinates":[3.4418587625525,50.52296155]},"properties":{"column_1":"7622","column_2":"Laplaigne","column_3":3.4418587625525,"column_4":50.52296155,"municipality_name_french":"Brunehaut","arrondissement":"Arrondissement de Tournai-Mouscron","province":"Province du Hainaut"}},{"type":"Feature","geometry":{"type":"Point","coordinates":[3.3815632027097,50.50665205]},"properties":{"column_1":"7623","column_2":"Rongy","column_3":3.3815632027097,"column_4":50.50665205,"municipality_name_french":"Brunehaut","arrondissement":"Arrondissement de Tournai-Mouscron","province":"Province du Hainaut"}},{"type":"Feature","geometry":{"type":"Point","coordinates":[3.3541900391658,50.5170287]},"properties":{"column_1":"7624","column_2":"Howardries","column_3":3.3541900391658,"column_4":50.5170287,"municipality_name_french":"Brunehaut","arrondissement":"Arrondissement de Tournai-Mouscron","province":"Province du Hainaut"}},{"type":"Feature","geometry":{"type":"Point","coordinates":[3.4538057,50.551862]},"properties":{"column_1":"7640","column_2":"P\u00e9ronnes-Lez-Antoing","column_3":3.4538057,"column_4":50.551862,"municipality_name_french":"Antoing","arrondissement":"Arrondissement de Tournai-Mouscron","province":"Province du Hainaut"}},{"type":"Feature","geometry":{"type":"Point","coordinates":[3.2139093,50.7433351]},"properties":{"column_1":"7700","column_2":"Mouscron","column_3":3.2139093,"column_4":50.7433351,"municipality_name_french":"Mouscron","arrondissement":"Arrondissement de Tournai-Mouscron","province":"Province du Hainaut"}},{"type":"Feature","geometry":{"type":"Point","coordinates":[3.2342044,50.7227127]},"properties":{"column_1":"7712","column_2":"Herseaux","column_3":3.2342044,"column_4":50.7227127,"municipality_name_french":"Mouscron","arrondissement":"Arrondissement de Tournai-Mouscron","province":"Province du Hainaut"}},{"type":"Feature","geometry":{"type":"Point","coordinates":[3.8148309,50.6103517]},"properties":{"column_1":"7811","column_2":"Arbre","column_3":3.8148309,"column_4":50.6103517,"municipality_name_french":"Ath","arrondissement":"Arrondissement d\u2019Ath","province":"Province du Hainaut"}},{"type":"Feature","geometry":{"type":"Point","coordinates":[3.67998,50.6397485]},"properties":{"column_1":"7812","column_2":"Houtaing","column_3":3.67998,"column_4":50.6397485,"municipality_name_french":"Ath","arrondissement":"Arrondissement d\u2019Ath","province":"Province du Hainaut"}},{"type":"Feature","geometry":{"type":"Point","coordinates":[3.730712,50.6226624]},"properties":{"column_1":"7812","column_2":"Villers-Saint-Amand","column_3":3.730712,"column_4":50.6226624,"municipality_name_french":"Ath","arrondissement":"Arrondissement d\u2019Ath","province":"Province du Hainaut"}},{"type":"Feature","geometry":{"type":"Point","coordinates":[3.8181687,50.6637962]},"properties":{"column_1":"7822","column_2":"Isi\u00e8res","column_3":3.8181687,"column_4":50.6637962,"municipality_name_french":"Ath","arrondissement":"Arrondissement d\u2019Ath","province":"Province du Hainaut"}},{"type":"Feature","geometry":{"type":"Point","coordinates":[3.9243973,50.6489028]},"properties":{"column_1":"7830","column_2":"Silly","column_3":3.9243973,"column_4":50.6489028,"municipality_name_french":"Silly","arrondissement":"Arrondissement d\u2019Ath","province":"Province du Hainaut"}},{"type":"Feature","geometry":{"type":"Point","coordinates":[4.0845939,50.6899321]},"properties":{"column_1":"7850","column_2":"Petit-Enghien","column_3":4.0845939,"column_4":50.6899321,"municipality_name_french":"Silly","arrondissement":"Arrondissement d\u2019Ath","province":"Province du Hainaut"}},{"type":"Feature","geometry":{"type":"Point","coordinates":[3.8301131,50.7123036]},"properties":{"column_1":"7860","column_2":"Lessines","column_3":3.8301131,"column_4":50.7123036,"municipality_name_french":"Lessines","arrondissement":"Arrondissement d\u2019Ath","province":"Province du Hainaut"}},{"type":"Feature","geometry":{"type":"Point","coordinates":[3.819132,50.6861533]},"properties":{"column_1":"7861","column_2":"Papignies","column_3":3.819132,"column_4":50.6861533,"municipality_name_french":"Lessines","arrondissement":"Arrondissement d\u2019Ath","province":"Province du Hainaut"}},{"type":"Feature","geometry":{"type":"Point","coordinates":[3.8598773,50.6874157]},"properties":{"column_1":"7866","column_2":"Ollignies","column_3":3.8598773,"column_4":50.6874157,"municipality_name_french":"Lessines","arrondissement":"Arrondissement d\u2019Ath","province":"Province du Hainaut"}},{"type":"Feature","geometry":{"type":"Point","coordinates":[3.9433795,50.5643065]},"properties":{"column_1":"7870","column_2":"Montignies-Lez-Lens","column_3":3.9433795,"column_4":50.5643065,"municipality_name_french":"Lens","arrondissement":"Arrondissement de Mons","province":"Province du Hainaut"}},{"type":"Feature","geometry":{"type":"Point","coordinates":[3.6802062,50.7338701]},"properties":{"column_1":"7890","column_2":"Ellezelles","column_3":3.6802062,"column_4":50.7338701,"municipality_name_french":"Ellezelles","arrondissement":"Arrondissement d\u2019Ath","province":"Province du Hainaut"}},{"type":"Feature","geometry":{"type":"Point","coordinates":[3.7444299,50.7178459]},"properties":{"column_1":"7890","column_2":"Wodecq","column_3":3.7444299,"column_4":50.7178459,"municipality_name_french":"Ellezelles","arrondissement":"Arrondissement d\u2019Ath","province":"Province du Hainaut"}},{"type":"Feature","geometry":{"type":"Point","coordinates":[3.6322713,50.6220544]},"properties":{"column_1":"7900","column_2":"Grandmetz","column_3":3.6322713,"column_4":50.6220544,"municipality_name_french":"Leuze-en-Hainaut","arrondissement":"Arrondissement de Tournai-Mouscron","province":"Province du Hainaut"}},{"type":"Feature","geometry":{"type":"Point","coordinates":[3.6857513,50.5878005]},"properties":{"column_1":"7903","column_2":"Blicquy","column_3":3.6857513,"column_4":50.5878005,"municipality_name_french":"Leuze-en-Hainaut","arrondissement":"Arrondissement de Tournai-Mouscron","province":"Province du Hainaut"}},{"type":"Feature","geometry":{"type":"Point","coordinates":[3.6551307,50.6648633]},"properties":{"column_1":"7911","column_2":"Buissenal","column_3":3.6551307,"column_4":50.6648633,"municipality_name_french":"Frasnes-lez-Anvaing","arrondissement":"Arrondissement d\u2019Ath","province":"Province du Hainaut"}},{"type":"Feature","geometry":{"type":"Point","coordinates":[3.6194481,50.667755]},"properties":{"column_1":"7911","column_2":"Frasnes-Lez-Buissenal","column_3":3.6194481,"column_4":50.667755,"municipality_name_french":"Frasnes-lez-Anvaing","arrondissement":"Arrondissement d\u2019Ath","province":"Province du Hainaut"}},{"type":"Feature","geometry":{"type":"Point","coordinates":[3.571359,50.642909]},"properties":{"column_1":"7911","column_2":"Montroeul-Au-Bois","column_3":3.571359,"column_4":50.642909,"municipality_name_french":"Frasnes-lez-Anvaing","arrondissement":"Arrondissement d\u2019Ath","province":"Province du Hainaut"}},{"type":"Feature","geometry":{"type":"Point","coordinates":[3.7117971,50.6780664]},"properties":{"column_1":"7911","column_2":"Oeudeghien","column_3":3.7117971,"column_4":50.6780664,"municipality_name_french":"Frasnes-lez-Anvaing","arrondissement":"Arrondissement d\u2019Ath","province":"Province du Hainaut"}},{"type":"Feature","geometry":{"type":"Point","coordinates":[3.5977459,50.7061803]},"properties":{"column_1":"7912","column_2":"Saint-Sauveur","column_3":3.5977459,"column_4":50.7061803,"municipality_name_french":"Frasnes-lez-Anvaing","arrondissement":"Arrondissement d\u2019Ath","province":"Province du Hainaut"}},{"type":"Feature","geometry":{"type":"Point","coordinates":[3.8507081,50.6044689]},"properties":{"column_1":"7942","column_2":"M\u00e9vergnies-Lez-Lens","column_3":3.8507081,"column_4":50.6044689,"municipality_name_french":"Brugelette","arrondissement":"Arrondissement d\u2019Ath","province":"Province du Hainaut"}},{"type":"Feature","geometry":{"type":"Point","coordinates":[3.810128,50.587693]},"properties":{"column_1":"7950","column_2":"Chi\u00e8vres","column_3":3.810128,"column_4":50.587693,"municipality_name_french":"Chi\u00e8vres","arrondissement":"Arrondissement d\u2019Ath","province":"Province du Hainaut"}},{"type":"Feature","geometry":{"type":"Point","coordinates":[3.7571017,50.5444446]},"properties":{"column_1":"7950","column_2":"Grosage","column_3":3.7571017,"column_4":50.5444446,"municipality_name_french":"Chi\u00e8vres","arrondissement":"Arrondissement d\u2019Ath","province":"Province du Hainaut"}},{"type":"Feature","geometry":{"type":"Point","coordinates":[3.6483678,50.5385955]},"properties":{"column_1":"7971","column_2":"Wadelincourt","column_3":3.6483678,"column_4":50.5385955,"municipality_name_french":"Bel\u0153il","arrondissement":"Arrondissement d\u2019Ath","province":"Province du Hainaut"}},{"type":"Feature","geometry":{"type":"Point","coordinates":[3.2497137262681,51.1511469]},"properties":{"column_1":"8020","column_2":"Oostkamp","column_3":3.2497137262681,"column_4":51.1511469,"municipality_name_french":null,"arrondissement":"Arrondissement de Bruges","province":"Province de Flandre occidentale"}},{"type":"Feature","geometry":{"type":"Point","coordinates":[3.3233738606453,51.34942965]},"properties":{"column_1":"8300","column_2":"Knokke","column_3":3.3233738606453,"column_4":51.34942965,"municipality_name_french":null,"arrondissement":"Arrondissement de Bruges","province":"Province de Flandre occidentale"}},{"type":"Feature","geometry":{"type":"Point","coordinates":[3.3172865697943,51.3207807]},"properties":{"column_1":"8300","column_2":"Westkapelle","column_3":3.3172865697943,"column_4":51.3207807,"municipality_name_french":null,"arrondissement":"Arrondissement de Bruges","province":"Province de Flandre occidentale"}},{"type":"Feature","geometry":{"type":"Point","coordinates":[3.2570785402003,51.1933202]},"properties":{"column_1":"8310","column_2":"Assebroek","column_3":3.2570785402003,"column_4":51.1933202,"municipality_name_french":null,"arrondissement":"Arrondissement de Bruges","province":"Province de Flandre occidentale"}},{"type":"Feature","geometry":{"type":"Point","coordinates":[3.3523918963854,51.2821424]},"properties":{"column_1":"8340","column_2":"Lapscheure","column_3":3.3523918963854,"column_4":51.2821424,"municipality_name_french":null,"arrondissement":"Arrondissement de Bruges","province":"Province de Flandre occidentale"}},{"type":"Feature","geometry":{"type":"Point","coordinates":[3.1404868099971,51.2996935]},"properties":{"column_1":"8370","column_2":"Uitkerke","column_3":3.1404868099971,"column_4":51.2996935,"municipality_name_french":null,"arrondissement":"Arrondissement de Bruges","province":"Province de Flandre occidentale"}},{"type":"Feature","geometry":{"type":"Point","coordinates":[3.1469831971503,51.2356311]},"properties":{"column_1":"8377","column_2":"Meetkerke","column_3":3.1469831971503,"column_4":51.2356311,"municipality_name_french":null,"arrondissement":"Arrondissement de Bruges","province":"Province de Flandre occidentale"}},{"type":"Feature","geometry":{"type":"Point","coordinates":[3.2292277,51.2747463]},"properties":{"column_1":"8380","column_2":"Dudzele","column_3":3.2292277,"column_4":51.2747463,"municipality_name_french":null,"arrondissement":"Arrondissement de Bruges","province":"Province de Flandre occidentale"}},{"type":"Feature","geometry":{"type":"Point","coordinates":[3.1991824156265,51.31711375]},"properties":{"column_1":"8380","column_2":"Lissewege","column_3":3.1991824156265,"column_4":51.31711375,"municipality_name_french":null,"arrondissement":"Arrondissement de Bruges","province":"Province de Flandre occidentale"}},{"type":"Feature","geometry":{"type":"Point","coordinates":[2.9203275,51.2303177]},"properties":{"column_1":"8400","column_2":"Oostende","column_3":2.9203275,"column_4":51.2303177,"municipality_name_french":null,"arrondissement":"Arrondissement d\u2019Ostende","province":"Province de Flandre occidentale"}},{"type":"Feature","geometry":{"type":"Point","coordinates":[3.0635598193415,51.2641695]},"properties":{"column_1":"8421","column_2":"Vlissegem","column_3":3.0635598193415,"column_4":51.2641695,"municipality_name_french":null,"arrondissement":"Arrondissement d\u2019Ostende","province":"Province de Flandre occidentale"}},{"type":"Feature","geometry":{"type":"Point","coordinates":[2.7777512824641,51.15833025]},"properties":{"column_1":"8434","column_2":"Westende","column_3":2.7777512824641,"column_4":51.15833025,"municipality_name_french":null,"arrondissement":"Arrondissement d\u2019Ostende","province":"Province de Flandre occidentale"}},{"type":"Feature","geometry":{"type":"Point","coordinates":[3.0047445512126,51.16355795]},"properties":{"column_1":"8460","column_2":"Westkerke","column_3":3.0047445512126,"column_4":51.16355795,"municipality_name_french":null,"arrondissement":"Arrondissement d\u2019Ostende","province":"Province de Flandre occidentale"}},{"type":"Feature","geometry":{"type":"Point","coordinates":[3.0582322396597,51.14886485]},"properties":{"column_1":"8480","column_2":"Bekegem","column_3":3.0582322396597,"column_4":51.14886485,"municipality_name_french":null,"arrondissement":"Arrondissement d\u2019Ostende","province":"Province de Flandre occidentale"}},{"type":"Feature","geometry":{"type":"Point","coordinates":[3.2784153903743,50.81788085]},"properties":{"column_1":"8500","column_2":"Kortrijk","column_3":3.2784153903743,"column_4":50.81788085,"municipality_name_french":null,"arrondissement":"Arrondissement de Courtrai","province":"Province de Flandre occidentale"}},{"type":"Feature","geometry":{"type":"Point","coordinates":[3.2336226,50.8070452]},"properties":{"column_1":"8510","column_2":"Marke","column_3":3.2336226,"column_4":50.8070452,"municipality_name_french":null,"arrondissement":"Arrondissement de Courtrai","province":"Province de Flandre occidentale"}},{"type":"Feature","geometry":{"type":"Point","coordinates":[3.3126044844799,50.8790473]},"properties":{"column_1":"8531","column_2":"Bavikhove","column_3":3.3126044844799,"column_4":50.8790473,"municipality_name_french":null,"arrondissement":"Arrondissement de Courtrai","province":"Province de Flandre occidentale"}},{"type":"Feature","geometry":{"type":"Point","coordinates":[3.3622790229139,50.83878495]},"properties":{"column_1":"8540","column_2":"Deerlijk","column_3":3.3622790229139,"column_4":50.83878495,"municipality_name_french":null,"arrondissement":"Arrondissement de Courtrai","province":"Province de Flandre occidentale"}},{"type":"Feature","geometry":{"type":"Point","coordinates":[3.4120184,50.7821543]},"properties":{"column_1":"8551","column_2":"Heestert","column_3":3.4120184,"column_4":50.7821543,"municipality_name_french":null,"arrondissement":"Arrondissement de Courtrai","province":"Province de Flandre occidentale"}},{"type":"Feature","geometry":{"type":"Point","coordinates":[3.3825263241918,50.775415]},"properties":{"column_1":"8552","column_2":"Moen","column_3":3.3825263241918,"column_4":50.775415,"municipality_name_french":null,"arrondissement":"Arrondissement de Courtrai","province":"Province de Flandre occidentale"}},{"type":"Feature","geometry":{"type":"Point","coordinates":[3.349745322203,50.76440175]},"properties":{"column_1":"8554","column_2":"Sint-Denijs","column_3":3.349745322203,"column_4":50.76440175,"municipality_name_french":null,"arrondissement":"Arrondissement de Courtrai","province":"Province de Flandre occidentale"}},{"type":"Feature","geometry":{"type":"Point","coordinates":[3.1864450062666,50.8121065]},"properties":{"column_1":"8560","column_2":"Wevelgem","column_3":3.1864450062666,"column_4":50.8121065,"municipality_name_french":null,"arrondissement":"Arrondissement de Courtrai","province":"Province de Flandre occidentale"}},{"type":"Feature","geometry":{"type":"Point","coordinates":[3.463734552107,50.844003]},"properties":{"column_1":"8570","column_2":"Anzegem","column_3":3.463734552107,"column_4":50.844003,"municipality_name_french":null,"arrondissement":"Arrondissement de Courtrai","province":"Province de Flandre occidentale"}},{"type":"Feature","geometry":{"type":"Point","coordinates":[3.5058971661987,50.8008418]},"properties":{"column_1":"8581","column_2":"Kerkhove","column_3":3.5058971661987,"column_4":50.8008418,"municipality_name_french":null,"arrondissement":"Arrondissement de Courtrai","province":"Province de Flandre occidentale"}},{"type":"Feature","geometry":{"type":"Point","coordinates":[2.873227743412,51.05367055]},"properties":{"column_1":"8600","column_2":"Beerst","column_3":2.873227743412,"column_4":51.05367055,"municipality_name_french":null,"arrondissement":"Arrondissement de Dixmude","province":"Province de Flandre occidentale"}},{"type":"Feature","geometry":{"type":"Point","coordinates":[2.8042814087195,50.9974451]},"properties":{"column_1":"8600","column_2":"Nieuwkapelle","column_3":2.8042814087195,"column_4":50.9974451,"municipality_name_french":null,"arrondissement":"Arrondissement de Dixmude","province":"Province de Flandre occidentale"}},{"type":"Feature","geometry":{"type":"Point","coordinates":[2.7914713556336,51.08053165]},"properties":{"column_1":"8600","column_2":"Pervijze","column_3":2.7914713556336,"column_4":51.08053165,"municipality_name_french":null,"arrondissement":"Arrondissement de Dixmude","province":"Province de Flandre occidentale"}},{"type":"Feature","geometry":{"type":"Point","coordinates":[2.996075151704,51.0321939]},"properties":{"column_1":"8610","column_2":"Handzame","column_3":2.996075151704,"column_4":51.0321939,"municipality_name_french":null,"arrondissement":"Arrondissement de Dixmude","province":"Province de Flandre occidentale"}},{"type":"Feature","geometry":{"type":"Point","coordinates":[2.7283986495034,51.14416005]},"properties":{"column_1":"8620","column_2":"Nieuwpoort","column_3":2.7283986495034,"column_4":51.14416005,"municipality_name_french":null,"arrondissement":"Arrondissement de Furnes","province":"Province de Flandre occidentale"}},{"type":"Feature","geometry":{"type":"Point","coordinates":[2.7457710712354,51.0631103]},"properties":{"column_1":"8630","column_2":"Avekapelle","column_3":2.7457710712354,"column_4":51.0631103,"municipality_name_french":null,"arrondissement":"Arrondissement de Furnes","province":"Province de Flandre occidentale"}},{"type":"Feature","geometry":{"type":"Point","coordinates":[2.7298247748665,51.0495264]},"properties":{"column_1":"8630","column_2":"Eggewaartskapelle","column_3":2.7298247748665,"column_4":51.0495264,"municipality_name_french":null,"arrondissement":"Arrondissement de Furnes","province":"Province de Flandre occidentale"}},{"type":"Feature","geometry":{"type":"Point","coordinates":[2.7515311775286,51.05092295]},"properties":{"column_1":"8630","column_2":"Zoutenaaie","column_3":2.7515311775286,"column_4":51.05092295,"municipality_name_french":null,"arrondissement":"Arrondissement de Furnes","province":"Province de Flandre occidentale"}},{"type":"Feature","geometry":{"type":"Point","coordinates":[2.7887585311487,50.9035513]},"properties":{"column_1":"8640","column_2":"Woesten","column_3":2.7887585311487,"column_4":50.9035513,"municipality_name_french":null,"arrondissement":"Arrondissement d\u2019Ypres","province":"Province de Flandre occidentale"}},{"type":"Feature","geometry":{"type":"Point","coordinates":[2.8217318560837,50.9484727]},"properties":{"column_1":"8647","column_2":"Noordschote","column_3":2.8217318560837,"column_4":50.9484727,"municipality_name_french":null,"arrondissement":"Arrondissement de Dixmude","province":"Province de Flandre occidentale"}},{"type":"Feature","geometry":{"type":"Point","coordinates":[2.5896028375712,51.06926315]},"properties":{"column_1":"8660","column_2":"Adinkerke","column_3":2.5896028375712,"column_4":51.06926315,"municipality_name_french":null,"arrondissement":"Arrondissement de Furnes","province":"Province de Flandre occidentale"}},{"type":"Feature","geometry":{"type":"Point","coordinates":[2.7012679966518,51.12531835]},"properties":{"column_1":"8670","column_2":"Oostduinkerke","column_3":2.7012679966518,"column_4":51.12531835,"municipality_name_french":null,"arrondissement":"Arrondissement de Furnes","province":"Province de Flandre occidentale"}},{"type":"Feature","geometry":{"type":"Point","coordinates":[2.6903321,50.9800701]},"properties":{"column_1":"8690","column_2":"Hoogstade","column_3":2.6903321,"column_4":50.9800701,"municipality_name_french":null,"arrondissement":"Arrondissement de Furnes","province":"Province de Flandre occidentale"}},{"type":"Feature","geometry":{"type":"Point","coordinates":[2.622401,50.9844835]},"properties":{"column_1":"8691","column_2":"Leisele","column_3":2.622401,"column_4":50.9844835,"municipality_name_french":null,"arrondissement":"Arrondissement de Furnes","province":"Province de Flandre occidentale"}},{"type":"Feature","geometry":{"type":"Point","coordinates":[3.4035567083156,51.021401]},"properties":{"column_1":"8700","column_2":"Kanegem","column_3":3.4035567083156,"column_4":51.021401,"municipality_name_french":null,"arrondissement":"Arrondissement de Tielt","province":"Province de Flandre occidentale"}},{"type":"Feature","geometry":{"type":"Point","coordinates":[3.3283107336881,51.03700665]},"properties":{"column_1":"8700","column_2":"Schuiferskapelle","column_3":3.3283107336881,"column_4":51.03700665,"municipality_name_french":null,"arrondissement":"Arrondissement de Tielt","province":"Province de Flandre occidentale"}},{"type":"Feature","geometry":{"type":"Point","coordinates":[3.4022937173313,50.966125]},"properties":{"column_1":"8720","column_2":"Dentergem","column_3":3.4022937173313,"column_4":50.966125,"municipality_name_french":null,"arrondissement":"Arrondissement de Tielt","province":"Province de Flandre occidentale"}},{"type":"Feature","geometry":{"type":"Point","coordinates":[3.394380172379,50.95014795]},"properties":{"column_1":"8720","column_2":"Markegem","column_3":3.394380172379,"column_4":50.95014795,"municipality_name_french":null,"arrondissement":"Arrondissement de Tielt","province":"Province de Flandre occidentale"}},{"type":"Feature","geometry":{"type":"Point","coordinates":[3.2847683081115,51.06808895]},"properties":{"column_1":"8750","column_2":"Wingene","column_3":3.2847683081115,"column_4":51.06808895,"municipality_name_french":null,"arrondissement":"Arrondissement de Tielt","province":"Province de Flandre occidentale"}},{"type":"Feature","geometry":{"type":"Point","coordinates":[3.124765,50.9444948]},"properties":{"column_1":"8800","column_2":"Roeselare","column_3":3.124765,"column_4":50.9444948,"municipality_name_french":null,"arrondissement":"Arrondissement de Roulers","province":"Province de Flandre occidentale"}},{"type":"Feature","geometry":{"type":"Point","coordinates":[3.2016142835313,51.0075272]},"properties":{"column_1":"8851","column_2":"Koolskamp","column_3":3.2016142835313,"column_4":51.0075272,"municipality_name_french":null,"arrondissement":"Arrondissement de Tielt","province":"Province de Flandre occidentale"}},{"type":"Feature","geometry":{"type":"Point","coordinates":[3.1890400909612,50.93988415]},"properties":{"column_1":"8870","column_2":"Kachtem","column_3":3.1890400909612,"column_4":50.93988415,"municipality_name_french":null,"arrondissement":"Arrondissement de Roulers","province":"Province de Flandre occidentale"}},{"type":"Feature","geometry":{"type":"Point","coordinates":[3.1056665757612,50.84693275]},"properties":{"column_1":"8890","column_2":"Dadizele","column_3":3.1056665757612,"column_4":50.84693275,"municipality_name_french":null,"arrondissement":"Arrondissement de Roulers","province":"Province de Flandre occidentale"}},{"type":"Feature","geometry":{"type":"Point","coordinates":[2.9383694,50.8056486]},"properties":{"column_1":"8902","column_2":"Hollebeke","column_3":2.9383694,"column_4":50.8056486,"municipality_name_french":null,"arrondissement":"Arrondissement d\u2019Ypres","province":"Province de Flandre occidentale"}},{"type":"Feature","geometry":{"type":"Point","coordinates":[2.9224029,50.8346385]},"properties":{"column_1":"8902","column_2":"Zillebeke","column_3":2.9224029,"column_4":50.8346385,"municipality_name_french":null,"arrondissement":"Arrondissement d\u2019Ypres","province":"Province de Flandre occidentale"}},{"type":"Feature","geometry":{"type":"Point","coordinates":[2.9632606863338,50.9278167]},"properties":{"column_1":"8920","column_2":"Poelkapelle","column_3":2.9632606863338,"column_4":50.9278167,"municipality_name_french":null,"arrondissement":"Arrondissement d\u2019Ypres","province":"Province de Flandre occidentale"}},{"type":"Feature","geometry":{"type":"Point","coordinates":[3.1156565,50.7969879]},"properties":{"column_1":"8930","column_2":"Menen","column_3":3.1156565,"column_4":50.7969879,"municipality_name_french":null,"arrondissement":"Arrondissement de Courtrai","province":"Province de Flandre occidentale"}},{"type":"Feature","geometry":{"type":"Point","coordinates":[3.0429882329964,50.79981455]},"properties":{"column_1":"8940","column_2":"Wervik","column_3":3.0429882329964,"column_4":50.79981455,"municipality_name_french":null,"arrondissement":"Arrondissement d\u2019Ypres","province":"Province de Flandre occidentale"}},{"type":"Feature","geometry":{"type":"Point","coordinates":[2.840869239241,50.7675035]},"properties":{"column_1":"8952","column_2":"Wulvergem","column_3":2.840869239241,"column_4":50.7675035,"municipality_name_french":null,"arrondissement":"Arrondissement d\u2019Ypres","province":"Province de Flandre occidentale"}},{"type":"Feature","geometry":{"type":"Point","coordinates":[2.7409610507934,50.8003371]},"properties":{"column_1":"8954","column_2":"Westouter","column_3":2.7409610507934,"column_4":50.8003371,"municipality_name_french":null,"arrondissement":"Arrondissement d\u2019Ypres","province":"Province de Flandre occidentale"}},{"type":"Feature","geometry":{"type":"Point","coordinates":[3.0293494282427,50.85048855]},"properties":{"column_1":"8980","column_2":"Beselare","column_3":3.0293494282427,"column_4":50.85048855,"municipality_name_french":null,"arrondissement":"Arrondissement d\u2019Ypres","province":"Province de Flandre occidentale"}},{"type":"Feature","geometry":{"type":"Point","coordinates":[3.7644128,51.1001986]},"properties":{"column_1":"9041","column_2":"Oostakker","column_3":3.7644128,"column_4":51.1001986,"municipality_name_french":null,"arrondissement":"Arrondissement de Gand","province":"Province de Flandre orientale"}},{"type":"Feature","geometry":{"type":"Point","coordinates":[3.7588813,51.0447236]},"properties":{"column_1":"9050","column_2":"Gentbrugge","column_3":3.7588813,"column_4":51.0447236,"municipality_name_french":null,"arrondissement":"Arrondissement de Gand","province":"Province de Flandre orientale"}},{"type":"Feature","geometry":{"type":"Point","coordinates":[3.8003347,51.0287341]},"properties":{"column_1":"9070","column_2":"Heusden","column_3":3.8003347,"column_4":51.0287341,"municipality_name_french":null,"arrondissement":"Arrondissement de Gand","province":"Province de Flandre orientale"}},{"type":"Feature","geometry":{"type":"Point","coordinates":[3.8271355,51.0991574]},"properties":{"column_1":"9080","column_2":"Lochristi","column_3":3.8271355,"column_4":51.0991574,"municipality_name_french":null,"arrondissement":"Arrondissement de Gand","province":"Province de Flandre orientale"}},{"type":"Feature","geometry":{"type":"Point","coordinates":[4.149464320724,51.163813060072]},"properties":{"column_1":"9100","column_2":"Sint-Niklaas","column_3":4.149464320724,"column_4":51.163813060072,"municipality_name_french":null,"arrondissement":"Arrondissement de Saint-Nicolas","province":"Province de Flandre orientale"}},{"type":"Feature","geometry":{"type":"Point","coordinates":[4.1871839695525,51.2540739]},"properties":{"column_1":"9130","column_2":"Verrebroek","column_3":4.1871839695525,"column_4":51.2540739,"municipality_name_french":null,"arrondissement":"Arrondissement de Saint-Nicolas","province":"Province de Flandre orientale"}},{"type":"Feature","geometry":{"type":"Point","coordinates":[4.1736809973609,51.12202775]},"properties":{"column_1":"9140","column_2":"Tielrode","column_3":4.1736809973609,"column_4":51.12202775,"municipality_name_french":null,"arrondissement":"Arrondissement de Saint-Nicolas","province":"Province de Flandre orientale"}},{"type":"Feature","geometry":{"type":"Point","coordinates":[3.965212,51.1487608]},"properties":{"column_1":"9160","column_2":"Eksaarde","column_3":3.965212,"column_4":51.1487608,"municipality_name_french":null,"arrondissement":"Arrondissement de Saint-Nicolas","province":"Province de Flandre orientale"}},{"type":"Feature","geometry":{"type":"Point","coordinates":[4.0898144,51.2564526]},"properties":{"column_1":"9170","column_2":"De Klinge","column_3":4.0898144,"column_4":51.2564526,"municipality_name_french":null,"arrondissement":"Arrondissement de Saint-Nicolas","province":"Province de Flandre orientale"}},{"type":"Feature","geometry":{"type":"Point","coordinates":[4.1511549,51.2588943]},"properties":{"column_1":"9170","column_2":"Meerdonk","column_3":4.1511549,"column_4":51.2588943,"municipality_name_french":null,"arrondissement":"Arrondissement de Saint-Nicolas","province":"Province de Flandre orientale"}},{"type":"Feature","geometry":{"type":"Point","coordinates":[4.1233014,51.2180687]},"properties":{"column_1":"9170","column_2":"Sint-Gillis-Waas","column_3":4.1233014,"column_4":51.2180687,"municipality_name_french":null,"arrondissement":"Arrondissement de Saint-Nicolas","province":"Province de Flandre orientale"}},{"type":"Feature","geometry":{"type":"Point","coordinates":[4.0652617659305,50.99557415]},"properties":{"column_1":"9200","column_2":"Mespelare","column_3":4.0652617659305,"column_4":50.99557415,"municipality_name_french":null,"arrondissement":"Arrondissement de Termonde","province":"Province de Flandre orientale"}},{"type":"Feature","geometry":{"type":"Point","coordinates":[3.8614248,50.9697855]},"properties":{"column_1":"9230","column_2":"Westrem","column_3":3.8614248,"column_4":50.9697855,"municipality_name_french":null,"arrondissement":"Arrondissement de Termonde","province":"Province de Flandre orientale"}},{"type":"Feature","geometry":{"type":"Point","coordinates":[3.918568,51.0370133]},"properties":{"column_1":"9270","column_2":"Kalken","column_3":3.918568,"column_4":51.0370133,"municipality_name_french":null,"arrondissement":"Arrondissement de Termonde","province":"Province de Flandre orientale"}},{"type":"Feature","geometry":{"type":"Point","coordinates":[4.0298563154701,50.96682385]},"properties":{"column_1":"9308","column_2":"Hofstade","column_3":4.0298563154701,"column_4":50.96682385,"municipality_name_french":null,"arrondissement":"Arrondissement d\u2019Alost","province":"Province de Flandre orientale"}},{"type":"Feature","geometry":{"type":"Point","coordinates":[4.0687165350537,50.97349005]},"properties":{"column_1":"9310","column_2":"Herdersem","column_3":4.0687165350537,"column_4":50.97349005,"municipality_name_french":null,"arrondissement":"Arrondissement d\u2019Alost","province":"Province de Flandre orientale"}},{"type":"Feature","geometry":{"type":"Point","coordinates":[4.1008746699882,50.95235015]},"properties":{"column_1":"9310","column_2":"Moorsel","column_3":4.1008746699882,"column_4":50.95235015,"municipality_name_french":null,"arrondissement":"Arrondissement d\u2019Alost","province":"Province de Flandre orientale"}},{"type":"Feature","geometry":{"type":"Point","coordinates":[4.0573610045016,50.9160962]},"properties":{"column_1":"9320","column_2":"Erembodegem","column_3":4.0573610045016,"column_4":50.9160962,"municipality_name_french":null,"arrondissement":"Arrondissement d\u2019Alost","province":"Province de Flandre orientale"}},{"type":"Feature","geometry":{"type":"Point","coordinates":[3.90209,50.9574043]},"properties":{"column_1":"9340","column_2":"Oordegem","column_3":3.90209,"column_4":50.9574043,"municipality_name_french":null,"arrondissement":"Arrondissement d\u2019Alost","province":"Province de Flandre orientale"}},{"type":"Feature","geometry":{"type":"Point","coordinates":[3.9269566,50.9660712]},"properties":{"column_1":"9340","column_2":"Smetlede","column_3":3.9269566,"column_4":50.9660712,"municipality_name_french":null,"arrondissement":"Arrondissement d\u2019Alost","province":"Province de Flandre orientale"}},{"type":"Feature","geometry":{"type":"Point","coordinates":[4.0458501718008,50.81972985]},"properties":{"column_1":"9402","column_2":"Meerbeke","column_3":4.0458501718008,"column_4":50.81972985,"municipality_name_french":null,"arrondissement":"Arrondissement d\u2019Alost","province":"Province de Flandre orientale"}},{"type":"Feature","geometry":{"type":"Point","coordinates":[3.9584406,50.8421637]},"properties":{"column_1":"9404","column_2":"Aspelare","column_3":3.9584406,"column_4":50.8421637,"municipality_name_french":null,"arrondissement":"Arrondissement d\u2019Alost","province":"Province de Flandre orientale"}},{"type":"Feature","geometry":{"type":"Point","coordinates":[3.9976558921405,50.84658595]},"properties":{"column_1":"9406","column_2":"Outer","column_3":3.9976558921405,"column_4":50.84658595,"municipality_name_french":null,"arrondissement":"Arrondissement d\u2019Alost","province":"Province de Flandre orientale"}},{"type":"Feature","geometry":{"type":"Point","coordinates":[3.9710267,50.923005]},"properties":{"column_1":"9420","column_2":"Mere","column_3":3.9710267,"column_4":50.923005,"municipality_name_french":null,"arrondissement":"Arrondissement d\u2019Alost","province":"Province de Flandre orientale"}},{"type":"Feature","geometry":{"type":"Point","coordinates":[4.0448599,50.9005405]},"properties":{"column_1":"9473","column_2":"Welle","column_3":4.0448599,"column_4":50.9005405,"municipality_name_french":null,"arrondissement":"Arrondissement d\u2019Alost","province":"Province de Flandre orientale"}},{"type":"Feature","geometry":{"type":"Point","coordinates":[3.879789,50.7689045]},"properties":{"column_1":"9500","column_2":"Geraardsbergen","column_3":3.879789,"column_4":50.7689045,"municipality_name_french":null,"arrondissement":"Arrondissement d\u2019Alost","province":"Province de Flandre orientale"}},{"type":"Feature","geometry":{"type":"Point","coordinates":[3.9525416,50.7945316]},"properties":{"column_1":"9506","column_2":"Grimminge","column_3":3.9525416,"column_4":50.7945316,"municipality_name_french":null,"arrondissement":"Arrondissement d\u2019Alost","province":"Province de Flandre orientale"}},{"type":"Feature","geometry":{"type":"Point","coordinates":[3.9891935,50.7875051]},"properties":{"column_1":"9506","column_2":"Nieuwenhove","column_3":3.9891935,"column_4":50.7875051,"municipality_name_french":null,"arrondissement":"Arrondissement d\u2019Alost","province":"Province de Flandre orientale"}},{"type":"Feature","geometry":{"type":"Point","coordinates":[3.8680104604272,50.9449691]},"properties":{"column_1":"9520","column_2":"Bavegem","column_3":3.8680104604272,"column_4":50.9449691,"municipality_name_french":null,"arrondissement":"Arrondissement d\u2019Alost","province":"Province de Flandre orientale"}},{"type":"Feature","geometry":{"type":"Point","coordinates":[3.8903745,50.8411146]},"properties":{"column_1":"9550","column_2":"Steenhuize-Wijnhuize","column_3":3.8903745,"column_4":50.8411146,"municipality_name_french":null,"arrondissement":"Arrondissement d\u2019Alost","province":"Province de Flandre orientale"}},{"type":"Feature","geometry":{"type":"Point","coordinates":[3.8204374,50.8594123]},"properties":{"column_1":"9620","column_2":"Godveerdegem","column_3":3.8204374,"column_4":50.8594123,"municipality_name_french":null,"arrondissement":"Arrondissement d\u2019Alost","province":"Province de Flandre orientale"}},{"type":"Feature","geometry":{"type":"Point","coordinates":[3.719796314005,50.90267645]},"properties":{"column_1":"9630","column_2":"Beerlegem","column_3":3.719796314005,"column_4":50.90267645,"municipality_name_french":null,"arrondissement":"Arrondissement d\u2019Audenarde","province":"Province de Flandre orientale"}},{"type":"Feature","geometry":{"type":"Point","coordinates":[3.7327378,50.8776841]},"properties":{"column_1":"9630","column_2":"Munkzwalm","column_3":3.7327378,"column_4":50.8776841,"municipality_name_french":null,"arrondissement":"Arrondissement d\u2019Audenarde","province":"Province de Flandre orientale"}},{"type":"Feature","geometry":{"type":"Point","coordinates":[3.7059521,50.890215]},"properties":{"column_1":"9630","column_2":"Sint-Maria-Latem","column_3":3.7059521,"column_4":50.890215,"municipality_name_french":null,"arrondissement":"Arrondissement d\u2019Audenarde","province":"Province de Flandre orientale"}},{"type":"Feature","geometry":{"type":"Point","coordinates":[3.7638335,50.834125]},"properties":{"column_1":"9660","column_2":"Michelbeke","column_3":3.7638335,"column_4":50.834125,"municipality_name_french":null,"arrondissement":"Arrondissement d\u2019Audenarde","province":"Province de Flandre orientale"}},{"type":"Feature","geometry":{"type":"Point","coordinates":[3.5082669,50.7903918]},"properties":{"column_1":"9690","column_2":"Berchem","column_3":3.5082669,"column_4":50.7903918,"municipality_name_french":null,"arrondissement":"Arrondissement d\u2019Audenarde","province":"Province de Flandre orientale"}},{"type":"Feature","geometry":{"type":"Point","coordinates":[3.6086057,50.8336184]},"properties":{"column_1":"9700","column_2":"Leupegem","column_3":3.6086057,"column_4":50.8336184,"municipality_name_french":null,"arrondissement":"Arrondissement d\u2019Audenarde","province":"Province de Flandre orientale"}},{"type":"Feature","geometry":{"type":"Point","coordinates":[3.6636488,50.8428971]},"properties":{"column_1":"9700","column_2":"Mater","column_3":3.6636488,"column_4":50.8428971,"municipality_name_french":null,"arrondissement":"Arrondissement d\u2019Audenarde","province":"Province de Flandre orientale"}},{"type":"Feature","geometry":{"type":"Point","coordinates":[3.5655354,50.8155547]},"properties":{"column_1":"9700","column_2":"Melden","column_3":3.5655354,"column_4":50.8155547,"municipality_name_french":null,"arrondissement":"Arrondissement d\u2019Audenarde","province":"Province de Flandre orientale"}},{"type":"Feature","geometry":{"type":"Point","coordinates":[3.6536587,50.8791033]},"properties":{"column_1":"9700","column_2":"Welden","column_3":3.6536587,"column_4":50.8791033,"municipality_name_french":null,"arrondissement":"Arrondissement d\u2019Audenarde","province":"Province de Flandre orientale"}},{"type":"Feature","geometry":{"type":"Point","coordinates":[3.5978246,50.9121208]},"properties":{"column_1":"9750","column_2":"Ouwegem","column_3":3.5978246,"column_4":50.9121208,"municipality_name_french":null,"arrondissement":"Arrondissement d\u2019Audenarde","province":"Province de Flandre orientale"}},{"type":"Feature","geometry":{"type":"Point","coordinates":[3.5366137,50.8247164]},"properties":{"column_1":"9790","column_2":"Elsegem","column_3":3.5366137,"column_4":50.8247164,"municipality_name_french":null,"arrondissement":"Arrondissement d\u2019Audenarde","province":"Province de Flandre orientale"}},{"type":"Feature","geometry":{"type":"Point","coordinates":[3.5329831121506,50.845989]},"properties":{"column_1":"9790","column_2":"Wortegem-Petegem","column_3":3.5329831121506,"column_4":50.845989,"municipality_name_french":null,"arrondissement":"Arrondissement d\u2019Audenarde","province":"Province de Flandre orientale"}},{"type":"Feature","geometry":{"type":"Point","coordinates":[3.4640122,50.9646883]},"properties":{"column_1":"9800","column_2":"Gottem","column_3":3.4640122,"column_4":50.9646883,"municipality_name_french":null,"arrondissement":"Arrondissement de Gand","province":"Province de Flandre orientale"}},{"type":"Feature","geometry":{"type":"Point","coordinates":[3.5413767,51.0175334]},"properties":{"column_1":"9800","column_2":"Meigem","column_3":3.5413767,"column_4":51.0175334,"municipality_name_french":null,"arrondissement":"Arrondissement de Gand","province":"Province de Flandre orientale"}},{"type":"Feature","geometry":{"type":"Point","coordinates":[3.5837978,51.0134905]},"properties":{"column_1":"9800","column_2":"Sint-Martens-Leerne","column_3":3.5837978,"column_4":51.0134905,"municipality_name_french":null,"arrondissement":"Arrondissement de Gand","province":"Province de Flandre orientale"}},{"type":"Feature","geometry":{"type":"Point","coordinates":[3.4443004,50.9786839]},"properties":{"column_1":"9800","column_2":"Wontergem","column_3":3.4443004,"column_4":50.9786839,"municipality_name_french":null,"arrondissement":"Arrondissement de Gand","province":"Province de Flandre orientale"}},{"type":"Feature","geometry":{"type":"Point","coordinates":[3.6928827,50.9579283]},"properties":{"column_1":"9820","column_2":"Melsen","column_3":3.6928827,"column_4":50.9579283,"municipality_name_french":null,"arrondissement":"Arrondissement de Gand","province":"Province de Flandre orientale"}},{"type":"Feature","geometry":{"type":"Point","coordinates":[3.6495958,50.9924205]},"properties":{"column_1":"9840","column_2":"De Pinte","column_3":3.6495958,"column_4":50.9924205,"municipality_name_french":null,"arrondissement":"Arrondissement de Gand","province":"Province de Flandre orientale"}},{"type":"Feature","geometry":{"type":"Point","coordinates":[3.5715236988666,51.0829292]},"properties":{"column_1":"9850","column_2":"Merendree","column_3":3.5715236988666,"column_4":51.0829292,"municipality_name_french":null,"arrondissement":"Arrondissement de Gand","province":"Province de Flandre orientale"}},{"type":"Feature","geometry":{"type":"Point","coordinates":[3.7896135,50.9252028]},"properties":{"column_1":"9860","column_2":"Balegem","column_3":3.7896135,"column_4":50.9252028,"municipality_name_french":null,"arrondissement":"Arrondissement de Gand","province":"Province de Flandre orientale"}},{"type":"Feature","geometry":{"type":"Point","coordinates":[3.8032713,50.9456388]},"properties":{"column_1":"9860","column_2":"Oosterzele","column_3":3.8032713,"column_4":50.9456388,"municipality_name_french":null,"arrondissement":"Arrondissement de Gand","province":"Province de Flandre orientale"}},{"type":"Feature","geometry":{"type":"Point","coordinates":[3.721942,50.9309503]},"properties":{"column_1":"9890","column_2":"Baaigem","column_3":3.721942,"column_4":50.9309503,"municipality_name_french":null,"arrondissement":"Arrondissement de Gand","province":"Province de Flandre orientale"}},{"type":"Feature","geometry":{"type":"Point","coordinates":[3.6076129,51.0956807]},"properties":{"column_1":"9920","column_2":"Lovendegem","column_3":3.6076129,"column_4":51.0956807,"municipality_name_french":null,"arrondissement":"Arrondissement de Gand","province":"Province de Flandre orientale"}},{"type":"Feature","geometry":{"type":"Point","coordinates":[3.5642436785112,51.1195778]},"properties":{"column_1":"9930","column_2":"Zomergem","column_3":3.5642436785112,"column_4":51.1195778,"municipality_name_french":null,"arrondissement":"Arrondissement de Gand","province":"Province de Flandre orientale"}},{"type":"Feature","geometry":{"type":"Point","coordinates":[3.5532444,51.1303816]},"properties":{"column_1":"9932","column_2":"Ronsele","column_3":3.5532444,"column_4":51.1303816,"municipality_name_french":null,"arrondissement":"Arrondissement de Gand","province":"Province de Flandre orientale"}},{"type":"Feature","geometry":{"type":"Point","coordinates":[3.7568076657628,51.23004155]},"properties":{"column_1":"9960","column_2":"Assenede","column_3":3.7568076657628,"column_4":51.23004155,"municipality_name_french":null,"arrondissement":"Arrondissement d\u2019Eeklo","province":"Province de Flandre orientale"}},{"type":"Feature","geometry":{"type":"Point","coordinates":[3.6346312134542,51.19424]},"properties":{"column_1":"9971","column_2":"Lembeke","column_3":3.6346312134542,"column_4":51.19424,"municipality_name_french":null,"arrondissement":"Arrondissement d\u2019Eeklo","province":"Province de Flandre orientale"}},{"type":"Feature","geometry":{"type":"Point","coordinates":[4.351697,50.8465573]},"properties":{"column_1":"1000","column_2":"Bruxelles","column_3":4.351697,"column_4":50.8465573,"municipality_name_french":"Ixelles","arrondissement":"Arrondissement de Bruxelles-Capitale","province":null}},{"type":"Feature","geometry":{"type":"Point","coordinates":[4.3260903,50.8777634]},"properties":{"column_1":"1090","column_2":"Jette","column_3":4.3260903,"column_4":50.8777634,"municipality_name_french":"Jette","arrondissement":"Arrondissement de Bruxelles-Capitale","province":null}},{"type":"Feature","geometry":{"type":"Point","coordinates":[4.4021602,50.8704524]},"properties":{"column_1":"1140","column_2":"Evere","column_3":4.4021602,"column_4":50.8704524,"municipality_name_french":"Evere","arrondissement":"Arrondissement de Bruxelles-Capitale","province":null}},{"type":"Feature","geometry":{"type":"Point","coordinates":[4.4331389,50.8156571]},"properties":{"column_1":"1160","column_2":"Auderghem","column_3":4.4331389,"column_4":50.8156571,"municipality_name_french":"Auderghem","arrondissement":"Arrondissement de Bruxelles-Capitale","province":null}},{"type":"Feature","geometry":{"type":"Point","coordinates":[4.3177512,50.8091426]},"properties":{"column_1":"1190","column_2":"Forest","column_3":4.3177512,"column_4":50.8091426,"municipality_name_french":"Forest","arrondissement":"Arrondissement de Bruxelles-Capitale","province":null}},{"type":"Feature","geometry":{"type":"Point","coordinates":[4.4284842,50.8466928]},"properties":{"column_1":"1200","column_2":"Woluwe-Saint-Lambert","column_3":4.4284842,"column_4":50.8466928,"municipality_name_french":"Woluwe-Saint-Lambert","arrondissement":"Arrondissement de Bruxelles-Capitale","province":null}},{"type":"Feature","geometry":{"type":"Point","coordinates":[4.798944,50.6918004]},"properties":{"column_1":"1315","column_2":"Incourt","column_3":4.798944,"column_4":50.6918004,"municipality_name_french":"Incourt","arrondissement":"Arrondissement de Nivelles","province":"Province du Brabant wallon"}},{"type":"Feature","geometry":{"type":"Point","coordinates":[4.7848246,50.7085122]},"properties":{"column_1":"1315","column_2":"Roux-Miroir","column_3":4.7848246,"column_4":50.7085122,"municipality_name_french":"Incourt","arrondissement":"Arrondissement de Nivelles","province":"Province du Brabant wallon"}},{"type":"Feature","geometry":{"type":"Point","coordinates":[4.6747213,50.6617107]},"properties":{"column_1":"1325","column_2":"Corroy-Le-Grand","column_3":4.6747213,"column_4":50.6617107,"municipality_name_french":"Chaumont-Gistoux","arrondissement":"Arrondissement de Nivelles","province":"Province du Brabant wallon"}},{"type":"Feature","geometry":{"type":"Point","coordinates":[4.5690502,50.666357]},"properties":{"column_1":"1340","column_2":"Ottignies","column_3":4.5690502,"column_4":50.666357,"municipality_name_french":"Ottignies-Louvain-la-Neuve","arrondissement":"Arrondissement de Nivelles","province":"Province du Brabant wallon"}},{"type":"Feature","geometry":{"type":"Point","coordinates":[4.9552091,50.6816078]},"properties":{"column_1":"1350","column_2":"Jauche","column_3":4.9552091,"column_4":50.6816078,"municipality_name_french":"Orp-Jauche","arrondissement":"Arrondissement de Nivelles","province":"Province du Brabant wallon"}},{"type":"Feature","geometry":{"type":"Point","coordinates":[4.9780806,50.7478407]},"properties":{"column_1":"1357","column_2":"Opheylissem","column_3":4.9780806,"column_4":50.7478407,"municipality_name_french":"H\u00e9l\u00e9cine","arrondissement":"Arrondissement de Nivelles","province":"Province du Brabant wallon"}},{"type":"Feature","geometry":{"type":"Point","coordinates":[4.7801225,50.6564717]},"properties":{"column_1":"1360","column_2":"Mal\u00e8ves-Sainte-Marie-Wastines","column_3":4.7801225,"column_4":50.6564717,"municipality_name_french":"Perwez","arrondissement":"Arrondissement de Nivelles","province":"Province du Brabant wallon"}},{"type":"Feature","geometry":{"type":"Point","coordinates":[4.7839333,50.6357579]},"properties":{"column_1":"1360","column_2":"Thorembais-Saint-Trond","column_3":4.7839333,"column_4":50.6357579,"municipality_name_french":"Perwez","arrondissement":"Arrondissement de Nivelles","province":"Province du Brabant wallon"}},{"type":"Feature","geometry":{"type":"Point","coordinates":[4.8735246,50.6681389]},"properties":{"column_1":"1367","column_2":"Bomal","column_3":4.8735246,"column_4":50.6681389,"municipality_name_french":"Ramillies","arrondissement":"Arrondissement de Nivelles","province":"Province du Brabant wallon"}},{"type":"Feature","geometry":{"type":"Point","coordinates":[4.8921703,50.6927557]},"properties":{"column_1":"1367","column_2":"Huppaye","column_3":4.8921703,"column_4":50.6927557,"municipality_name_french":"Ramillies","arrondissement":"Arrondissement de Nivelles","province":"Province du Brabant wallon"}},{"type":"Feature","geometry":{"type":"Point","coordinates":[4.8635811,50.6550272]},"properties":{"column_1":"1367","column_2":"Mont-Saint-Andr\u00e9","column_3":4.8635811,"column_4":50.6550272,"municipality_name_french":"Ramillies","arrondissement":"Arrondissement de Nivelles","province":"Province du Brabant wallon"}},{"type":"Feature","geometry":{"type":"Point","coordinates":[4.8405644,50.7081169]},"properties":{"column_1":"1370","column_2":"Jodoigne-Souveraine","column_3":4.8405644,"column_4":50.7081169,"municipality_name_french":"Jodoigne","arrondissement":"Arrondissement de Nivelles","province":"Province du Brabant wallon"}},{"type":"Feature","geometry":{"type":"Point","coordinates":[4.4559942489341,50.6561328]},"properties":{"column_1":"1380","column_2":"Maransart","column_3":4.4559942489341,"column_4":50.6561328,"municipality_name_french":"Lasne","arrondissement":"Arrondissement de Nivelles","province":"Province du Brabant wallon"}},{"type":"Feature","geometry":{"type":"Point","coordinates":[4.4505534162388,50.695114]},"properties":{"column_1":"1380","column_2":"Ohain","column_3":4.4505534162388,"column_4":50.695114,"municipality_name_french":"Lasne","arrondissement":"Arrondissement de Nivelles","province":"Province du Brabant wallon"}},{"type":"Feature","geometry":{"type":"Point","coordinates":[4.7033973,50.7267076]},"properties":{"column_1":"1390","column_2":"Biez","column_3":4.7033973,"column_4":50.7267076,"municipality_name_french":"Grez-Doiceau","arrondissement":"Arrondissement de Nivelles","province":"Province du Brabant wallon"}},{"type":"Feature","geometry":{"type":"Point","coordinates":[4.3586482570372,50.6172472]},"properties":{"column_1":"1401","column_2":"Baulers","column_3":4.3586482570372,"column_4":50.6172472,"municipality_name_french":"Nivelles","arrondissement":"Arrondissement de Nivelles","province":"Province du Brabant wallon"}},{"type":"Feature","geometry":{"type":"Point","coordinates":[4.6406799,50.5908074]},"properties":{"column_1":"1450","column_2":"Cortil-Noirmont","column_3":4.6406799,"column_4":50.5908074,"municipality_name_french":"Chastre","arrondissement":"Arrondissement de Nivelles","province":"Province du Brabant wallon"}},{"type":"Feature","geometry":{"type":"Point","coordinates":[4.2611675641255,50.6463367]},"properties":{"column_1":"1460","column_2":"Ittre","column_3":4.2611675641255,"column_4":50.6463367,"municipality_name_french":"Ittre","arrondissement":"Arrondissement de Nivelles","province":"Province du Brabant wallon"}},{"type":"Feature","geometry":{"type":"Point","coordinates":[4.4319644959116,50.5929226]},"properties":{"column_1":"1471","column_2":"Loupoigne","column_3":4.4319644959116,"column_4":50.5929226,"municipality_name_french":"Genappe","arrondissement":"Arrondissement de Nivelles","province":"Province du Brabant wallon"}},{"type":"Feature","geometry":{"type":"Point","coordinates":[4.2214131,50.6893737]},"properties":{"column_1":"1480","column_2":"Clabecq","column_3":4.2214131,"column_4":50.6893737,"municipality_name_french":"Tubize","arrondissement":"Arrondissement de Nivelles","province":"Province du Brabant wallon"}},{"type":"Feature","geometry":{"type":"Point","coordinates":[4.5685766,50.6443208]},"properties":{"column_1":"1490","column_2":"Court-Saint-Etienne","column_3":4.5685766,"column_4":50.6443208,"municipality_name_french":"Court-Saint-\u00c9tienne","arrondissement":"Arrondissement de Nivelles","province":"Province du Brabant wallon"}},{"type":"Feature","geometry":{"type":"Point","coordinates":[4.5380975970878,50.55047955]},"properties":{"column_1":"1495","column_2":"Marbais","column_3":4.5380975970878,"column_4":50.55047955,"municipality_name_french":"Villers-la-Ville","arrondissement":"Arrondissement de Nivelles","province":"Province du Brabant wallon"}},{"type":"Feature","geometry":{"type":"Point","coordinates":[4.0974868,50.747729]},"properties":{"column_1":"1540","column_2":"Herfelingen","column_3":4.0974868,"column_4":50.747729,"municipality_name_french":null,"arrondissement":"Arrondissement de Hal-Vilvorde","province":"Province du Brabant flamand"}},{"type":"Feature","geometry":{"type":"Point","coordinates":[3.943147,50.7164481]},"properties":{"column_1":"1547","column_2":"Bi\u00e9v\u00e8ne","column_3":3.943147,"column_4":50.7164481,"municipality_name_french":"Bi\u00e9v\u00e8ne","arrondissement":"Arrondissement de Hal-Vilvorde","province":"Province du Brabant flamand"}},{"type":"Feature","geometry":{"type":"Point","coordinates":[4.1958992,50.7804875]},"properties":{"column_1":"1600","column_2":"Oudenaken","column_3":4.1958992,"column_4":50.7804875,"municipality_name_french":null,"arrondissement":"Arrondissement de Hal-Vilvorde","province":"Province du Brabant flamand"}},{"type":"Feature","geometry":{"type":"Point","coordinates":[4.2452186173064,50.78118355]},"properties":{"column_1":"1600","column_2":"Sint-Pieters-Leeuw","column_3":4.2452186173064,"column_4":50.78118355,"municipality_name_french":null,"arrondissement":"Arrondissement de Hal-Vilvorde","province":"Province du Brabant flamand"}},{"type":"Feature","geometry":{"type":"Point","coordinates":[4.2360410720845,50.805593]},"properties":{"column_1":"1602","column_2":"Vlezenbeek","column_3":4.2360410720845,"column_4":50.805593,"municipality_name_french":null,"arrondissement":"Arrondissement de Hal-Vilvorde","province":"Province du Brabant flamand"}},{"type":"Feature","geometry":{"type":"Point","coordinates":[4.3173542,50.786532]},"properties":{"column_1":"1620","column_2":"Drogenbos","column_3":4.3173542,"column_4":50.786532,"municipality_name_french":"Drogenbos","arrondissement":"Arrondissement de Hal-Vilvorde","province":"Province du Brabant flamand"}},{"type":"Feature","geometry":{"type":"Point","coordinates":[4.3345641,50.7716092]},"properties":{"column_1":"1630","column_2":"Linkebeek","column_3":4.3345641,"column_4":50.7716092,"municipality_name_french":"Linkebeek","arrondissement":"Arrondissement de Hal-Vilvorde","province":"Province du Brabant flamand"}},{"type":"Feature","geometry":{"type":"Point","coordinates":[4.3463687,50.74503]},"properties":{"column_1":"1640","column_2":"Rhode-Saint-Gen\u00e8se","column_3":4.3463687,"column_4":50.74503,"municipality_name_french":"Rhode-Saint-Gen\u00e8se","arrondissement":"Arrondissement de Hal-Vilvorde","province":"Province du Brabant flamand"}},{"type":"Feature","geometry":{"type":"Point","coordinates":[4.2732545968764,50.74931535]},"properties":{"column_1":"1654","column_2":"Huizingen","column_3":4.2732545968764,"column_4":50.74931535,"municipality_name_french":null,"arrondissement":"Arrondissement de Hal-Vilvorde","province":"Province du Brabant flamand"}},{"type":"Feature","geometry":{"type":"Point","coordinates":[4.1785882891377,50.7511702]},"properties":{"column_1":"1670","column_2":"Pepingen","column_3":4.1785882891377,"column_4":50.7511702,"municipality_name_french":null,"arrondissement":"Arrondissement de Hal-Vilvorde","province":"Province du Brabant flamand"}},{"type":"Feature","geometry":{"type":"Point","coordinates":[4.174198071757,50.7793527]},"properties":{"column_1":"1671","column_2":"Elingen","column_3":4.174198071757,"column_4":50.7793527,"municipality_name_french":null,"arrondissement":"Arrondissement de Hal-Vilvorde","province":"Province du Brabant flamand"}},{"type":"Feature","geometry":{"type":"Point","coordinates":[4.2206526,50.8800337]},"properties":{"column_1":"1700","column_2":"Sint-Ulriks-Kapelle","column_3":4.2206526,"column_4":50.8800337,"municipality_name_french":null,"arrondissement":"Arrondissement de Hal-Vilvorde","province":"Province du Brabant flamand"}},{"type":"Feature","geometry":{"type":"Point","coordinates":[4.2381789,50.8853713]},"properties":{"column_1":"1730","column_2":"Bekkerzeel","column_3":4.2381789,"column_4":50.8853713,"municipality_name_french":null,"arrondissement":"Arrondissement de Hal-Vilvorde","province":"Province du Brabant flamand"}},{"type":"Feature","geometry":{"type":"Point","coordinates":[4.1834171401216,50.87155835]},"properties":{"column_1":"1740","column_2":"Ternat","column_3":4.1834171401216,"column_4":50.87155835,"municipality_name_french":null,"arrondissement":"Arrondissement de Hal-Vilvorde","province":"Province du Brabant flamand"}},{"type":"Feature","geometry":{"type":"Point","coordinates":[4.1646372476962,50.85672975]},"properties":{"column_1":"1741","column_2":"Wambeek","column_3":4.1646372476962,"column_4":50.85672975,"municipality_name_french":null,"arrondissement":"Arrondissement de Hal-Vilvorde","province":"Province du Brabant flamand"}},{"type":"Feature","geometry":{"type":"Point","coordinates":[4.1717632,50.9428791]},"properties":{"column_1":"1745","column_2":"Mazenzele","column_3":4.1717632,"column_4":50.9428791,"municipality_name_french":null,"arrondissement":"Arrondissement de Hal-Vilvorde","province":"Province du Brabant flamand"}},{"type":"Feature","geometry":{"type":"Point","coordinates":[4.1695303908975,50.8115319]},"properties":{"column_1":"1750","column_2":"Sint-Martens-Lennik","column_3":4.1695303908975,"column_4":50.8115319,"municipality_name_french":null,"arrondissement":"Arrondissement de Hal-Vilvorde","province":"Province du Brabant flamand"}},{"type":"Feature","geometry":{"type":"Point","coordinates":[4.1029840674511,50.7979738]},"properties":{"column_1":"1755","column_2":"Gooik","column_3":4.1029840674511,"column_4":50.7979738,"municipality_name_french":null,"arrondissement":"Arrondissement de Hal-Vilvorde","province":"Province du Brabant flamand"}},{"type":"Feature","geometry":{"type":"Point","coordinates":[4.2327769,50.9591981]},"properties":{"column_1":"1785","column_2":"Merchtem","column_3":4.2327769,"column_4":50.9591981,"municipality_name_french":null,"arrondissement":"Arrondissement de Hal-Vilvorde","province":"Province du Brabant flamand"}},{"type":"Feature","geometry":{"type":"Point","coordinates":[4.4551981,50.9271744]},"properties":{"column_1":"1800","column_2":"Peutie","column_3":4.4551981,"column_4":50.9271744,"municipality_name_french":null,"arrondissement":"Arrondissement de Hal-Vilvorde","province":"Province du Brabant flamand"}},{"type":"Feature","geometry":{"type":"Point","coordinates":[4.4960702,50.9331623]},"properties":{"column_1":"1820","column_2":"Perk","column_3":4.4960702,"column_4":50.9331623,"municipality_name_french":null,"arrondissement":"Arrondissement de Hal-Vilvorde","province":"Province du Brabant flamand"}},{"type":"Feature","geometry":{"type":"Point","coordinates":[4.4353614,50.9124219]},"properties":{"column_1":"1830","column_2":"Machelen","column_3":4.4353614,"column_4":50.9124219,"municipality_name_french":null,"arrondissement":"Arrondissement de Hal-Vilvorde","province":"Province du Brabant flamand"}},{"type":"Feature","geometry":{"type":"Point","coordinates":[4.4013732626459,50.95030565]},"properties":{"column_1":"1850","column_2":"Grimbergen","column_3":4.4013732626459,"column_4":50.95030565,"municipality_name_french":null,"arrondissement":"Arrondissement de Hal-Vilvorde","province":"Province du Brabant flamand"}},{"type":"Feature","geometry":{"type":"Point","coordinates":[4.3777599282045,50.9728229]},"properties":{"column_1":"1851","column_2":"Humbeek","column_3":4.3777599282045,"column_4":50.9728229,"municipality_name_french":null,"arrondissement":"Arrondissement de Hal-Vilvorde","province":"Province du Brabant flamand"}},{"type":"Feature","geometry":{"type":"Point","coordinates":[4.3638682,50.9527061]},"properties":{"column_1":"1852","column_2":"Beigem","column_3":4.3638682,"column_4":50.9527061,"municipality_name_french":null,"arrondissement":"Arrondissement de Hal-Vilvorde","province":"Province du Brabant flamand"}},{"type":"Feature","geometry":{"type":"Point","coordinates":[4.342355501959,50.91096285]},"properties":{"column_1":"1853","column_2":"Strombeek-Bever","column_3":4.342355501959,"column_4":50.91096285,"municipality_name_french":null,"arrondissement":"Arrondissement de Hal-Vilvorde","province":"Province du Brabant flamand"}},{"type":"Feature","geometry":{"type":"Point","coordinates":[4.3599725,51.0131904]},"properties":{"column_1":"1880","column_2":"Kapelle-Op-Den-Bos","column_3":4.3599725,"column_4":51.0131904,"municipality_name_french":null,"arrondissement":"Arrondissement de Hal-Vilvorde","province":"Province du Brabant flamand"}},{"type":"Feature","geometry":{"type":"Point","coordinates":[4.4745515,50.8804355]},"properties":{"column_1":"1930","column_2":"Zaventem","column_3":4.4745515,"column_4":50.8804355,"municipality_name_french":null,"arrondissement":"Arrondissement de Hal-Vilvorde","province":"Province du Brabant flamand"}},{"type":"Feature","geometry":{"type":"Point","coordinates":[4.4691371,50.8606105]},"properties":{"column_1":"1950","column_2":"Kraainem","column_3":4.4691371,"column_4":50.8606105,"municipality_name_french":"Kraainem","arrondissement":"Arrondissement de Hal-Vilvorde","province":"Province du Brabant flamand"}},{"type":"Feature","geometry":{"type":"Point","coordinates":[4.4871796,50.8440554]},"properties":{"column_1":"1970","column_2":"Wezembeek-Oppem","column_3":4.4871796,"column_4":50.8440554,"municipality_name_french":"Wezembeek-Oppem","arrondissement":"Arrondissement de Hal-Vilvorde","province":"Province du Brabant flamand"}},{"type":"Feature","geometry":{"type":"Point","coordinates":[4.3997081,51.2211097]},"properties":{"column_1":"2020","column_2":"Antwerpen","column_3":4.3997081,"column_4":51.2211097,"municipality_name_french":null,"arrondissement":"Arrondissement d\u2019Anvers","province":"Province d\u2019Anvers"}},{"type":"Feature","geometry":{"type":"Point","coordinates":[4.3997081,51.2211097]},"properties":{"column_1":"2030","column_2":"Antwerpen","column_3":4.3997081,"column_4":51.2211097,"municipality_name_french":null,"arrondissement":"Arrondissement d\u2019Anvers","province":"Province d\u2019Anvers"}},{"type":"Feature","geometry":{"type":"Point","coordinates":[4.2900122,51.3045534]},"properties":{"column_1":"2040","column_2":"Lillo","column_3":4.2900122,"column_4":51.3045534,"municipality_name_french":null,"arrondissement":"Arrondissement d\u2019Anvers","province":"Province d\u2019Anvers"}},{"type":"Feature","geometry":{"type":"Point","coordinates":[4.3997081,51.2211097]},"properties":{"column_1":"2060","column_2":"Antwerpen","column_3":4.3997081,"column_4":51.2211097,"municipality_name_french":null,"arrondissement":"Arrondissement d\u2019Anvers","province":"Province d\u2019Anvers"}},{"type":"Feature","geometry":{"type":"Point","coordinates":[4.4453401635115,51.24994295]},"properties":{"column_1":"2170","column_2":"Merksem","column_3":4.4453401635115,"column_4":51.24994295,"municipality_name_french":null,"arrondissement":"Arrondissement d\u2019Anvers","province":"Province d\u2019Anvers"}},{"type":"Feature","geometry":{"type":"Point","coordinates":[4.4322870782182,51.2842045]},"properties":{"column_1":"2180","column_2":"Ekeren","column_3":4.4322870782182,"column_4":51.2842045,"municipality_name_french":null,"arrondissement":"Arrondissement d\u2019Anvers","province":"Province d\u2019Anvers"}},{"type":"Feature","geometry":{"type":"Point","coordinates":[4.8401277,51.1415564]},"properties":{"column_1":"2200","column_2":"Noorderwijk","column_3":4.8401277,"column_4":51.1415564,"municipality_name_french":null,"arrondissement":"Arrondissement de Turnhout","province":"Province d\u2019Anvers"}},{"type":"Feature","geometry":{"type":"Point","coordinates":[4.8351334,51.0603638]},"properties":{"column_1":"2235","column_2":"Westmeerbeek","column_3":4.8351334,"column_4":51.0603638,"municipality_name_french":null,"arrondissement":"Arrondissement de Turnhout","province":"Province d\u2019Anvers"}},{"type":"Feature","geometry":{"type":"Point","coordinates":[4.8597257,51.1438611]},"properties":{"column_1":"2250","column_2":"Olen","column_3":4.8597257,"column_4":51.1438611,"municipality_name_french":null,"arrondissement":"Arrondissement de Turnhout","province":"Province d\u2019Anvers"}},{"type":"Feature","geometry":{"type":"Point","coordinates":[4.9053101,51.1377568]},"properties":{"column_1":"2260","column_2":"Oevel","column_3":4.9053101,"column_4":51.1377568,"municipality_name_french":null,"arrondissement":"Arrondissement de Turnhout","province":"Province d\u2019Anvers"}},{"type":"Feature","geometry":{"type":"Point","coordinates":[4.9168675,51.086694]},"properties":{"column_1":"2260","column_2":"Westerlo","column_3":4.9168675,"column_4":51.086694,"municipality_name_french":null,"arrondissement":"Arrondissement de Turnhout","province":"Province d\u2019Anvers"}},{"type":"Feature","geometry":{"type":"Point","coordinates":[4.8085930879726,51.3975366]},"properties":{"column_1":"2323","column_2":"Wortel","column_3":4.8085930879726,"column_4":51.3975366,"municipality_name_french":null,"arrondissement":"Arrondissement de Turnhout","province":"Province d\u2019Anvers"}},{"type":"Feature","geometry":{"type":"Point","coordinates":[5.0198122919518,51.3808625]},"properties":{"column_1":"2380","column_2":"Ravels","column_3":5.0198122919518,"column_4":51.3808625,"municipality_name_french":null,"arrondissement":"Arrondissement de Turnhout","province":"Province d\u2019Anvers"}},{"type":"Feature","geometry":{"type":"Point","coordinates":[5.0182445420616,51.41206885]},"properties":{"column_1":"2381","column_2":"Weelde","column_3":5.0182445420616,"column_4":51.41206885,"municipality_name_french":null,"arrondissement":"Arrondissement de Turnhout","province":"Province d\u2019Anvers"}},{"type":"Feature","geometry":{"type":"Point","coordinates":[4.9805536902848,51.0592049]},"properties":{"column_1":"2431","column_2":"Veerle","column_3":4.9805536902848,"column_4":51.0592049,"municipality_name_french":null,"arrondissement":"Arrondissement de Turnhout","province":"Province d\u2019Anvers"}},{"type":"Feature","geometry":{"type":"Point","coordinates":[4.967812,51.2407915]},"properties":{"column_1":"2460","column_2":"Kasterlee","column_3":4.967812,"column_4":51.2407915,"municipality_name_french":null,"arrondissement":"Arrondissement de Turnhout","province":"Province d\u2019Anvers"}},{"type":"Feature","geometry":{"type":"Point","coordinates":[4.9037390737022,51.2309182]},"properties":{"column_1":"2460","column_2":"Lichtaart","column_3":4.9037390737022,"column_4":51.2309182,"municipality_name_french":null,"arrondissement":"Arrondissement de Turnhout","province":"Province d\u2019Anvers"}},{"type":"Feature","geometry":{"type":"Point","coordinates":[5.0843883,51.2675862]},"properties":{"column_1":"2470","column_2":"Retie","column_3":5.0843883,"column_4":51.2675862,"municipality_name_french":null,"arrondissement":"Arrondissement de Turnhout","province":"Province d\u2019Anvers"}},{"type":"Feature","geometry":{"type":"Point","coordinates":[4.5967162,51.1813951]},"properties":{"column_1":"2520","column_2":"Broechem","column_3":4.5967162,"column_4":51.1813951,"municipality_name_french":null,"arrondissement":"Arrondissement d\u2019Anvers","province":"Province d\u2019Anvers"}},{"type":"Feature","geometry":{"type":"Point","coordinates":[4.477387,51.1486117]},"properties":{"column_1":"2540","column_2":"Hove","column_3":4.477387,"column_4":51.1486117,"municipality_name_french":null,"arrondissement":"Arrondissement d\u2019Anvers","province":"Province d\u2019Anvers"}},{"type":"Feature","geometry":{"type":"Point","coordinates":[4.453,51.1052659]},"properties":{"column_1":"2550","column_2":"Waarloos","column_3":4.453,"column_4":51.1052659,"municipality_name_french":null,"arrondissement":"Arrondissement d\u2019Anvers","province":"Province d\u2019Anvers"}},{"type":"Feature","geometry":{"type":"Point","coordinates":[4.6709517317049,51.1611887]},"properties":{"column_1":"2560","column_2":"Nijlen","column_3":4.6709517317049,"column_4":51.1611887,"municipality_name_french":null,"arrondissement":"Arrondissement de Malines","province":"Province d\u2019Anvers"}},{"type":"Feature","geometry":{"type":"Point","coordinates":[4.3876309610455,51.1638451]},"properties":{"column_1":"2610","column_2":"Wilrijk","column_3":4.3876309610455,"column_4":51.1638451,"municipality_name_french":null,"arrondissement":"Arrondissement d\u2019Anvers","province":"Province d\u2019Anvers"}},{"type":"Feature","geometry":{"type":"Point","coordinates":[4.3511502171395,51.1757824]},"properties":{"column_1":"2660","column_2":"Hoboken","column_3":4.3511502171395,"column_4":51.1757824,"municipality_name_french":null,"arrondissement":"Arrondissement d\u2019Anvers","province":"Province d\u2019Anvers"}},{"type":"Feature","geometry":{"type":"Point","coordinates":[4.3572324644033,51.0626964]},"properties":{"column_1":"2830","column_2":"Willebroek","column_3":4.3572324644033,"column_4":51.0626964,"municipality_name_french":null,"arrondissement":"Arrondissement de Malines","province":"Province d\u2019Anvers"}},{"type":"Feature","geometry":{"type":"Point","coordinates":[4.4058899586301,51.1044854]},"properties":{"column_1":"2840","column_2":"Reet","column_3":4.4058899586301,"column_4":51.1044854,"municipality_name_french":null,"arrondissement":"Arrondissement d\u2019Anvers","province":"Province d\u2019Anvers"}},{"type":"Feature","geometry":{"type":"Point","coordinates":[4.3303396,51.1098649]},"properties":{"column_1":"2845","column_2":"Niel","column_3":4.3303396,"column_4":51.1098649,"municipality_name_french":null,"arrondissement":"Arrondissement d\u2019Anvers","province":"Province d\u2019Anvers"}},{"type":"Feature","geometry":{"type":"Point","coordinates":[4.4980446,51.2516344]},"properties":{"column_1":"2900","column_2":"Schoten","column_3":4.4980446,"column_4":51.2516344,"municipality_name_french":null,"arrondissement":"Arrondissement d\u2019Anvers","province":"Province d\u2019Anvers"}},{"type":"Feature","geometry":{"type":"Point","coordinates":[4.4763255,51.3832723]},"properties":{"column_1":"2920","column_2":"Kalmthout","column_3":4.4763255,"column_4":51.3832723,"municipality_name_french":null,"arrondissement":"Arrondissement d\u2019Anvers","province":"Province d\u2019Anvers"}},{"type":"Feature","geometry":{"type":"Point","coordinates":[4.4312318305558,51.332759]},"properties":{"column_1":"2950","column_2":"Kapellen","column_3":4.4312318305558,"column_4":51.332759,"municipality_name_french":null,"arrondissement":"Arrondissement d\u2019Anvers","province":"Province d\u2019Anvers"}},{"type":"Feature","geometry":{"type":"Point","coordinates":[4.5556038,51.2624856]},"properties":{"column_1":"2970","column_2":"'s Gravenwezel","column_3":4.5556038,"column_4":51.2624856,"municipality_name_french":null,"arrondissement":"Arrondissement d\u2019Anvers","province":"Province d\u2019Anvers"}},{"type":"Feature","geometry":{"type":"Point","coordinates":[4.6455565344486,51.2428446]},"properties":{"column_1":"2980","column_2":"Halle","column_3":4.6455565344486,"column_4":51.2428446,"municipality_name_french":null,"arrondissement":"Arrondissement d\u2019Anvers","province":"Province d\u2019Anvers"}},{"type":"Feature","geometry":{"type":"Point","coordinates":[4.6931307510281,50.85172925]},"properties":{"column_1":"3001","column_2":"Heverlee","column_3":4.6931307510281,"column_4":50.85172925,"municipality_name_french":null,"arrondissement":"Arrondissement de Louvain","province":"Province du Brabant flamand"}},{"type":"Feature","geometry":{"type":"Point","coordinates":[4.5828587400028,50.7950895]},"properties":{"column_1":"3040","column_2":"Huldenberg","column_3":4.5828587400028,"column_4":50.7950895,"municipality_name_french":null,"arrondissement":"Arrondissement de Louvain","province":"Province du Brabant flamand"}},{"type":"Feature","geometry":{"type":"Point","coordinates":[4.6458289787229,50.8051035]},"properties":{"column_1":"3051","column_2":"Sint-Joris-Weert","column_3":4.6458289787229,"column_4":50.8051035,"municipality_name_french":null,"arrondissement":"Arrondissement de Louvain","province":"Province du Brabant flamand"}},{"type":"Feature","geometry":{"type":"Point","coordinates":[4.7056796612254,50.8281673]},"properties":{"column_1":"3052","column_2":"Blanden","column_3":4.7056796612254,"column_4":50.8281673,"municipality_name_french":null,"arrondissement":"Arrondissement de Louvain","province":"Province du Brabant flamand"}},{"type":"Feature","geometry":{"type":"Point","coordinates":[4.6852713590102,50.82408165]},"properties":{"column_1":"3054","column_2":"Vaalbeek","column_3":4.6852713590102,"column_4":50.82408165,"municipality_name_french":null,"arrondissement":"Arrondissement de Louvain","province":"Province du Brabant flamand"}},{"type":"Feature","geometry":{"type":"Point","coordinates":[4.6299439737893,50.847010125156]},"properties":{"column_1":"3060","column_2":"Korbeek-Dijle","column_3":4.6299439737893,"column_4":50.847010125156,"municipality_name_french":null,"arrondissement":"Arrondissement de Louvain","province":"Province du Brabant flamand"}},{"type":"Feature","geometry":{"type":"Point","coordinates":[4.5364707039624,50.88326665]},"properties":{"column_1":"3070","column_2":"Kortenberg","column_3":4.5364707039624,"column_4":50.88326665,"municipality_name_french":null,"arrondissement":"Arrondissement de Louvain","province":"Province du Brabant flamand"}},{"type":"Feature","geometry":{"type":"Point","coordinates":[4.5545949589597,50.87266065]},"properties":{"column_1":"3078","column_2":"Everberg","column_3":4.5545949589597,"column_4":50.87266065,"municipality_name_french":null,"arrondissement":"Arrondissement de Louvain","province":"Province du Brabant flamand"}},{"type":"Feature","geometry":{"type":"Point","coordinates":[4.6265551,51.0049242]},"properties":{"column_1":"3140","column_2":"Keerbergen","column_3":4.6265551,"column_4":51.0049242,"municipality_name_french":null,"arrondissement":"Arrondissement de Louvain","province":"Province du Brabant flamand"}},{"type":"Feature","geometry":{"type":"Point","coordinates":[4.7756847507269,50.89891075]},"properties":{"column_1":"3210","column_2":"Linden","column_3":4.7756847507269,"column_4":50.89891075,"municipality_name_french":null,"arrondissement":"Arrondissement de Louvain","province":"Province du Brabant flamand"}},{"type":"Feature","geometry":{"type":"Point","coordinates":[4.8400599406417,50.8821122]},"properties":{"column_1":"3210","column_2":"Lubbeek","column_3":4.8400599406417,"column_4":50.8821122,"municipality_name_french":null,"arrondissement":"Arrondissement de Louvain","province":"Province du Brabant flamand"}},{"type":"Feature","geometry":{"type":"Point","coordinates":[4.9547327768843,50.9725745]},"properties":{"column_1":"3270","column_2":"Scherpenheuvel","column_3":4.9547327768843,"column_4":50.9725745,"municipality_name_french":null,"arrondissement":"Arrondissement de Louvain","province":"Province du Brabant flamand"}},{"type":"Feature","geometry":{"type":"Point","coordinates":[4.9754325657663,50.9689147]},"properties":{"column_1":"3270","column_2":"Scherpenheuvel-Zichem","column_3":4.9754325657663,"column_4":50.9689147,"municipality_name_french":null,"arrondissement":"Arrondissement de Louvain","province":"Province du Brabant flamand"}},{"type":"Feature","geometry":{"type":"Point","coordinates":[5.086792549946,51.0130411]},"properties":{"column_1":"3290","column_2":"Schaffen","column_3":5.086792549946,"column_4":51.0130411,"municipality_name_french":null,"arrondissement":"Arrondissement de Louvain","province":"Province du Brabant flamand"}},{"type":"Feature","geometry":{"type":"Point","coordinates":[4.8863798378559,50.8245511]},"properties":{"column_1":"3300","column_2":"Kumtich","column_3":4.8863798378559,"column_4":50.8245511,"municipality_name_french":null,"arrondissement":"Arrondissement de Louvain","province":"Province du Brabant flamand"}},{"type":"Feature","geometry":{"type":"Point","coordinates":[4.9623805201831,50.83464645]},"properties":{"column_1":"3300","column_2":"Sint-Margriete-Houtem","column_3":4.9623805201831,"column_4":50.83464645,"municipality_name_french":null,"arrondissement":"Arrondissement de Louvain","province":"Province du Brabant flamand"}},{"type":"Feature","geometry":{"type":"Point","coordinates":[4.9111431209758,50.84379005]},"properties":{"column_1":"3300","column_2":"Vissenaken","column_3":4.9111431209758,"column_4":50.84379005,"municipality_name_french":null,"arrondissement":"Arrondissement de Louvain","province":"Province du Brabant flamand"}},{"type":"Feature","geometry":{"type":"Point","coordinates":[4.8294566856141,50.78956675]},"properties":{"column_1":"3320","column_2":"Meldert","column_3":4.8294566856141,"column_4":50.78956675,"municipality_name_french":null,"arrondissement":"Arrondissement de Louvain","province":"Province du Brabant flamand"}},{"type":"Feature","geometry":{"type":"Point","coordinates":[4.7561775068454,50.86176115]},"properties":{"column_1":"3360","column_2":"Korbeek-Lo","column_3":4.7561775068454,"column_4":50.86176115,"municipality_name_french":null,"arrondissement":"Arrondissement de Louvain","province":"Province du Brabant flamand"}},{"type":"Feature","geometry":{"type":"Point","coordinates":[4.8643358054912,50.85699665]},"properties":{"column_1":"3370","column_2":"Kerkom","column_3":4.8643358054912,"column_4":50.85699665,"municipality_name_french":null,"arrondissement":"Arrondissement de Louvain","province":"Province du Brabant flamand"}},{"type":"Feature","geometry":{"type":"Point","coordinates":[4.8863781815823,50.9242724]},"properties":{"column_1":"3390","column_2":"Tielt-Winge","column_3":4.8863781815823,"column_4":50.9242724,"municipality_name_french":null,"arrondissement":"Arrondissement de Louvain","province":"Province du Brabant flamand"}},{"type":"Feature","geometry":{"type":"Point","coordinates":[4.997333783131,50.7766242]},"properties":{"column_1":"3400","column_2":"Ezemaal","column_3":4.997333783131,"column_4":50.7766242,"municipality_name_french":null,"arrondissement":"Arrondissement de Louvain","province":"Province du Brabant flamand"}},{"type":"Feature","geometry":{"type":"Point","coordinates":[5.0790966118688,50.7493167]},"properties":{"column_1":"3400","column_2":"Landen","column_3":5.0790966118688,"column_4":50.7493167,"municipality_name_french":null,"arrondissement":"Arrondissement de Louvain","province":"Province du Brabant flamand"}},{"type":"Feature","geometry":{"type":"Point","coordinates":[5.0409975765006,50.7652288]},"properties":{"column_1":"3400","column_2":"Neerwinden","column_3":5.0409975765006,"column_4":50.7652288,"municipality_name_french":null,"arrondissement":"Arrondissement de Louvain","province":"Province du Brabant flamand"}},{"type":"Feature","geometry":{"type":"Point","coordinates":[5.0695564232804,50.76917005]},"properties":{"column_1":"3400","column_2":"Rumsdorp","column_3":5.0695564232804,"column_4":50.76917005,"municipality_name_french":null,"arrondissement":"Arrondissement de Louvain","province":"Province du Brabant flamand"}},{"type":"Feature","geometry":{"type":"Point","coordinates":[5.0609420487376,50.72608345]},"properties":{"column_1":"3401","column_2":"Waasmont","column_3":5.0609420487376,"column_4":50.72608345,"municipality_name_french":null,"arrondissement":"Arrondissement de Louvain","province":"Province du Brabant flamand"}},{"type":"Feature","geometry":{"type":"Point","coordinates":[5.1094961371256,50.732168]},"properties":{"column_1":"3401","column_2":"Wezeren","column_3":5.1094961371256,"column_4":50.732168,"municipality_name_french":null,"arrondissement":"Arrondissement de Louvain","province":"Province du Brabant flamand"}},{"type":"Feature","geometry":{"type":"Point","coordinates":[5.0793874624497,50.7821026]},"properties":{"column_1":"3404","column_2":"Neerlanden","column_3":5.0793874624497,"column_4":50.7821026,"municipality_name_french":null,"arrondissement":"Arrondissement de Louvain","province":"Province du Brabant flamand"}},{"type":"Feature","geometry":{"type":"Point","coordinates":[5.1205761783641,50.8127265]},"properties":{"column_1":"3440","column_2":"Halle-Booienhoven","column_3":5.1205761783641,"column_4":50.8127265,"municipality_name_french":null,"arrondissement":"Arrondissement de Louvain","province":"Province du Brabant flamand"}},{"type":"Feature","geometry":{"type":"Point","coordinates":[5.0802259143417,50.83603965]},"properties":{"column_1":"3440","column_2":"Helen-Bos","column_3":5.0802259143417,"column_4":50.83603965,"municipality_name_french":null,"arrondissement":"Arrondissement de Louvain","province":"Province du Brabant flamand"}},{"type":"Feature","geometry":{"type":"Point","coordinates":[5.1299277800431,50.8754117]},"properties":{"column_1":"3450","column_2":"Grazen","column_3":5.1299277800431,"column_4":50.8754117,"municipality_name_french":null,"arrondissement":"Arrondissement de Louvain","province":"Province du Brabant flamand"}},{"type":"Feature","geometry":{"type":"Point","coordinates":[5.0136688435307,50.94677135]},"properties":{"column_1":"3460","column_2":"Assent","column_3":5.0136688435307,"column_4":50.94677135,"municipality_name_french":null,"arrondissement":"Arrondissement de Louvain","province":"Province du Brabant flamand"}},{"type":"Feature","geometry":{"type":"Point","coordinates":[5.068392495735,50.90566935]},"properties":{"column_1":"3470","column_2":"Kortenaken","column_3":5.068392495735,"column_4":50.90566935,"municipality_name_french":null,"arrondissement":"Arrondissement de Louvain","province":"Province du Brabant flamand"}},{"type":"Feature","geometry":{"type":"Point","coordinates":[4.9623805201831,50.83464645]},"properties":{"column_1":"3470","column_2":"Sint-Margriete-Houtem","column_3":4.9623805201831,"column_4":50.83464645,"municipality_name_french":null,"arrondissement":"Arrondissement de Louvain","province":"Province du Brabant flamand"}},{"type":"Feature","geometry":{"type":"Point","coordinates":[5.3713044,51.0281818]},"properties":{"column_1":"3530","column_2":"Houthalen-Helchteren","column_3":5.3713044,"column_4":51.0281818,"municipality_name_french":null,"arrondissement":"Arrondissement de Maaseik","province":"Province du Limbourg"}},{"type":"Feature","geometry":{"type":"Point","coordinates":[4.9053567,50.9582088]},"properties":{"column_1":"3540","column_2":"Donk","column_3":4.9053567,"column_4":50.9582088,"municipality_name_french":null,"arrondissement":"Arrondissement de Louvain","province":"Province du Brabant flamand"}},{"type":"Feature","geometry":{"type":"Point","coordinates":[5.171672949688,50.9533364]},"properties":{"column_1":"3540","column_2":"Schulen","column_3":5.171672949688,"column_4":50.9533364,"municipality_name_french":null,"arrondissement":"Arrondissement de Hasselt","province":"Province du Limbourg"}},{"type":"Feature","geometry":{"type":"Point","coordinates":[5.2025589998731,51.00313255]},"properties":{"column_1":"3560","column_2":"Lummen","column_3":5.2025589998731,"column_4":51.00313255,"municipality_name_french":null,"arrondissement":"Arrondissement de Hasselt","province":"Province du Limbourg"}},{"type":"Feature","geometry":{"type":"Point","coordinates":[5.1616725572109,51.04746375]},"properties":{"column_1":"3583","column_2":"Paal","column_3":5.1616725572109,"column_4":51.04746375,"municipality_name_french":null,"arrondissement":"Arrondissement de Hasselt","province":"Province du Limbourg"}},{"type":"Feature","geometry":{"type":"Point","coordinates":[5.680982,50.907778]},"properties":{"column_1":"3620","column_2":"Neerharen","column_3":5.680982,"column_4":50.907778,"municipality_name_french":null,"arrondissement":"Arrondissement de Tongres","province":"Province du Limbourg"}},{"type":"Feature","geometry":{"type":"Point","coordinates":[5.7128515,50.9863045]},"properties":{"column_1":"3630","column_2":"Eisden","column_3":5.7128515,"column_4":50.9863045,"municipality_name_french":null,"arrondissement":"Arrondissement de Tongres","province":"Province du Limbourg"}},{"type":"Feature","geometry":{"type":"Point","coordinates":[5.8089243331137,51.1492029]},"properties":{"column_1":"3640","column_2":"Kessenich","column_3":5.8089243331137,"column_4":51.1492029,"municipality_name_french":null,"arrondissement":"Arrondissement de Maaseik","province":"Province du Limbourg"}},{"type":"Feature","geometry":{"type":"Point","coordinates":[5.6991443859626,51.0328615]},"properties":{"column_1":"3650","column_2":"Dilsen","column_3":5.6991443859626,"column_4":51.0328615,"municipality_name_french":null,"arrondissement":"Arrondissement de Maaseik","province":"Province du Limbourg"}},{"type":"Feature","geometry":{"type":"Point","coordinates":[5.7311405,51.0284779]},"properties":{"column_1":"3650","column_2":"Dilsen-Stokkem","column_3":5.7311405,"column_4":51.0284779,"municipality_name_french":null,"arrondissement":"Arrondissement de Maaseik","province":"Province du Limbourg"}},{"type":"Feature","geometry":{"type":"Point","coordinates":[5.7205216032604,51.053086]},"properties":{"column_1":"3650","column_2":"Rotem","column_3":5.7205216032604,"column_4":51.053086,"municipality_name_french":null,"arrondissement":"Arrondissement de Maaseik","province":"Province du Limbourg"}},{"type":"Feature","geometry":{"type":"Point","coordinates":[5.7508381619462,51.0197939]},"properties":{"column_1":"3650","column_2":"Stokkem","column_3":5.7508381619462,"column_4":51.0197939,"municipality_name_french":null,"arrondissement":"Arrondissement de Maaseik","province":"Province du Limbourg"}},{"type":"Feature","geometry":{"type":"Point","coordinates":[5.532541372001,51.0770409]},"properties":{"column_1":"3670","column_2":"Wijshagen","column_3":5.532541372001,"column_4":51.0770409,"municipality_name_french":null,"arrondissement":"Arrondissement de Maaseik","province":"Province du Limbourg"}},{"type":"Feature","geometry":{"type":"Point","coordinates":[5.791733,51.0947181]},"properties":{"column_1":"3680","column_2":"Maaseik","column_3":5.791733,"column_4":51.0947181,"municipality_name_french":null,"arrondissement":"Arrondissement de Maaseik","province":"Province du Limbourg"}},{"type":"Feature","geometry":{"type":"Point","coordinates":[5.6487312543959,51.05340005]},"properties":{"column_1":"3680","column_2":"Opoeteren","column_3":5.6487312543959,"column_4":51.05340005,"municipality_name_french":null,"arrondissement":"Arrondissement de Maaseik","province":"Province du Limbourg"}},{"type":"Feature","geometry":{"type":"Point","coordinates":[5.5725548,50.9318992]},"properties":{"column_1":"3690","column_2":"Zutendaal","column_3":5.5725548,"column_4":50.9318992,"municipality_name_french":null,"arrondissement":"Arrondissement de Hasselt","province":"Province du Limbourg"}},{"type":"Feature","geometry":{"type":"Point","coordinates":[5.5030479,50.8064756]},"properties":{"column_1":"3700","column_2":"'s Herenelderen","column_3":5.5030479,"column_4":50.8064756,"municipality_name_french":null,"arrondissement":"Arrondissement de Tongres","province":"Province du Limbourg"}},{"type":"Feature","geometry":{"type":"Point","coordinates":[5.3770000287821,50.86195255]},"properties":{"column_1":"3720","column_2":"Kortessem","column_3":5.3770000287821,"column_4":50.86195255,"municipality_name_french":null,"arrondissement":"Arrondissement de Hasselt","province":"Province du Limbourg"}},{"type":"Feature","geometry":{"type":"Point","coordinates":[5.4005632276197,50.84255235]},"properties":{"column_1":"3723","column_2":"Guigoven","column_3":5.4005632276197,"column_4":50.84255235,"municipality_name_french":null,"arrondissement":"Arrondissement de Hasselt","province":"Province du Limbourg"}},{"type":"Feature","geometry":{"type":"Point","coordinates":[5.4481669278797,50.8422859]},"properties":{"column_1":"3732","column_2":"Schalkhoven","column_3":5.4481669278797,"column_4":50.8422859,"municipality_name_french":null,"arrondissement":"Arrondissement de Tongres","province":"Province du Limbourg"}},{"type":"Feature","geometry":{"type":"Point","coordinates":[5.5755614,50.8743904]},"properties":{"column_1":"3740","column_2":"Eigenbilzen","column_3":5.5755614,"column_4":50.8743904,"municipality_name_french":null,"arrondissement":"Arrondissement de Tongres","province":"Province du Limbourg"}},{"type":"Feature","geometry":{"type":"Point","coordinates":[5.5538483,50.832524]},"properties":{"column_1":"3740","column_2":"Grote-Spouwen","column_3":5.5538483,"column_4":50.832524,"municipality_name_french":null,"arrondissement":"Arrondissement de Tongres","province":"Province du Limbourg"}},{"type":"Feature","geometry":{"type":"Point","coordinates":[5.6124793,50.8460673]},"properties":{"column_1":"3740","column_2":"Hees","column_3":5.6124793,"column_4":50.8460673,"municipality_name_french":null,"arrondissement":"Arrondissement de Tongres","province":"Province du Limbourg"}},{"type":"Feature","geometry":{"type":"Point","coordinates":[5.5270242,50.8883348]},"properties":{"column_1":"3740","column_2":"Munsterbilzen","column_3":5.5270242,"column_4":50.8883348,"municipality_name_french":null,"arrondissement":"Arrondissement de Tongres","province":"Province du Limbourg"}},{"type":"Feature","geometry":{"type":"Point","coordinates":[5.6374847,50.828018]},"properties":{"column_1":"3770","column_2":"Vroenhoven","column_3":5.6374847,"column_4":50.828018,"municipality_name_french":null,"arrondissement":"Arrondissement de Tongres","province":"Province du Limbourg"}},{"type":"Feature","geometry":{"type":"Point","coordinates":[5.2518063089799,50.77280875]},"properties":{"column_1":"3800","column_2":"Engelmanshoven","column_3":5.2518063089799,"column_4":50.77280875,"municipality_name_french":null,"arrondissement":"Arrondissement de Hasselt","province":"Province du Limbourg"}},{"type":"Feature","geometry":{"type":"Point","coordinates":[5.2621170756458,50.78320635]},"properties":{"column_1":"3800","column_2":"Groot-Gelmen","column_3":5.2621170756458,"column_4":50.78320635,"municipality_name_french":null,"arrondissement":"Arrondissement de Hasselt","province":"Province du Limbourg"}},{"type":"Feature","geometry":{"type":"Point","coordinates":[5.2034249116034,50.82694775]},"properties":{"column_1":"3800","column_2":"Sint-Truiden","column_3":5.2034249116034,"column_4":50.82694775,"municipality_name_french":null,"arrondissement":"Arrondissement de Hasselt","province":"Province du Limbourg"}},{"type":"Feature","geometry":{"type":"Point","coordinates":[5.3322359627296,50.82704785]},"properties":{"column_1":"3831","column_2":"Herten","column_3":5.3322359627296,"column_4":50.82704785,"municipality_name_french":null,"arrondissement":"Arrondissement de Tongres","province":"Province du Limbourg"}},{"type":"Feature","geometry":{"type":"Point","coordinates":[5.2936725006792,50.84319895]},"properties":{"column_1":"3832","column_2":"Ulbeek","column_3":5.2936725006792,"column_4":50.84319895,"municipality_name_french":null,"arrondissement":"Arrondissement de Tongres","province":"Province du Limbourg"}},{"type":"Feature","geometry":{"type":"Point","coordinates":[5.3849412792168,50.8308593]},"properties":{"column_1":"3840","column_2":"Gors-Opleeuw","column_3":5.3849412792168,"column_4":50.8308593,"municipality_name_french":null,"arrondissement":"Arrondissement de Tongres","province":"Province du Limbourg"}},{"type":"Feature","geometry":{"type":"Point","coordinates":[5.3055250033294,50.80105865]},"properties":{"column_1":"3840","column_2":"Gotem","column_3":5.3055250033294,"column_4":50.80105865,"municipality_name_french":null,"arrondissement":"Arrondissement de Tongres","province":"Province du Limbourg"}},{"type":"Feature","geometry":{"type":"Point","coordinates":[5.3905151,50.8058717]},"properties":{"column_1":"3840","column_2":"Jesseren","column_3":5.3905151,"column_4":50.8058717,"municipality_name_french":null,"arrondissement":"Arrondissement de Tongres","province":"Province du Limbourg"}},{"type":"Feature","geometry":{"type":"Point","coordinates":[5.3616421143445,50.82372165]},"properties":{"column_1":"3840","column_2":"Kerniel","column_3":5.3616421143445,"column_4":50.82372165,"municipality_name_french":null,"arrondissement":"Arrondissement de Tongres","province":"Province du Limbourg"}},{"type":"Feature","geometry":{"type":"Point","coordinates":[5.2551977,50.7375944]},"properties":{"column_1":"3870","column_2":"Bovelingen","column_3":5.2551977,"column_4":50.7375944,"municipality_name_french":null,"arrondissement":"Arrondissement de Tongres","province":"Province du Limbourg"}},{"type":"Feature","geometry":{"type":"Point","coordinates":[5.2763925,50.7713536]},"properties":{"column_1":"3870","column_2":"Klein-Gelmen","column_3":5.2763925,"column_4":50.7713536,"municipality_name_french":null,"arrondissement":"Arrondissement de Tongres","province":"Province du Limbourg"}},{"type":"Feature","geometry":{"type":"Point","coordinates":[5.2896635,50.7803053]},"properties":{"column_1":"3870","column_2":"Mettekoven","column_3":5.2896635,"column_4":50.7803053,"municipality_name_french":null,"arrondissement":"Arrondissement de Tongres","province":"Province du Limbourg"}},{"type":"Feature","geometry":{"type":"Point","coordinates":[5.1325789475434,50.7513838]},"properties":{"column_1":"3890","column_2":"Gingelom","column_3":5.1325789475434,"column_4":50.7513838,"municipality_name_french":null,"arrondissement":"Arrondissement de Hasselt","province":"Province du Limbourg"}},{"type":"Feature","geometry":{"type":"Point","coordinates":[5.1781361499823,50.7614659]},"properties":{"column_1":"3891","column_2":"Muizen","column_3":5.1781361499823,"column_4":50.7614659,"municipality_name_french":null,"arrondissement":"Arrondissement de Hasselt","province":"Province du Limbourg"}},{"type":"Feature","geometry":{"type":"Point","coordinates":[5.1325674800534,51.0966275]},"properties":{"column_1":"3945","column_2":"Kwaadmechelen","column_3":5.1325674800534,"column_4":51.0966275,"municipality_name_french":null,"arrondissement":"Arrondissement de Hasselt","province":"Province du Limbourg"}},{"type":"Feature","geometry":{"type":"Point","coordinates":[5.5522997799873,51.1470494]},"properties":{"column_1":"3950","column_2":"Reppel","column_3":5.5522997799873,"column_4":51.1470494,"municipality_name_french":null,"arrondissement":"Arrondissement de Maaseik","province":"Province du Limbourg"}},{"type":"Feature","geometry":{"type":"Point","coordinates":[5.6229805058514,51.1386239]},"properties":{"column_1":"3960","column_2":"Bree","column_3":5.6229805058514,"column_4":51.1386239,"municipality_name_french":null,"arrondissement":"Arrondissement de Maaseik","province":"Province du Limbourg"}},{"type":"Feature","geometry":{"type":"Point","coordinates":[5.2265355962879,51.11582725]},"properties":{"column_1":"3971","column_2":"Heppen","column_3":5.2265355962879,"column_4":51.11582725,"municipality_name_french":null,"arrondissement":"Arrondissement de Hasselt","province":"Province du Limbourg"}},{"type":"Feature","geometry":{"type":"Point","coordinates":[5.4147469555164,51.1272018]},"properties":{"column_1":"3990","column_2":"Wijchmaal","column_3":5.4147469555164,"column_4":51.1272018,"municipality_name_french":null,"arrondissement":"Arrondissement de Maaseik","province":"Province du Limbourg"}},{"type":"Feature","geometry":{"type":"Point","coordinates":[5.6111443,50.6412964]},"properties":{"column_1":"4020","column_2":"Bressoux","column_3":5.6111443,"column_4":50.6412964,"municipality_name_french":"Li\u00e8ge","arrondissement":"Arrondissement de Li\u00e8ge","province":"Province de Li\u00e8ge"}},{"type":"Feature","geometry":{"type":"Point","coordinates":[5.5734203,50.6451381]},"properties":{"column_1":"4020","column_2":"Li\u00e8ge","column_3":5.5734203,"column_4":50.6451381,"municipality_name_french":"Li\u00e8ge","arrondissement":"Arrondissement de Li\u00e8ge","province":"Province de Li\u00e8ge"}},{"type":"Feature","geometry":{"type":"Point","coordinates":[5.599573,50.621845]},"properties":{"column_1":"4030","column_2":"Grivegnee","column_3":5.599573,"column_4":50.621845,"municipality_name_french":"Li\u00e8ge","arrondissement":"Arrondissement de Li\u00e8ge","province":"Province de Li\u00e8ge"}},{"type":"Feature","geometry":{"type":"Point","coordinates":[5.5954054,50.6128164]},"properties":{"column_1":"4031","column_2":"Angleur","column_3":5.5954054,"column_4":50.6128164,"municipality_name_french":"Li\u00e8ge","arrondissement":"Arrondissement de Li\u00e8ge","province":"Province de Li\u00e8ge"}},{"type":"Feature","geometry":{"type":"Point","coordinates":[5.5355698,50.5742979]},"properties":{"column_1":"4100","column_2":"Boncelles","column_3":5.5355698,"column_4":50.5742979,"municipality_name_french":"Seraing","arrondissement":"Arrondissement de Li\u00e8ge","province":"Province de Li\u00e8ge"}},{"type":"Feature","geometry":{"type":"Point","coordinates":[5.4901079,50.5431751]},"properties":{"column_1":"4120","column_2":"Neupr\u00e9","column_3":5.4901079,"column_4":50.5431751,"municipality_name_french":"Neupr\u00e9","arrondissement":"Arrondissement de Li\u00e8ge","province":"Province de Li\u00e8ge"}},{"type":"Feature","geometry":{"type":"Point","coordinates":[5.5215011,50.5446771]},"properties":{"column_1":"4122","column_2":"Plainevaux","column_3":5.5215011,"column_4":50.5446771,"municipality_name_french":"Neupr\u00e9","arrondissement":"Arrondissement de Li\u00e8ge","province":"Province de Li\u00e8ge"}},{"type":"Feature","geometry":{"type":"Point","coordinates":[5.6466570762919,50.5065636]},"properties":{"column_1":"4140","column_2":"Sprimont","column_3":5.6466570762919,"column_4":50.5065636,"municipality_name_french":"Sprimont","arrondissement":"Arrondissement de Li\u00e8ge","province":"Province de Li\u00e8ge"}},{"type":"Feature","geometry":{"type":"Point","coordinates":[5.5225261,50.481662]},"properties":{"column_1":"4160","column_2":"Anthisnes","column_3":5.5225261,"column_4":50.481662,"municipality_name_french":"Anthisnes","arrondissement":"Arrondissement de Huy","province":"Province de Li\u00e8ge"}},{"type":"Feature","geometry":{"type":"Point","coordinates":[5.5122974,50.4969412]},"properties":{"column_1":"4161","column_2":"Villers-Aux-Tours","column_3":5.5122974,"column_4":50.4969412,"municipality_name_french":"Anthisnes","arrondissement":"Arrondissement de Huy","province":"Province de Li\u00e8ge"}},{"type":"Feature","geometry":{"type":"Point","coordinates":[5.4707571,50.4960227]},"properties":{"column_1":"4163","column_2":"Tavier","column_3":5.4707571,"column_4":50.4960227,"municipality_name_french":"Anthisnes","arrondissement":"Arrondissement de Huy","province":"Province de Li\u00e8ge"}},{"type":"Feature","geometry":{"type":"Point","coordinates":[5.5428656,50.4454473]},"properties":{"column_1":"4180","column_2":"Comblain-Fairon","column_3":5.5428656,"column_4":50.4454473,"municipality_name_french":"Hamoir","arrondissement":"Arrondissement de Huy","province":"Province de Li\u00e8ge"}},{"type":"Feature","geometry":{"type":"Point","coordinates":[5.5699525,50.4553077]},"properties":{"column_1":"4180","column_2":"Comblain-La-Tour","column_3":5.5699525,"column_4":50.4553077,"municipality_name_french":"Hamoir","arrondissement":"Arrondissement de Huy","province":"Province de Li\u00e8ge"}},{"type":"Feature","geometry":{"type":"Point","coordinates":[5.5726031,50.40526]},"properties":{"column_1":"4190","column_2":"My","column_3":5.5726031,"column_4":50.40526,"municipality_name_french":"Ferri\u00e8res","arrondissement":"Arrondissement de Huy","province":"Province de Li\u00e8ge"}},{"type":"Feature","geometry":{"type":"Point","coordinates":[5.5512446,50.3955089]},"properties":{"column_1":"4190","column_2":"Vieuxville","column_3":5.5512446,"column_4":50.3955089,"municipality_name_french":"Ferri\u00e8res","arrondissement":"Arrondissement de Huy","province":"Province de Li\u00e8ge"}},{"type":"Feature","geometry":{"type":"Point","coordinates":[5.0899261,50.583727]},"properties":{"column_1":"4210","column_2":"Lamontz\u00e9e","column_3":5.0899261,"column_4":50.583727,"municipality_name_french":"Burdinne","arrondissement":"Arrondissement de Huy","province":"Province de Li\u00e8ge"}},{"type":"Feature","geometry":{"type":"Point","coordinates":[5.1318708,50.5331675]},"properties":{"column_1":"4218","column_2":"Couthuin","column_3":5.1318708,"column_4":50.5331675,"municipality_name_french":"H\u00e9ron","arrondissement":"Arrondissement de Huy","province":"Province de Li\u00e8ge"}},{"type":"Feature","geometry":{"type":"Point","coordinates":[5.0305133,50.6266779]},"properties":{"column_1":"4219","column_2":"Ambresin","column_3":5.0305133,"column_4":50.6266779,"municipality_name_french":"Wasseiges","arrondissement":"Arrondissement de Waremme","province":"Province de Li\u00e8ge"}},{"type":"Feature","geometry":{"type":"Point","coordinates":[5.016335,50.608964]},"properties":{"column_1":"4219","column_2":"Meeffe","column_3":5.016335,"column_4":50.608964,"municipality_name_french":"Wasseiges","arrondissement":"Arrondissement de Waremme","province":"Province de Li\u00e8ge"}},{"type":"Feature","geometry":{"type":"Point","coordinates":[5.2045681,50.6770806]},"properties":{"column_1":"4250","column_2":"Hollogne-Sur-Geer","column_3":5.2045681,"column_4":50.6770806,"municipality_name_french":"Geer","arrondissement":"Arrondissement de Waremme","province":"Province de Li\u00e8ge"}},{"type":"Feature","geometry":{"type":"Point","coordinates":[5.16091,50.6637114]},"properties":{"column_1":"4250","column_2":"Lens-Saint-Servais","column_3":5.16091,"column_4":50.6637114,"municipality_name_french":"Geer","arrondissement":"Arrondissement de Waremme","province":"Province de Li\u00e8ge"}},{"type":"Feature","geometry":{"type":"Point","coordinates":[5.1969427,50.6554534]},"properties":{"column_1":"4252","column_2":"Omal","column_3":5.1969427,"column_4":50.6554534,"municipality_name_french":"Geer","arrondissement":"Arrondissement de Waremme","province":"Province de Li\u00e8ge"}},{"type":"Feature","geometry":{"type":"Point","coordinates":[5.182381,50.66174]},"properties":{"column_1":"4254","column_2":"Ligney","column_3":5.182381,"column_4":50.66174,"municipality_name_french":"Geer","arrondissement":"Arrondissement de Waremme","province":"Province de Li\u00e8ge"}},{"type":"Feature","geometry":{"type":"Point","coordinates":[5.1765528,50.639549]},"properties":{"column_1":"4263","column_2":"Tourinne","column_3":5.1765528,"column_4":50.639549,"municipality_name_french":"Braives","arrondissement":"Arrondissement de Waremme","province":"Province de Li\u00e8ge"}},{"type":"Feature","geometry":{"type":"Point","coordinates":[5.0789239,50.694616]},"properties":{"column_1":"4280","column_2":"Avernas-Le-Bauduin","column_3":5.0789239,"column_4":50.694616,"municipality_name_french":"Hannut","arrondissement":"Arrondissement de Waremme","province":"Province de Li\u00e8ge"}},{"type":"Feature","geometry":{"type":"Point","coordinates":[5.0621464,50.6605954]},"properties":{"column_1":"4280","column_2":"Crehen","column_3":5.0621464,"column_4":50.6605954,"municipality_name_french":"Hannut","arrondissement":"Arrondissement de Waremme","province":"Province de Li\u00e8ge"}},{"type":"Feature","geometry":{"type":"Point","coordinates":[5.1329047,50.6534024]},"properties":{"column_1":"4280","column_2":"Lens-Saint-Remy","column_3":5.1329047,"column_4":50.6534024,"municipality_name_french":"Hannut","arrondissement":"Arrondissement de Waremme","province":"Province de Li\u00e8ge"}},{"type":"Feature","geometry":{"type":"Point","coordinates":[5.2243853,50.6789987]},"properties":{"column_1":"4300","column_2":"Grand-Axhe","column_3":5.2243853,"column_4":50.6789987,"municipality_name_french":"Waremme","arrondissement":"Arrondissement de Waremme","province":"Province de Li\u00e8ge"}},{"type":"Feature","geometry":{"type":"Point","coordinates":[5.256235,50.6229561]},"properties":{"column_1":"4317","column_2":"Aineffe","column_3":5.256235,"column_4":50.6229561,"municipality_name_french":"Faimes","arrondissement":"Arrondissement de Waremme","province":"Province de Li\u00e8ge"}},{"type":"Feature","geometry":{"type":"Point","coordinates":[5.2455346,50.6538847]},"properties":{"column_1":"4317","column_2":"Celles","column_3":5.2455346,"column_4":50.6538847,"municipality_name_french":"Faimes","arrondissement":"Arrondissement de Waremme","province":"Province de Li\u00e8ge"}},{"type":"Feature","geometry":{"type":"Point","coordinates":[5.3730111,50.6852325]},"properties":{"column_1":"4350","column_2":"Momalle","column_3":5.3730111,"column_4":50.6852325,"municipality_name_french":"Remicourt","arrondissement":"Arrondissement de Waremme","province":"Province de Li\u00e8ge"}},{"type":"Feature","geometry":{"type":"Point","coordinates":[5.3267174,50.6807151]},"properties":{"column_1":"4350","column_2":"Remicourt","column_3":5.3267174,"column_4":50.6807151,"municipality_name_french":"Remicourt","arrondissement":"Arrondissement de Waremme","province":"Province de Li\u00e8ge"}},{"type":"Feature","geometry":{"type":"Point","coordinates":[5.3426579,50.6960127]},"properties":{"column_1":"4351","column_2":"Hodeige","column_3":5.3426579,"column_4":50.6960127,"municipality_name_french":"Remicourt","arrondissement":"Arrondissement de Waremme","province":"Province de Li\u00e8ge"}},{"type":"Feature","geometry":{"type":"Point","coordinates":[5.3199408,50.6478971]},"properties":{"column_1":"4357","column_2":"Donceel","column_3":5.3199408,"column_4":50.6478971,"municipality_name_french":"Donceel","arrondissement":"Arrondissement de Waremme","province":"Province de Li\u00e8ge"}},{"type":"Feature","geometry":{"type":"Point","coordinates":[5.3559477,50.6532256]},"properties":{"column_1":"4357","column_2":"Jeneffe","column_3":5.3559477,"column_4":50.6532256,"municipality_name_french":"Donceel","arrondissement":"Arrondissement de Waremme","province":"Province de Li\u00e8ge"}},{"type":"Feature","geometry":{"type":"Point","coordinates":[5.3277139,50.7145424]},"properties":{"column_1":"4360","column_2":"Bergilers","column_3":5.3277139,"column_4":50.7145424,"municipality_name_french":"Oreye","arrondissement":"Arrondissement de Waremme","province":"Province de Li\u00e8ge"}},{"type":"Feature","geometry":{"type":"Point","coordinates":[5.3530675,50.7291681]},"properties":{"column_1":"4360","column_2":"Oreye","column_3":5.3530675,"column_4":50.7291681,"municipality_name_french":"Oreye","arrondissement":"Arrondissement de Waremme","province":"Province de Li\u00e8ge"}},{"type":"Feature","geometry":{"type":"Point","coordinates":[5.4580872,50.6022808]},"properties":{"column_1":"4400","column_2":"Fl\u00e9malle","column_3":5.4580872,"column_4":50.6022808,"municipality_name_french":"Fl\u00e9malle","arrondissement":"Arrondissement de Li\u00e8ge","province":"Province de Li\u00e8ge"}},{"type":"Feature","geometry":{"type":"Point","coordinates":[5.539419,50.6305341]},"properties":{"column_1":"4420","column_2":"Saint-Nicolas","column_3":5.539419,"column_4":50.6305341,"municipality_name_french":"Saint-Nicolas","arrondissement":"Arrondissement de Li\u00e8ge","province":"Province de Li\u00e8ge"}},{"type":"Feature","geometry":{"type":"Point","coordinates":[5.502732,50.665153]},"properties":{"column_1":"4431","column_2":"Loncin","column_3":5.502732,"column_4":50.665153,"municipality_name_french":"Ans","arrondissement":"Arrondissement de Li\u00e8ge","province":"Province de Li\u00e8ge"}},{"type":"Feature","geometry":{"type":"Point","coordinates":[5.4805775,50.7043671]},"properties":{"column_1":"4432","column_2":"Xhendremael","column_3":5.4805775,"column_4":50.7043671,"municipality_name_french":"Ans","arrondissement":"Arrondissement de Li\u00e8ge","province":"Province de Li\u00e8ge"}},{"type":"Feature","geometry":{"type":"Point","coordinates":[5.5652092,50.7277246]},"properties":{"column_1":"4450","column_2":"Slins","column_3":5.5652092,"column_4":50.7277246,"municipality_name_french":"Juprelle","arrondissement":"Arrondissement de Li\u00e8ge","province":"Province de Li\u00e8ge"}},{"type":"Feature","geometry":{"type":"Point","coordinates":[5.4043113,50.582433]},"properties":{"column_1":"4480","column_2":"Engis","column_3":5.4043113,"column_4":50.582433,"municipality_name_french":"Engis","arrondissement":"Arrondissement de Huy","province":"Province de Li\u00e8ge"}},{"type":"Feature","geometry":{"type":"Point","coordinates":[5.1773498,50.5033196]},"properties":{"column_1":"4500","column_2":"Ben-Ahin","column_3":5.1773498,"column_4":50.5033196,"municipality_name_french":"Huy","arrondissement":"Arrondissement de Huy","province":"Province de Li\u00e8ge"}},{"type":"Feature","geometry":{"type":"Point","coordinates":[5.259369,50.527586]},"properties":{"column_1":"4500","column_2":"Tihange","column_3":5.259369,"column_4":50.527586,"municipality_name_french":"Huy","arrondissement":"Arrondissement de Huy","province":"Province de Li\u00e8ge"}},{"type":"Feature","geometry":{"type":"Point","coordinates":[5.2358517,50.5512026]},"properties":{"column_1":"4520","column_2":"Antheit","column_3":5.2358517,"column_4":50.5512026,"municipality_name_french":"Wanze","arrondissement":"Arrondissement de Huy","province":"Province de Li\u00e8ge"}},{"type":"Feature","geometry":{"type":"Point","coordinates":[5.2835083,50.5849842]},"properties":{"column_1":"4530","column_2":"Fize-Fontaine","column_3":5.2835083,"column_4":50.5849842,"municipality_name_french":"Villers-le-Bouillet","arrondissement":"Arrondissement de Huy","province":"Province de Li\u00e8ge"}},{"type":"Feature","geometry":{"type":"Point","coordinates":[5.2254442,50.5951052]},"properties":{"column_1":"4530","column_2":"Warnant-Dreye","column_3":5.2254442,"column_4":50.5951052,"municipality_name_french":"Villers-le-Bouillet","arrondissement":"Arrondissement de Huy","province":"Province de Li\u00e8ge"}},{"type":"Feature","geometry":{"type":"Point","coordinates":[5.3041269,50.5857931]},"properties":{"column_1":"4537","column_2":"Bodegn\u00e9e","column_3":5.3041269,"column_4":50.5857931,"municipality_name_french":"Verlaine","arrondissement":"Arrondissement de Huy","province":"Province de Li\u00e8ge"}},{"type":"Feature","geometry":{"type":"Point","coordinates":[5.3240992,50.5497761]},"properties":{"column_1":"4540","column_2":"Amay","column_3":5.3240992,"column_4":50.5497761,"municipality_name_french":"Amay","arrondissement":"Arrondissement de Huy","province":"Province de Li\u00e8ge"}},{"type":"Feature","geometry":{"type":"Point","coordinates":[5.4190411,50.506355]},"properties":{"column_1":"4550","column_2":"Nandrin","column_3":5.4190411,"column_4":50.506355,"municipality_name_french":"Nandrin","arrondissement":"Arrondissement de Huy","province":"Province de Li\u00e8ge"}},{"type":"Feature","geometry":{"type":"Point","coordinates":[5.3954539,50.3965212]},"properties":{"column_1":"4560","column_2":"Ocquier","column_3":5.3954539,"column_4":50.3965212,"municipality_name_french":"Clavier","arrondissement":"Arrondissement de Huy","province":"Province de Li\u00e8ge"}},{"type":"Feature","geometry":{"type":"Point","coordinates":[5.695354,50.7171434]},"properties":{"column_1":"4600","column_2":"Richelle","column_3":5.695354,"column_4":50.7171434,"municipality_name_french":"Vis\u00e9","arrondissement":"Arrondissement de Li\u00e8ge","province":"Province de Li\u00e8ge"}},{"type":"Feature","geometry":{"type":"Point","coordinates":[5.686015,50.6957645]},"properties":{"column_1":"4601","column_2":"Argenteau","column_3":5.686015,"column_4":50.6957645,"municipality_name_french":"Vis\u00e9","arrondissement":"Arrondissement de Li\u00e8ge","province":"Province de Li\u00e8ge"}},{"type":"Feature","geometry":{"type":"Point","coordinates":[5.6654685,50.6447087]},"properties":{"column_1":"4610","column_2":"Bellaire","column_3":5.6654685,"column_4":50.6447087,"municipality_name_french":"Beyne-Heusay","arrondissement":"Arrondissement de Li\u00e8ge","province":"Province de Li\u00e8ge"}},{"type":"Feature","geometry":{"type":"Point","coordinates":[5.6978166,50.6302993]},"properties":{"column_1":"4621","column_2":"Retinne","column_3":5.6978166,"column_4":50.6302993,"municipality_name_french":"Fl\u00e9ron","arrondissement":"Arrondissement de Li\u00e8ge","province":"Province de Li\u00e8ge"}},{"type":"Feature","geometry":{"type":"Point","coordinates":[5.6811009,50.6028765]},"properties":{"column_1":"4623","column_2":"Magn\u00e9e","column_3":5.6811009,"column_4":50.6028765,"municipality_name_french":"Fl\u00e9ron","arrondissement":"Arrondissement de Li\u00e8ge","province":"Province de Li\u00e8ge"}},{"type":"Feature","geometry":{"type":"Point","coordinates":[5.7060994,50.6418082]},"properties":{"column_1":"4631","column_2":"Evegn\u00e9e","column_3":5.7060994,"column_4":50.6418082,"municipality_name_french":"Soumagne","arrondissement":"Arrondissement de Li\u00e8ge","province":"Province de Li\u00e8ge"}},{"type":"Feature","geometry":{"type":"Point","coordinates":[5.7370469,50.6460841]},"properties":{"column_1":"4633","column_2":"Melen","column_3":5.7370469,"column_4":50.6460841,"municipality_name_french":"Soumagne","arrondissement":"Arrondissement de Li\u00e8ge","province":"Province de Li\u00e8ge"}},{"type":"Feature","geometry":{"type":"Point","coordinates":[5.7718682,50.6856398]},"properties":{"column_1":"4650","column_2":"Jul\u00e9mont","column_3":5.7718682,"column_4":50.6856398,"municipality_name_french":"Herve","arrondissement":"Arrondissement de Verviers","province":"Province de Li\u00e8ge"}},{"type":"Feature","geometry":{"type":"Point","coordinates":[5.7252372,50.6727185]},"properties":{"column_1":"4670","column_2":"Bl\u00e9gny","column_3":5.7252372,"column_4":50.6727185,"municipality_name_french":"Blegny","arrondissement":"Arrondissement de Li\u00e8ge","province":"Province de Li\u00e8ge"}},{"type":"Feature","geometry":{"type":"Point","coordinates":[5.693985,50.6796259]},"properties":{"column_1":"4671","column_2":"Housse","column_3":5.693985,"column_4":50.6796259,"municipality_name_french":"Blegny","arrondissement":"Arrondissement de Li\u00e8ge","province":"Province de Li\u00e8ge"}},{"type":"Feature","geometry":{"type":"Point","coordinates":[5.6820303,50.6525478]},"properties":{"column_1":"4671","column_2":"Saive","column_3":5.6820303,"column_4":50.6525478,"municipality_name_french":"Blegny","arrondissement":"Arrondissement de Li\u00e8ge","province":"Province de Li\u00e8ge"}},{"type":"Feature","geometry":{"type":"Point","coordinates":[5.6186068,50.7087526]},"properties":{"column_1":"4680","column_2":"Herm\u00e9e","column_3":5.6186068,"column_4":50.7087526,"municipality_name_french":"Oupeye","arrondissement":"Arrondissement de Li\u00e8ge","province":"Province de Li\u00e8ge"}},{"type":"Feature","geometry":{"type":"Point","coordinates":[5.6667674,50.7339784]},"properties":{"column_1":"4684","column_2":"Haccourt","column_3":5.6667674,"column_4":50.7339784,"municipality_name_french":"Oupeye","arrondissement":"Arrondissement de Li\u00e8ge","province":"Province de Li\u00e8ge"}},{"type":"Feature","geometry":{"type":"Point","coordinates":[5.6702417,50.7994409]},"properties":{"column_1":"4690","column_2":"Eben-Emael","column_3":5.6702417,"column_4":50.7994409,"municipality_name_french":"Bassenge","arrondissement":"Arrondissement de Li\u00e8ge","province":"Province de Li\u00e8ge"}},{"type":"Feature","geometry":{"type":"Point","coordinates":[5.6333621,50.7677078]},"properties":{"column_1":"4690","column_2":"Wonck","column_3":5.6333621,"column_4":50.7677078,"municipality_name_french":"Bassenge","arrondissement":"Arrondissement de Li\u00e8ge","province":"Province de Li\u00e8ge"}},{"type":"Feature","geometry":{"type":"Point","coordinates":[6.031452,50.6306134]},"properties":{"column_1":"4700","column_2":"Eupen","column_3":6.031452,"column_4":50.6306134,"municipality_name_french":"Eupen","arrondissement":"Arrondissement de Verviers","province":"Province de Li\u00e8ge"}},{"type":"Feature","geometry":{"type":"Point","coordinates":[6.013341,50.7154957]},"properties":{"column_1":"4720","column_2":"La Calamine","column_3":6.013341,"column_4":50.7154957,"municipality_name_french":"La Calamine","arrondissement":"Arrondissement de Verviers","province":"Province de Li\u00e8ge"}},{"type":"Feature","geometry":{"type":"Point","coordinates":[6.2213827,50.4573116]},"properties":{"column_1":"4750","column_2":"Elsenborn","column_3":6.2213827,"column_4":50.4573116,"municipality_name_french":"Butgenbach","arrondissement":"Arrondissement de Verviers","province":"Province de Li\u00e8ge"}},{"type":"Feature","geometry":{"type":"Point","coordinates":[6.3400555,50.3310938]},"properties":{"column_1":"4760","column_2":"Manderfeld","column_3":6.3400555,"column_4":50.3310938,"municipality_name_french":"Bullange","arrondissement":"Arrondissement de Verviers","province":"Province de Li\u00e8ge"}},{"type":"Feature","geometry":{"type":"Point","coordinates":[6.1884932,50.3288415]},"properties":{"column_1":"4770","column_2":"Meyerode","column_3":6.1884932,"column_4":50.3288415,"municipality_name_french":"Ambl\u00e8ve","arrondissement":"Arrondissement de Verviers","province":"Province de Li\u00e8ge"}},{"type":"Feature","geometry":{"type":"Point","coordinates":[6.218691,50.3631661]},"properties":{"column_1":"4771","column_2":"Heppenbach","column_3":6.218691,"column_4":50.3631661,"municipality_name_french":"Ambl\u00e8ve","arrondissement":"Arrondissement de Verviers","province":"Province de Li\u00e8ge"}},{"type":"Feature","geometry":{"type":"Point","coordinates":[5.9402987,50.6122761]},"properties":{"column_1":"4830","column_2":"Limbourg","column_3":5.9402987,"column_4":50.6122761,"municipality_name_french":"Limbourg","arrondissement":"Arrondissement de Verviers","province":"Province de Li\u00e8ge"}},{"type":"Feature","geometry":{"type":"Point","coordinates":[5.9212234,50.623535]},"properties":{"column_1":"4831","column_2":"Bilstain","column_3":5.9212234,"column_4":50.623535,"municipality_name_french":"Limbourg","arrondissement":"Arrondissement de Verviers","province":"Province de Li\u00e8ge"}},{"type":"Feature","geometry":{"type":"Point","coordinates":[5.9953656,50.6193792]},"properties":{"column_1":"4837","column_2":"Membach","column_3":5.9953656,"column_4":50.6193792,"municipality_name_french":"Baelen","arrondissement":"Arrondissement de Verviers","province":"Province de Li\u00e8ge"}},{"type":"Feature","geometry":{"type":"Point","coordinates":[5.9880362,50.7208739]},"properties":{"column_1":"4850","column_2":"Moresnet","column_3":5.9880362,"column_4":50.7208739,"municipality_name_french":"Plombi\u00e8res","arrondissement":"Arrondissement de Verviers","province":"Province de Li\u00e8ge"}},{"type":"Feature","geometry":{"type":"Point","coordinates":[5.9590725,50.7374801]},"properties":{"column_1":"4850","column_2":"Plombi\u00e8res","column_3":5.9590725,"column_4":50.7374801,"municipality_name_french":"Plombi\u00e8res","arrondissement":"Arrondissement de Verviers","province":"Province de Li\u00e8ge"}},{"type":"Feature","geometry":{"type":"Point","coordinates":[5.8585553,50.7041498]},"properties":{"column_1":"4880","column_2":"Aubel","column_3":5.8585553,"column_4":50.7041498,"municipality_name_french":"Aubel","arrondissement":"Arrondissement de Verviers","province":"Province de Li\u00e8ge"}},{"type":"Feature","geometry":{"type":"Point","coordinates":[5.8650125,50.6529465]},"properties":{"column_1":"4890","column_2":"Thimister","column_3":5.8650125,"column_4":50.6529465,"municipality_name_french":"Thimister-Clermont","arrondissement":"Arrondissement de Verviers","province":"Province de Li\u00e8ge"}},{"type":"Feature","geometry":{"type":"Point","coordinates":[5.8634486463407,50.66298735]},"properties":{"column_1":"4890","column_2":"Thimister-Clermont","column_3":5.8634486463407,"column_4":50.66298735,"municipality_name_french":"Thimister-Clermont","arrondissement":"Arrondissement de Verviers","province":"Province de Li\u00e8ge"}},{"type":"Feature","geometry":{"type":"Point","coordinates":[5.8626233,50.4920838]},"properties":{"column_1":"4900","column_2":"Spa","column_3":5.8626233,"column_4":50.4920838,"municipality_name_french":"Spa","arrondissement":"Arrondissement de Verviers","province":"Province de Li\u00e8ge"}},{"type":"Feature","geometry":{"type":"Point","coordinates":[5.7905664,50.4894593]},"properties":{"column_1":"4910","column_2":"La Reid","column_3":5.7905664,"column_4":50.4894593,"municipality_name_french":"Theux","arrondissement":"Arrondissement de Verviers","province":"Province de Li\u00e8ge"}},{"type":"Feature","geometry":{"type":"Point","coordinates":[5.6660069,50.4028521]},"properties":{"column_1":"4920","column_2":"Ernonheid","column_3":5.6660069,"column_4":50.4028521,"municipality_name_french":"Aywaille","arrondissement":"Arrondissement de Li\u00e8ge","province":"Province de Li\u00e8ge"}},{"type":"Feature","geometry":{"type":"Point","coordinates":[5.6672743,50.4409138]},"properties":{"column_1":"4920","column_2":"Harz\u00e9","column_3":5.6672743,"column_4":50.4409138,"municipality_name_french":"Aywaille","arrondissement":"Arrondissement de Li\u00e8ge","province":"Province de Li\u00e8ge"}},{"type":"Feature","geometry":{"type":"Point","coordinates":[6.1224661,50.4550294]},"properties":{"column_1":"4950","column_2":"Robertville","column_3":6.1224661,"column_4":50.4550294,"municipality_name_french":"Waimes","arrondissement":"Arrondissement de Verviers","province":"Province de Li\u00e8ge"}},{"type":"Feature","geometry":{"type":"Point","coordinates":[6.1117543,50.4149134]},"properties":{"column_1":"4950","column_2":"Waimes","column_3":6.1117543,"column_4":50.4149134,"municipality_name_french":"Waimes","arrondissement":"Arrondissement de Verviers","province":"Province de Li\u00e8ge"}},{"type":"Feature","geometry":{"type":"Point","coordinates":[6.0391879,50.4415348]},"properties":{"column_1":"4960","column_2":"Beverc\u00e9","column_3":6.0391879,"column_4":50.4415348,"municipality_name_french":"Malmedy","arrondissement":"Arrondissement de Verviers","province":"Province de Li\u00e8ge"}},{"type":"Feature","geometry":{"type":"Point","coordinates":[5.7299282,50.3819564]},"properties":{"column_1":"4987","column_2":"Chevron","column_3":5.7299282,"column_4":50.3819564,"municipality_name_french":"Stoumont","arrondissement":"Arrondissement de Verviers","province":"Province de Li\u00e8ge"}},{"type":"Feature","geometry":{"type":"Point","coordinates":[5.8459307,50.4128545]},"properties":{"column_1":"4987","column_2":"La Gleize","column_3":5.8459307,"column_4":50.4128545,"municipality_name_french":"Stoumont","arrondissement":"Arrondissement de Verviers","province":"Province de Li\u00e8ge"}},{"type":"Feature","geometry":{"type":"Point","coordinates":[5.7321495,50.4145319]},"properties":{"column_1":"4987","column_2":"Lorc\u00e9","column_3":5.7321495,"column_4":50.4145319,"municipality_name_french":"Stoumont","arrondissement":"Arrondissement de Verviers","province":"Province de Li\u00e8ge"}},{"type":"Feature","geometry":{"type":"Point","coordinates":[5.7786187,50.3860353]},"properties":{"column_1":"4987","column_2":"Rahier","column_3":5.7786187,"column_4":50.3860353,"municipality_name_french":"Stoumont","arrondissement":"Arrondissement de Verviers","province":"Province de Li\u00e8ge"}},{"type":"Feature","geometry":{"type":"Point","coordinates":[4.9219558,50.4687313]},"properties":{"column_1":"5000","column_2":"Beez","column_3":4.9219558,"column_4":50.4687313,"municipality_name_french":"Namur","arrondissement":"Arrondissement de Namur","province":"Province de Namur"}},{"type":"Feature","geometry":{"type":"Point","coordinates":[4.8222958522639,50.46923485]},"properties":{"column_1":"5001","column_2":"Belgrade","column_3":4.8222958522639,"column_4":50.46923485,"municipality_name_french":"Namur","arrondissement":"Arrondissement de Namur","province":"Province de Namur"}},{"type":"Feature","geometry":{"type":"Point","coordinates":[4.8120768,50.456602]},"properties":{"column_1":"5020","column_2":"Flawinne","column_3":4.8120768,"column_4":50.456602,"municipality_name_french":"Namur","arrondissement":"Arrondissement de Namur","province":"Province de Namur"}},{"type":"Feature","geometry":{"type":"Point","coordinates":[4.7509248,50.4829793]},"properties":{"column_1":"5020","column_2":"Temploux","column_3":4.7509248,"column_4":50.4829793,"municipality_name_french":"Namur","arrondissement":"Arrondissement de Namur","province":"Province de Namur"}},{"type":"Feature","geometry":{"type":"Point","coordinates":[4.8742389,50.5019599]},"properties":{"column_1":"5020","column_2":"Vedrin","column_3":4.8742389,"column_4":50.5019599,"municipality_name_french":"Namur","arrondissement":"Arrondissement de Namur","province":"Province de Namur"}},{"type":"Feature","geometry":{"type":"Point","coordinates":[4.9578287274527,50.5113799]},"properties":{"column_1":"5024","column_2":"Gelbress\u00e9e","column_3":4.9578287274527,"column_4":50.5113799,"municipality_name_french":"Namur","arrondissement":"Arrondissement de Namur","province":"Province de Namur"}},{"type":"Feature","geometry":{"type":"Point","coordinates":[4.6739886,50.5941971]},"properties":{"column_1":"5030","column_2":"Ernage","column_3":4.6739886,"column_4":50.5941971,"municipality_name_french":"Gembloux","arrondissement":"Arrondissement de Namur","province":"Province de Namur"}},{"type":"Feature","geometry":{"type":"Point","coordinates":[4.7248074,50.5810646]},"properties":{"column_1":"5030","column_2":"Sauveni\u00e8re","column_3":4.7248074,"column_4":50.5810646,"municipality_name_french":"Gembloux","arrondissement":"Arrondissement de Namur","province":"Province de Namur"}},{"type":"Feature","geometry":{"type":"Point","coordinates":[4.60725,50.4713313]},"properties":{"column_1":"5060","column_2":"Velaine-Sur-Sambre","column_3":4.60725,"column_4":50.4713313,"municipality_name_french":"Sambreville","arrondissement":"Arrondissement de Namur","province":"Province de Namur"}},{"type":"Feature","geometry":{"type":"Point","coordinates":[4.5998195,50.3760693]},"properties":{"column_1":"5070","column_2":"Sart-Eustache","column_3":4.5998195,"column_4":50.3760693,"municipality_name_french":"Fosses-la-Ville","arrondissement":"Arrondissement de Namur","province":"Province de Namur"}},{"type":"Feature","geometry":{"type":"Point","coordinates":[4.8587823219021,50.5348173]},"properties":{"column_1":"5080","column_2":"Warisoulx","column_3":4.8587823219021,"column_4":50.5348173,"municipality_name_french":"La Bruy\u00e8re","arrondissement":"Arrondissement de Namur","province":"Province de Namur"}},{"type":"Feature","geometry":{"type":"Point","coordinates":[4.7787022193209,50.51440005]},"properties":{"column_1":"5081","column_2":"Bovesse","column_3":4.7787022193209,"column_4":50.51440005,"municipality_name_french":"La Bruy\u00e8re","arrondissement":"Arrondissement de Namur","province":"Province de Namur"}},{"type":"Feature","geometry":{"type":"Point","coordinates":[4.9316703499006,50.4146082]},"properties":{"column_1":"5100","column_2":"Naninne","column_3":4.9316703499006,"column_4":50.4146082,"municipality_name_french":"Namur","arrondissement":"Arrondissement de Namur","province":"Province de Namur"}},{"type":"Feature","geometry":{"type":"Point","coordinates":[4.6119938,50.5018413]},"properties":{"column_1":"5140","column_2":"Boign\u00e9e","column_3":4.6119938,"column_4":50.5018413,"municipality_name_french":"Sombreffe","arrondissement":"Arrondissement de Namur","province":"Province de Namur"}},{"type":"Feature","geometry":{"type":"Point","coordinates":[4.5757572,50.5126287]},"properties":{"column_1":"5140","column_2":"Ligny","column_3":4.5757572,"column_4":50.5126287,"municipality_name_french":"Sombreffe","arrondissement":"Arrondissement de Namur","province":"Province de Namur"}},{"type":"Feature","geometry":{"type":"Point","coordinates":[4.623887,50.5157258]},"properties":{"column_1":"5140","column_2":"Tongrinne","column_3":4.623887,"column_4":50.5157258,"municipality_name_french":"Sombreffe","arrondissement":"Arrondissement de Namur","province":"Province de Namur"}},{"type":"Feature","geometry":{"type":"Point","coordinates":[4.758878,50.4348064]},"properties":{"column_1":"5150","column_2":"Floreffe","column_3":4.758878,"column_4":50.4348064,"municipality_name_french":"Floreffe","arrondissement":"Arrondissement de Namur","province":"Province de Namur"}},{"type":"Feature","geometry":{"type":"Point","coordinates":[4.730789,50.4494828]},"properties":{"column_1":"5150","column_2":"Soye","column_3":4.730789,"column_4":50.4494828,"municipality_name_french":"Floreffe","arrondissement":"Arrondissement de Namur","province":"Province de Namur"}},{"type":"Feature","geometry":{"type":"Point","coordinates":[4.7748094,50.3773499]},"properties":{"column_1":"5170","column_2":"Lesve","column_3":4.7748094,"column_4":50.3773499,"municipality_name_french":"Profondeville","arrondissement":"Arrondissement de Namur","province":"Province de Namur"}},{"type":"Feature","geometry":{"type":"Point","coordinates":[4.8694363,50.3776473]},"properties":{"column_1":"5170","column_2":"Profondeville","column_3":4.8694363,"column_4":50.3776473,"municipality_name_french":"Profondeville","arrondissement":"Arrondissement de Namur","province":"Province de Namur"}},{"type":"Feature","geometry":{"type":"Point","coordinates":[4.6472621,50.5008367]},"properties":{"column_1":"5190","column_2":"Saint-Martin","column_3":4.6472621,"column_4":50.5008367,"municipality_name_french":"Jemeppe-sur-Sambre","arrondissement":"Arrondissement de Namur","province":"Province de Namur"}},{"type":"Feature","geometry":{"type":"Point","coordinates":[5.1043923,50.4900943]},"properties":{"column_1":"5300","column_2":"Andenne","column_3":5.1043923,"column_4":50.4900943,"municipality_name_french":"Andenne","arrondissement":"Arrondissement de Namur","province":"Province de Namur"}},{"type":"Feature","geometry":{"type":"Point","coordinates":[4.978173,50.4598458]},"properties":{"column_1":"5300","column_2":"Maizeret","column_3":4.978173,"column_4":50.4598458,"municipality_name_french":"Andenne","arrondissement":"Arrondissement de Namur","province":"Province de Namur"}},{"type":"Feature","geometry":{"type":"Point","coordinates":[5.0284735,50.4897139]},"properties":{"column_1":"5300","column_2":"Sclayn","column_3":5.0284735,"column_4":50.4897139,"municipality_name_french":"Andenne","arrondissement":"Arrondissement de Namur","province":"Province de Namur"}},{"type":"Feature","geometry":{"type":"Point","coordinates":[4.8762345,50.5942203]},"properties":{"column_1":"5310","column_2":"Mehaigne","column_3":4.8762345,"column_4":50.5942203,"municipality_name_french":"\u00c9ghez\u00e9e","arrondissement":"Arrondissement de Namur","province":"Province de Namur"}},{"type":"Feature","geometry":{"type":"Point","coordinates":[4.8427332,50.5730646]},"properties":{"column_1":"5310","column_2":"Saint-Germain","column_3":4.8427332,"column_4":50.5730646,"municipality_name_french":"\u00c9ghez\u00e9e","arrondissement":"Arrondissement de Namur","province":"Province de Namur"}},{"type":"Feature","geometry":{"type":"Point","coordinates":[5.0233625,50.3704203]},"properties":{"column_1":"5330","column_2":"Assesse","column_3":5.0233625,"column_4":50.3704203,"municipality_name_french":"Assesse","arrondissement":"Arrondissement de Namur","province":"Province de Namur"}},{"type":"Feature","geometry":{"type":"Point","coordinates":[4.9699385,50.3775518]},"properties":{"column_1":"5330","column_2":"Maillen","column_3":4.9699385,"column_4":50.3775518,"municipality_name_french":"Assesse","arrondissement":"Arrondissement de Namur","province":"Province de Namur"}},{"type":"Feature","geometry":{"type":"Point","coordinates":[4.9581149,50.3468626]},"properties":{"column_1":"5332","column_2":"Crupet","column_3":4.9581149,"column_4":50.3468626,"municipality_name_french":"Assesse","arrondissement":"Arrondissement de Namur","province":"Province de Namur"}},{"type":"Feature","geometry":{"type":"Point","coordinates":[5.1258806,50.4001817]},"properties":{"column_1":"5340","column_2":"Sor\u00e9e","column_3":5.1258806,"column_4":50.4001817,"municipality_name_french":"Gesves","arrondissement":"Arrondissement de Namur","province":"Province de Namur"}},{"type":"Feature","geometry":{"type":"Point","coordinates":[5.1238439,50.4359066]},"properties":{"column_1":"5350","column_2":"Ohey","column_3":5.1238439,"column_4":50.4359066,"municipality_name_french":"Ohey","arrondissement":"Arrondissement de Namur","province":"Province de Namur"}},{"type":"Feature","geometry":{"type":"Point","coordinates":[5.1821601,50.4432621]},"properties":{"column_1":"5354","column_2":"Jallet","column_3":5.1821601,"column_4":50.4432621,"municipality_name_french":"Ohey","arrondissement":"Arrondissement de Namur","province":"Province de Namur"}},{"type":"Feature","geometry":{"type":"Point","coordinates":[5.2408578,50.3384304]},"properties":{"column_1":"5370","column_2":"Porcheresse","column_3":5.2408578,"column_4":50.3384304,"municipality_name_french":"Havelange","arrondissement":"Arrondissement de Dinant","province":"Province de Namur"}},{"type":"Feature","geometry":{"type":"Point","coordinates":[5.333856,50.3619241]},"properties":{"column_1":"5372","column_2":"M\u00e9an","column_3":5.333856,"column_4":50.3619241,"municipality_name_french":"Havelange","arrondissement":"Arrondissement de Dinant","province":"Province de Namur"}},{"type":"Feature","geometry":{"type":"Point","coordinates":[5.24941,50.365689]},"properties":{"column_1":"5376","column_2":"Mi\u00e9cret","column_3":5.24941,"column_4":50.365689,"municipality_name_french":"Havelange","arrondissement":"Arrondissement de Dinant","province":"Province de Namur"}},{"type":"Feature","geometry":{"type":"Point","coordinates":[4.958369,50.567323]},"properties":{"column_1":"5380","column_2":"Cortil-Wodon","column_3":4.958369,"column_4":50.567323,"municipality_name_french":"Fernelmont","arrondissement":"Arrondissement de Namur","province":"Province de Namur"}},{"type":"Feature","geometry":{"type":"Point","coordinates":[5.0006655,50.574642]},"properties":{"column_1":"5380","column_2":"Forville","column_3":5.0006655,"column_4":50.574642,"municipality_name_french":"Fernelmont","arrondissement":"Arrondissement de Namur","province":"Province de Namur"}},{"type":"Feature","geometry":{"type":"Point","coordinates":[4.9411438,50.5231886]},"properties":{"column_1":"5380","column_2":"Marchovelette","column_3":4.9411438,"column_4":50.5231886,"municipality_name_french":"Fernelmont","arrondissement":"Arrondissement de Namur","province":"Province de Namur"}},{"type":"Feature","geometry":{"type":"Point","coordinates":[4.8984129,50.2725677]},"properties":{"column_1":"5500","column_2":"Bouvignes-Sur-Meuse","column_3":4.8984129,"column_4":50.2725677,"municipality_name_french":"Dinant","arrondissement":"Arrondissement de Dinant","province":"Province de Namur"}},{"type":"Feature","geometry":{"type":"Point","coordinates":[4.8924373,50.2037856]},"properties":{"column_1":"5500","column_2":"Falmignoul","column_3":4.8924373,"column_4":50.2037856,"municipality_name_french":"Dinant","arrondissement":"Arrondissement de Dinant","province":"Province de Namur"}},{"type":"Feature","geometry":{"type":"Point","coordinates":[4.9584822,50.223335]},"properties":{"column_1":"5500","column_2":"Furfooz","column_3":4.9584822,"column_4":50.223335,"municipality_name_french":"Dinant","arrondissement":"Arrondissement de Dinant","province":"Province de Namur"}},{"type":"Feature","geometry":{"type":"Point","coordinates":[4.9897127,50.2471757]},"properties":{"column_1":"5504","column_2":"Foy-Notre-Dame","column_3":4.9897127,"column_4":50.2471757,"municipality_name_french":"Dinant","arrondissement":"Arrondissement de Dinant","province":"Province de Namur"}},{"type":"Feature","geometry":{"type":"Point","coordinates":[4.9857278,50.3380783]},"properties":{"column_1":"5530","column_2":"Durnal","column_3":4.9857278,"column_4":50.3380783,"municipality_name_french":"Yvoir","arrondissement":"Arrondissement de Dinant","province":"Province de Namur"}},{"type":"Feature","geometry":{"type":"Point","coordinates":[4.9455473,50.3142896]},"properties":{"column_1":"5530","column_2":"Purnode","column_3":4.9455473,"column_4":50.3142896,"municipality_name_french":"Yvoir","arrondissement":"Arrondissement de Dinant","province":"Province de Namur"}},{"type":"Feature","geometry":{"type":"Point","coordinates":[5.006949,50.322619]},"properties":{"column_1":"5530","column_2":"Spontin","column_3":5.006949,"column_4":50.322619,"municipality_name_french":"Yvoir","arrondissement":"Arrondissement de Dinant","province":"Province de Namur"}},{"type":"Feature","geometry":{"type":"Point","coordinates":[4.7976225,50.3335584]},"properties":{"column_1":"5537","column_2":"Bioul","column_3":4.7976225,"column_4":50.3335584,"municipality_name_french":"Anh\u00e9e","arrondissement":"Arrondissement de Dinant","province":"Province de Namur"}},{"type":"Feature","geometry":{"type":"Point","coordinates":[4.836084,50.3238206]},"properties":{"column_1":"5537","column_2":"Warnant","column_3":4.836084,"column_4":50.3238206,"municipality_name_french":"Anh\u00e9e","arrondissement":"Arrondissement de Dinant","province":"Province de Namur"}},{"type":"Feature","geometry":{"type":"Point","coordinates":[4.8225541872005,50.1973562]},"properties":{"column_1":"5540","column_2":"Hasti\u00e8re","column_3":4.8225541872005,"column_4":50.1973562,"municipality_name_french":"Hasti\u00e8re","arrondissement":"Arrondissement de Dinant","province":"Province de Namur"}},{"type":"Feature","geometry":{"type":"Point","coordinates":[4.7942801,50.16421]},"properties":{"column_1":"5544","column_2":"Agimont","column_3":4.7942801,"column_4":50.16421,"municipality_name_french":"Hasti\u00e8re","arrondissement":"Arrondissement de Dinant","province":"Province de Namur"}},{"type":"Feature","geometry":{"type":"Point","coordinates":[4.8751221,49.8241964]},"properties":{"column_1":"5550","column_2":"Bagimont","column_3":4.8751221,"column_4":49.8241964,"municipality_name_french":"Vresse-sur-Semois","arrondissement":"Arrondissement de Dinant","province":"Province de Namur"}},{"type":"Feature","geometry":{"type":"Point","coordinates":[4.9032847,49.8140011]},"properties":{"column_1":"5550","column_2":"Sugny","column_3":4.9032847,"column_4":49.8140011,"municipality_name_french":"Vresse-sur-Semois","arrondissement":"Arrondissement de Dinant","province":"Province de Namur"}},{"type":"Feature","geometry":{"type":"Point","coordinates":[4.9830915,49.869524]},"properties":{"column_1":"5555","column_2":"Gros-Fays","column_3":4.9830915,"column_4":49.869524,"municipality_name_french":"Bi\u00e8vre","arrondissement":"Arrondissement de Dinant","province":"Province de Namur"}},{"type":"Feature","geometry":{"type":"Point","coordinates":[5.0051364,50.1900646]},"properties":{"column_1":"5560","column_2":"Houyet","column_3":5.0051364,"column_4":50.1900646,"municipality_name_french":"Houyet","arrondissement":"Arrondissement de Dinant","province":"Province de Namur"}},{"type":"Feature","geometry":{"type":"Point","coordinates":[5.0372408,50.1613066]},"properties":{"column_1":"5563","column_2":"Hour","column_3":5.0372408,"column_4":50.1613066,"municipality_name_french":"Houyet","arrondissement":"Arrondissement de Dinant","province":"Province de Namur"}},{"type":"Feature","geometry":{"type":"Point","coordinates":[5.0123245,50.0666286]},"properties":{"column_1":"5570","column_2":"Honnay","column_3":5.0123245,"column_4":50.0666286,"municipality_name_french":"Beauraing","arrondissement":"Arrondissement de Dinant","province":"Province de Namur"}},{"type":"Feature","geometry":{"type":"Point","coordinates":[4.9767431,50.1487792]},"properties":{"column_1":"5571","column_2":"Wiesme","column_3":4.9767431,"column_4":50.1487792,"municipality_name_french":"Beauraing","arrondissement":"Arrondissement de Dinant","province":"Province de Namur"}},{"type":"Feature","geometry":{"type":"Point","coordinates":[5.003949,50.1176141]},"properties":{"column_1":"5573","column_2":"Martouzin-Neuville","column_3":5.003949,"column_4":50.1176141,"municipality_name_french":"Beauraing","arrondissement":"Arrondissement de Dinant","province":"Province de Namur"}},{"type":"Feature","geometry":{"type":"Point","coordinates":[4.9572488,49.9589147]},"properties":{"column_1":"5575","column_2":"Louette-Saint-Denis","column_3":4.9572488,"column_4":49.9589147,"municipality_name_french":"Gedinne","arrondissement":"Arrondissement de Dinant","province":"Province de Namur"}},{"type":"Feature","geometry":{"type":"Point","coordinates":[4.8847815,49.9922547]},"properties":{"column_1":"5575","column_2":"Rienne","column_3":4.8847815,"column_4":49.9922547,"municipality_name_french":"Gedinne","arrondissement":"Arrondissement de Dinant","province":"Province de Namur"}},{"type":"Feature","geometry":{"type":"Point","coordinates":[5.1530857761777,50.11195305]},"properties":{"column_1":"5580","column_2":"Ave-Et-Auffe","column_3":5.1530857761777,"column_4":50.11195305,"municipality_name_french":"Rochefort","arrondissement":"Arrondissement de Dinant","province":"Province de Namur"}},{"type":"Feature","geometry":{"type":"Point","coordinates":[5.2140311511356,50.1725817]},"properties":{"column_1":"5580","column_2":"Rochefort","column_3":5.2140311511356,"column_4":50.1725817,"municipality_name_french":"Rochefort","arrondissement":"Arrondissement de Dinant","province":"Province de Namur"}},{"type":"Feature","geometry":{"type":"Point","coordinates":[5.1188335,50.223801]},"properties":{"column_1":"5590","column_2":"Chevetogne","column_3":5.1188335,"column_4":50.223801,"municipality_name_french":"Ciney","arrondissement":"Arrondissement de Dinant","province":"Province de Namur"}},{"type":"Feature","geometry":{"type":"Point","coordinates":[5.2343634,50.2319269]},"properties":{"column_1":"5590","column_2":"Serinchamps","column_3":5.2343634,"column_4":50.2319269,"municipality_name_french":"Ciney","arrondissement":"Arrondissement de Dinant","province":"Province de Namur"}},{"type":"Feature","geometry":{"type":"Point","coordinates":[4.5703749,50.1050216]},"properties":{"column_1":"5600","column_2":"Fagnolle","column_3":4.5703749,"column_4":50.1050216,"municipality_name_french":"Philippeville","arrondissement":"Arrondissement de Philippeville","province":"Province de Namur"}},{"type":"Feature","geometry":{"type":"Point","coordinates":[4.6072911,50.1728667]},"properties":{"column_1":"5600","column_2":"Merlemont","column_3":4.6072911,"column_4":50.1728667,"municipality_name_french":"Philippeville","arrondissement":"Arrondissement de Philippeville","province":"Province de Namur"}},{"type":"Feature","geometry":{"type":"Point","coordinates":[5.7242282,50.3868446]},"properties":{"column_1":"5600","column_2":"Neuville","column_3":5.7242282,"column_4":50.3868446,"municipality_name_french":"Philippeville","arrondissement":"Arrondissement de Verviers","province":"Province de Li\u00e8ge"}},{"type":"Feature","geometry":{"type":"Point","coordinates":[4.6995791,50.1933288]},"properties":{"column_1":"5600","column_2":"Omez\u00e9e","column_3":4.6995791,"column_4":50.1933288,"municipality_name_french":"Philippeville","arrondissement":"Arrondissement de Philippeville","province":"Province de Namur"}},{"type":"Feature","geometry":{"type":"Point","coordinates":[4.3895104,50.8368511]},"properties":{"column_1":"1040","column_2":"Etterbeek","column_3":4.3895104,"column_4":50.8368511,"municipality_name_french":"Bruxelles","arrondissement":"Arrondissement de Bruxelles-Capitale","province":null}},{"type":"Feature","geometry":{"type":"Point","coordinates":[4.3815707,50.8222854]},"properties":{"column_1":"1050","column_2":"Ixelles","column_3":4.3815707,"column_4":50.8222854,"municipality_name_french":"Saint-Gilles","arrondissement":"Arrondissement de Bruxelles-Capitale","province":null}},{"type":"Feature","geometry":{"type":"Point","coordinates":[4.3123401,50.8381411]},"properties":{"column_1":"1070","column_2":"Anderlecht","column_3":4.3123401,"column_4":50.8381411,"municipality_name_french":"Anderlecht","arrondissement":"Arrondissement de Bruxelles-Capitale","province":null}},{"type":"Feature","geometry":{"type":"Point","coordinates":[4.4125708732431,50.8919661]},"properties":{"column_1":"1130","column_2":"Haren","column_3":4.4125708732431,"column_4":50.8919661,"municipality_name_french":"Bruxelles","arrondissement":"Arrondissement de Bruxelles-Capitale","province":null}},{"type":"Feature","geometry":{"type":"Point","coordinates":[4.4432967,50.8292429]},"properties":{"column_1":"1150","column_2":"Woluwe-Saint-Pierre","column_3":4.4432967,"column_4":50.8292429,"municipality_name_french":"Woluwe-Saint-Pierre","arrondissement":"Arrondissement de Bruxelles-Capitale","province":null}},{"type":"Feature","geometry":{"type":"Point","coordinates":[4.3723364,50.8530739]},"properties":{"column_1":"1210","column_2":"Saint-Josse-Ten-Noode","column_3":4.3723364,"column_4":50.8530739,"municipality_name_french":"Saint-Josse-ten-Noode","arrondissement":"Arrondissement de Bruxelles-Capitale","province":null}},{"type":"Feature","geometry":{"type":"Point","coordinates":[4.607744,50.7164189]},"properties":{"column_1":"1300","column_2":"Wavre","column_3":4.607744,"column_4":50.7164189,"municipality_name_french":"Wavre","arrondissement":"Arrondissement de Nivelles","province":"Province du Brabant wallon"}},{"type":"Feature","geometry":{"type":"Point","coordinates":[4.7205562,50.7819118]},"properties":{"column_1":"1320","column_2":"Hamme-Mille","column_3":4.7205562,"column_4":50.7819118,"municipality_name_french":"Beauvechain","arrondissement":"Arrondissement de Nivelles","province":"Province du Brabant wallon"}},{"type":"Feature","geometry":{"type":"Point","coordinates":[4.7472104,50.7777654]},"properties":{"column_1":"1320","column_2":"Tourinnes-La-Grosse","column_3":4.7472104,"column_4":50.7777654,"municipality_name_french":"Beauvechain","arrondissement":"Arrondissement de Nivelles","province":"Province du Brabant wallon"}},{"type":"Feature","geometry":{"type":"Point","coordinates":[4.6974182,50.6839808]},"properties":{"column_1":"1325","column_2":"Chaumont-Gistoux","column_3":4.6974182,"column_4":50.6839808,"municipality_name_french":"Chaumont-Gistoux","arrondissement":"Arrondissement de Nivelles","province":"Province du Brabant wallon"}},{"type":"Feature","geometry":{"type":"Point","coordinates":[4.5291742660159,50.6625713]},"properties":{"column_1":"1341","column_2":"C\u00e9roux-Mousty","column_3":4.5291742660159,"column_4":50.6625713,"municipality_name_french":"Ottignies-Louvain-la-Neuve","arrondissement":"Arrondissement de Nivelles","province":"Province du Brabant wallon"}},{"type":"Feature","geometry":{"type":"Point","coordinates":[4.9912852,50.7034875]},"properties":{"column_1":"1350","column_2":"Orp-Le-Grand","column_3":4.9912852,"column_4":50.7034875,"municipality_name_french":"Orp-Jauche","arrondissement":"Arrondissement de Nivelles","province":"Province du Brabant wallon"}},{"type":"Feature","geometry":{"type":"Point","coordinates":[4.8674622,50.6316098]},"properties":{"column_1":"1367","column_2":"Grand-Rosi\u00e8re-Hottomont","column_3":4.8674622,"column_4":50.6316098,"municipality_name_french":"Ramillies","arrondissement":"Arrondissement de Nivelles","province":"Province du Brabant wallon"}},{"type":"Feature","geometry":{"type":"Point","coordinates":[4.9148994,50.6366892]},"properties":{"column_1":"1367","column_2":"Ramillies","column_3":4.9148994,"column_4":50.6366892,"municipality_name_french":"Ramillies","arrondissement":"Arrondissement de Nivelles","province":"Province du Brabant wallon"}},{"type":"Feature","geometry":{"type":"Point","coordinates":[4.8435069,50.6866092]},"properties":{"column_1":"1370","column_2":"Jauchelette","column_3":4.8435069,"column_4":50.6866092,"municipality_name_french":"Jodoigne","arrondissement":"Arrondissement de Nivelles","province":"Province du Brabant wallon"}},{"type":"Feature","geometry":{"type":"Point","coordinates":[4.824622,50.7230097]},"properties":{"column_1":"1370","column_2":"Lathuy","column_3":4.824622,"column_4":50.7230097,"municipality_name_french":"Jodoigne","arrondissement":"Arrondissement de Nivelles","province":"Province du Brabant wallon"}},{"type":"Feature","geometry":{"type":"Point","coordinates":[4.8838518,50.7592057]},"properties":{"column_1":"1370","column_2":"Z\u00e9trud-Lumay","column_3":4.8838518,"column_4":50.7592057,"municipality_name_french":"Jodoigne","arrondissement":"Arrondissement de Nivelles","province":"Province du Brabant wallon"}},{"type":"Feature","geometry":{"type":"Point","coordinates":[4.4844157,50.6860037]},"properties":{"column_1":"1380","column_2":"Lasne","column_3":4.4844157,"column_4":50.6860037,"municipality_name_french":"Lasne","arrondissement":"Arrondissement de Nivelles","province":"Province du Brabant wallon"}},{"type":"Feature","geometry":{"type":"Point","coordinates":[4.6962324,50.7386182]},"properties":{"column_1":"1390","column_2":"Grez-Doiceau","column_3":4.6962324,"column_4":50.7386182,"municipality_name_french":"Grez-Doiceau","arrondissement":"Arrondissement de Nivelles","province":"Province du Brabant wallon"}},{"type":"Feature","geometry":{"type":"Point","coordinates":[4.6736552349571,50.78382875]},"properties":{"column_1":"1390","column_2":"Nethen","column_3":4.6736552349571,"column_4":50.78382875,"municipality_name_french":"Grez-Doiceau","arrondissement":"Arrondissement de Nivelles","province":"Province du Brabant wallon"}},{"type":"Feature","geometry":{"type":"Point","coordinates":[4.2860216341575,50.5931607]},"properties":{"column_1":"1400","column_2":"Monstreux","column_3":4.2860216341575,"column_4":50.5931607,"municipality_name_french":"Nivelles","arrondissement":"Arrondissement de Nivelles","province":"Province du Brabant wallon"}},{"type":"Feature","geometry":{"type":"Point","coordinates":[4.1355466,50.6645894]},"properties":{"column_1":"1430","column_2":"Rebecq","column_3":4.1355466,"column_4":50.6645894,"municipality_name_french":"Rebecq","arrondissement":"Arrondissement de Nivelles","province":"Province du Brabant wallon"}},{"type":"Feature","geometry":{"type":"Point","coordinates":[4.6127019,50.6365628]},"properties":{"column_1":"1435","column_2":"Mont-Saint-Guibert","column_3":4.6127019,"column_4":50.6365628,"municipality_name_french":"Mont-Saint-Guibert","arrondissement":"Arrondissement de Nivelles","province":"Province du Brabant wallon"}},{"type":"Feature","geometry":{"type":"Point","coordinates":[4.2666690726132,50.68088165]},"properties":{"column_1":"1440","column_2":"Braine-Le-Ch\u00e2teau","column_3":4.2666690726132,"column_4":50.68088165,"municipality_name_french":"Braine-le-Ch\u00e2teau","arrondissement":"Arrondissement de Nivelles","province":"Province du Brabant wallon"}},{"type":"Feature","geometry":{"type":"Point","coordinates":[4.6202848419069,50.57660545]},"properties":{"column_1":"1450","column_2":"Saint-G\u00e9ry","column_3":4.6202848419069,"column_4":50.57660545,"municipality_name_french":"Chastre","arrondissement":"Arrondissement de Nivelles","province":"Province du Brabant wallon"}},{"type":"Feature","geometry":{"type":"Point","coordinates":[4.6743285,50.6407147]},"properties":{"column_1":"1457","column_2":"Nil-Saint-Vincent-Saint-Martin","column_3":4.6743285,"column_4":50.6407147,"municipality_name_french":"Walhain","arrondissement":"Arrondissement de Nivelles","province":"Province du Brabant wallon"}},{"type":"Feature","geometry":{"type":"Point","coordinates":[4.7220185,50.6395479]},"properties":{"column_1":"1457","column_2":"Tourinnes-Saint-Lambert","column_3":4.7220185,"column_4":50.6395479,"municipality_name_french":"Walhain","arrondissement":"Arrondissement de Nivelles","province":"Province du Brabant wallon"}},{"type":"Feature","geometry":{"type":"Point","coordinates":[4.5192034141632,50.63205335]},"properties":{"column_1":"1470","column_2":"Bousval","column_3":4.5192034141632,"column_4":50.63205335,"municipality_name_french":"Genappe","arrondissement":"Arrondissement de Nivelles","province":"Province du Brabant wallon"}},{"type":"Feature","geometry":{"type":"Point","coordinates":[4.4015030981612,50.62902485]},"properties":{"column_1":"1472","column_2":"Vieux-Genappe","column_3":4.4015030981612,"column_4":50.62902485,"municipality_name_french":"Genappe","arrondissement":"Arrondissement de Nivelles","province":"Province du Brabant wallon"}},{"type":"Feature","geometry":{"type":"Point","coordinates":[4.4729429472611,50.6269861]},"properties":{"column_1":"1474","column_2":"Ways","column_3":4.4729429472611,"column_4":50.6269861,"municipality_name_french":"Genappe","arrondissement":"Arrondissement de Nivelles","province":"Province du Brabant wallon"}},{"type":"Feature","geometry":{"type":"Point","coordinates":[4.2167874,50.6700726]},"properties":{"column_1":"1480","column_2":"Oisquercq","column_3":4.2167874,"column_4":50.6700726,"municipality_name_french":"Tubize","arrondissement":"Arrondissement de Nivelles","province":"Province du Brabant wallon"}},{"type":"Feature","geometry":{"type":"Point","coordinates":[4.1600612857846,50.70737205]},"properties":{"column_1":"1480","column_2":"Saintes","column_3":4.1600612857846,"column_4":50.70737205,"municipality_name_french":"Tubize","arrondissement":"Arrondissement de Nivelles","province":"Province du Brabant wallon"}},{"type":"Feature","geometry":{"type":"Point","coordinates":[4.204696,50.69302]},"properties":{"column_1":"1480","column_2":"Tubize","column_3":4.204696,"column_4":50.69302,"municipality_name_french":"Tubize","arrondissement":"Arrondissement de Nivelles","province":"Province du Brabant wallon"}},{"type":"Feature","geometry":{"type":"Point","coordinates":[3.9709983,50.7527192]},"properties":{"column_1":"1570","column_2":"Galmaarden","column_3":3.9709983,"column_4":50.7527192,"municipality_name_french":null,"arrondissement":"Arrondissement de Hal-Vilvorde","province":"Province du Brabant flamand"}},{"type":"Feature","geometry":{"type":"Point","coordinates":[4.004789341376,50.7430853]},"properties":{"column_1":"1570","column_2":"Tollembeek","column_3":4.004789341376,"column_4":50.7430853,"municipality_name_french":null,"arrondissement":"Arrondissement de Hal-Vilvorde","province":"Province du Brabant flamand"}},{"type":"Feature","geometry":{"type":"Point","coordinates":[4.298610469732,50.7848617]},"properties":{"column_1":"1601","column_2":"Ruisbroek","column_3":4.298610469732,"column_4":50.7848617,"municipality_name_french":null,"arrondissement":"Arrondissement de Hal-Vilvorde","province":"Province du Brabant flamand"}},{"type":"Feature","geometry":{"type":"Point","coordinates":[4.2729986221483,50.76514035]},"properties":{"column_1":"1651","column_2":"Lot","column_3":4.2729986221483,"column_4":50.76514035,"municipality_name_french":null,"arrondissement":"Arrondissement de Hal-Vilvorde","province":"Province du Brabant flamand"}},{"type":"Feature","geometry":{"type":"Point","coordinates":[4.3281703413079,50.7449476]},"properties":{"column_1":"1652","column_2":"Alsemberg","column_3":4.3281703413079,"column_4":50.7449476,"municipality_name_french":null,"arrondissement":"Arrondissement de Hal-Vilvorde","province":"Province du Brabant flamand"}},{"type":"Feature","geometry":{"type":"Point","coordinates":[4.2950152833964,50.73423975]},"properties":{"column_1":"1653","column_2":"Dworp","column_3":4.2950152833964,"column_4":50.73423975,"municipality_name_french":null,"arrondissement":"Arrondissement de Hal-Vilvorde","province":"Province du Brabant flamand"}},{"type":"Feature","geometry":{"type":"Point","coordinates":[4.1601450278998,50.73779765]},"properties":{"column_1":"1674","column_2":"Bellingen","column_3":4.1601450278998,"column_4":50.73779765,"municipality_name_french":null,"arrondissement":"Arrondissement de Hal-Vilvorde","province":"Province du Brabant flamand"}},{"type":"Feature","geometry":{"type":"Point","coordinates":[4.2635668372339,50.8714357]},"properties":{"column_1":"1702","column_2":"Groot-Bijgaarden","column_3":4.2635668372339,"column_4":50.8714357,"municipality_name_french":null,"arrondissement":"Arrondissement de Hal-Vilvorde","province":"Province du Brabant flamand"}},{"type":"Feature","geometry":{"type":"Point","coordinates":[4.2239826,50.9328497]},"properties":{"column_1":"1730","column_2":"Mollem","column_3":4.2239826,"column_4":50.9328497,"municipality_name_french":null,"arrondissement":"Arrondissement de Hal-Vilvorde","province":"Province du Brabant flamand"}},{"type":"Feature","geometry":{"type":"Point","coordinates":[4.1648626,50.8085632]},"properties":{"column_1":"1750","column_2":"Lennik","column_3":4.1648626,"column_4":50.8085632,"municipality_name_french":null,"arrondissement":"Arrondissement de Hal-Vilvorde","province":"Province du Brabant flamand"}},{"type":"Feature","geometry":{"type":"Point","coordinates":[4.1456163063499,50.81145495]},"properties":{"column_1":"1750","column_2":"Sint-Kwintens-Lennik","column_3":4.1456163063499,"column_4":50.81145495,"municipality_name_french":null,"arrondissement":"Arrondissement de Hal-Vilvorde","province":"Province du Brabant flamand"}},{"type":"Feature","geometry":{"type":"Point","coordinates":[4.0614624,50.7720719]},"properties":{"column_1":"1755","column_2":"Oetingen","column_3":4.0614624,"column_4":50.7720719,"municipality_name_french":null,"arrondissement":"Arrondissement de Hal-Vilvorde","province":"Province du Brabant flamand"}},{"type":"Feature","geometry":{"type":"Point","coordinates":[4.1119573,50.8220387]},"properties":{"column_1":"1760","column_2":"Onze-Lieve-Vrouw-Lombeek","column_3":4.1119573,"column_4":50.8220387,"municipality_name_french":null,"arrondissement":"Arrondissement de Hal-Vilvorde","province":"Province du Brabant flamand"}},{"type":"Feature","geometry":{"type":"Point","coordinates":[4.0820664787057,50.83471975]},"properties":{"column_1":"1760","column_2":"Pamel","column_3":4.0820664787057,"column_4":50.83471975,"municipality_name_french":null,"arrondissement":"Arrondissement de Hal-Vilvorde","province":"Province du Brabant flamand"}},{"type":"Feature","geometry":{"type":"Point","coordinates":[4.0972238,50.8341383]},"properties":{"column_1":"1760","column_2":"Roosdaal","column_3":4.0972238,"column_4":50.8341383,"municipality_name_french":null,"arrondissement":"Arrondissement de Hal-Vilvorde","province":"Province du Brabant flamand"}},{"type":"Feature","geometry":{"type":"Point","coordinates":[4.1369148649611,50.84817805]},"properties":{"column_1":"1761","column_2":"Borchtlombeek","column_3":4.1369148649611,"column_4":50.84817805,"municipality_name_french":null,"arrondissement":"Arrondissement de Hal-Vilvorde","province":"Province du Brabant flamand"}},{"type":"Feature","geometry":{"type":"Point","coordinates":[4.1174675,50.9035063]},"properties":{"column_1":"1790","column_2":"Affligem","column_3":4.1174675,"column_4":50.9035063,"municipality_name_french":null,"arrondissement":"Arrondissement de Hal-Vilvorde","province":"Province du Brabant flamand"}},{"type":"Feature","geometry":{"type":"Point","coordinates":[4.1390421,50.8973851]},"properties":{"column_1":"1790","column_2":"Essene","column_3":4.1390421,"column_4":50.8973851,"municipality_name_french":null,"arrondissement":"Arrondissement de Hal-Vilvorde","province":"Province du Brabant flamand"}},{"type":"Feature","geometry":{"type":"Point","coordinates":[4.09834,50.8921419]},"properties":{"column_1":"1790","column_2":"Teralfene","column_3":4.09834,"column_4":50.8921419,"municipality_name_french":null,"arrondissement":"Arrondissement de Hal-Vilvorde","province":"Province du Brabant flamand"}},{"type":"Feature","geometry":{"type":"Point","coordinates":[4.2990729416338,51.0122466]},"properties":{"column_1":"1840","column_2":"Londerzeel","column_3":4.2990729416338,"column_4":51.0122466,"municipality_name_french":null,"arrondissement":"Arrondissement de Hal-Vilvorde","province":"Province du Brabant flamand"}},{"type":"Feature","geometry":{"type":"Point","coordinates":[4.3287322,50.9341625]},"properties":{"column_1":"1860","column_2":"Meise","column_3":4.3287322,"column_4":50.9341625,"municipality_name_french":null,"arrondissement":"Arrondissement de Hal-Vilvorde","province":"Province du Brabant flamand"}},{"type":"Feature","geometry":{"type":"Point","coordinates":[4.617418,50.937546]},"properties":{"column_1":"1910","column_2":"Buken","column_3":4.617418,"column_4":50.937546,"municipality_name_french":null,"arrondissement":"Arrondissement de Hal-Vilvorde","province":"Province du Brabant flamand"}},{"type":"Feature","geometry":{"type":"Point","coordinates":[4.5711630873694,50.94924405]},"properties":{"column_1":"1910","column_2":"Kampenhout","column_3":4.5711630873694,"column_4":50.94924405,"municipality_name_french":null,"arrondissement":"Arrondissement de Hal-Vilvorde","province":"Province du Brabant flamand"}},{"type":"Feature","geometry":{"type":"Point","coordinates":[4.44412333945,50.9865028]},"properties":{"column_1":"1980","column_2":"Zemst","column_3":4.44412333945,"column_4":50.9865028,"municipality_name_french":null,"arrondissement":"Arrondissement de Hal-Vilvorde","province":"Province du Brabant flamand"}},{"type":"Feature","geometry":{"type":"Point","coordinates":[4.479869,50.9722782]},"properties":{"column_1":"1982","column_2":"Weerde","column_3":4.479869,"column_4":50.9722782,"municipality_name_french":null,"arrondissement":"Arrondissement de Hal-Vilvorde","province":"Province du Brabant flamand"}},{"type":"Feature","geometry":{"type":"Point","coordinates":[4.4403895064496,51.21029905]},"properties":{"column_1":"2140","column_2":"Borgerhout","column_3":4.4403895064496,"column_4":51.21029905,"municipality_name_french":null,"arrondissement":"Arrondissement d\u2019Anvers","province":"Province d\u2019Anvers"}},{"type":"Feature","geometry":{"type":"Point","coordinates":[4.7692867998141,51.0471677]},"properties":{"column_1":"2221","column_2":"Booischot","column_3":4.7692867998141,"column_4":51.0471677,"municipality_name_french":null,"arrondissement":"Arrondissement de Malines","province":"Province d\u2019Anvers"}},{"type":"Feature","geometry":{"type":"Point","coordinates":[4.8242404,51.238218]},"properties":{"column_1":"2275","column_2":"Lille","column_3":4.8242404,"column_4":51.238218,"municipality_name_french":null,"arrondissement":"Arrondissement de Turnhout","province":"Province d\u2019Anvers"}},{"type":"Feature","geometry":{"type":"Point","coordinates":[4.7910582697468,51.26541275]},"properties":{"column_1":"2275","column_2":"Wechelderzande","column_3":4.7910582697468,"column_4":51.26541275,"municipality_name_french":null,"arrondissement":"Arrondissement de Turnhout","province":"Province d\u2019Anvers"}},{"type":"Feature","geometry":{"type":"Point","coordinates":[4.948461,51.3233812]},"properties":{"column_1":"2300","column_2":"Turnhout","column_3":4.948461,"column_4":51.3233812,"municipality_name_french":null,"arrondissement":"Arrondissement de Turnhout","province":"Province d\u2019Anvers"}},{"type":"Feature","geometry":{"type":"Point","coordinates":[4.760708,51.3495046]},"properties":{"column_1":"2310","column_2":"Rijkevorsel","column_3":4.760708,"column_4":51.3495046,"municipality_name_french":null,"arrondissement":"Arrondissement de Turnhout","province":"Province d\u2019Anvers"}},{"type":"Feature","geometry":{"type":"Point","coordinates":[4.8070790487489,51.43155825]},"properties":{"column_1":"2322","column_2":"Minderhout","column_3":4.8070790487489,"column_4":51.43155825,"municipality_name_french":null,"arrondissement":"Arrondissement de Turnhout","province":"Province d\u2019Anvers"}},{"type":"Feature","geometry":{"type":"Point","coordinates":[4.837570452313,51.3134921]},"properties":{"column_1":"2340","column_2":"Beerse","column_3":4.837570452313,"column_4":51.3134921,"municipality_name_french":null,"arrondissement":"Arrondissement de Turnhout","province":"Province d\u2019Anvers"}},{"type":"Feature","geometry":{"type":"Point","coordinates":[5.0864557,51.3202315]},"properties":{"column_1":"2370","column_2":"Arendonk","column_3":5.0864557,"column_4":51.3202315,"municipality_name_french":null,"arrondissement":"Arrondissement de Turnhout","province":"Province d\u2019Anvers"}},{"type":"Feature","geometry":{"type":"Point","coordinates":[4.7149828,51.3001124]},"properties":{"column_1":"2390","column_2":"Malle","column_3":4.7149828,"column_4":51.3001124,"municipality_name_french":null,"arrondissement":"Arrondissement d\u2019Anvers","province":"Province d\u2019Anvers"}},{"type":"Feature","geometry":{"type":"Point","coordinates":[4.9552253,51.0801317]},"properties":{"column_1":"2431","column_2":"Varendonk","column_3":4.9552253,"column_4":51.0801317,"municipality_name_french":null,"arrondissement":"Arrondissement de Turnhout","province":"Province d\u2019Anvers"}},{"type":"Feature","geometry":{"type":"Point","coordinates":[4.510406865149,51.1596941]},"properties":{"column_1":"2530","column_2":"Boechout","column_3":4.510406865149,"column_4":51.1596941,"municipality_name_french":null,"arrondissement":"Arrondissement d\u2019Anvers","province":"Province d\u2019Anvers"}},{"type":"Feature","geometry":{"type":"Point","coordinates":[4.6922875770195,51.1364316]},"properties":{"column_1":"2560","column_2":"Bevel","column_3":4.6922875770195,"column_4":51.1364316,"municipality_name_french":null,"arrondissement":"Arrondissement de Malines","province":"Province d\u2019Anvers"}},{"type":"Feature","geometry":{"type":"Point","coordinates":[4.6393456001407,51.14453105]},"properties":{"column_1":"2560","column_2":"Kessel","column_3":4.6393456001407,"column_4":51.14453105,"municipality_name_french":null,"arrondissement":"Arrondissement de Malines","province":"Province d\u2019Anvers"}},{"type":"Feature","geometry":{"type":"Point","coordinates":[4.3870241,51.133297]},"properties":{"column_1":"2630","column_2":"Aartselaar","column_3":4.3870241,"column_4":51.133297,"municipality_name_french":null,"arrondissement":"Arrondissement d\u2019Anvers","province":"Province d\u2019Anvers"}},{"type":"Feature","geometry":{"type":"Point","coordinates":[4.4211910518318,51.01166405]},"properties":{"column_1":"2811","column_2":"Hombeek","column_3":4.4211910518318,"column_4":51.01166405,"municipality_name_french":null,"arrondissement":"Arrondissement de Malines","province":"Province d\u2019Anvers"}},{"type":"Feature","geometry":{"type":"Point","coordinates":[4.5842221,51.0010818]},"properties":{"column_1":"2820","column_2":"Rijmenam","column_3":4.5842221,"column_4":51.0010818,"municipality_name_french":null,"arrondissement":"Arrondissement de Malines","province":"Province d\u2019Anvers"}},{"type":"Feature","geometry":{"type":"Point","coordinates":[4.4240472,51.0792853]},"properties":{"column_1":"2840","column_2":"Rumst","column_3":4.4240472,"column_4":51.0792853,"municipality_name_french":null,"arrondissement":"Arrondissement d\u2019Anvers","province":"Province d\u2019Anvers"}},{"type":"Feature","geometry":{"type":"Point","coordinates":[4.3667216,51.0873789]},"properties":{"column_1":"2850","column_2":"Boom","column_3":4.3667216,"column_4":51.0873789,"municipality_name_french":null,"arrondissement":"Arrondissement d\u2019Anvers","province":"Province d\u2019Anvers"}},{"type":"Feature","geometry":{"type":"Point","coordinates":[4.5114278140147,51.06232435]},"properties":{"column_1":"2860","column_2":"Sint-Katelijne-Waver","column_3":4.5114278140147,"column_4":51.06232435,"municipality_name_french":null,"arrondissement":"Arrondissement de Malines","province":"Province d\u2019Anvers"}},{"type":"Feature","geometry":{"type":"Point","coordinates":[4.2010309553894,51.06647005]},"properties":{"column_1":"2880","column_2":"Mariekerke","column_3":4.2010309553894,"column_4":51.06647005,"municipality_name_french":null,"arrondissement":"Arrondissement de Malines","province":"Province d\u2019Anvers"}},{"type":"Feature","geometry":{"type":"Point","coordinates":[4.1855882750296,51.10151195]},"properties":{"column_1":"2880","column_2":"Weert","column_3":4.1855882750296,"column_4":51.10151195,"municipality_name_french":null,"arrondissement":"Arrondissement de Malines","province":"Province d\u2019Anvers"}},{"type":"Feature","geometry":{"type":"Point","coordinates":[4.2107348196593,51.0463409]},"properties":{"column_1":"2890","column_2":"Sint-Amands","column_3":4.2107348196593,"column_4":51.0463409,"municipality_name_french":null,"arrondissement":"Arrondissement de Malines","province":"Province d\u2019Anvers"}},{"type":"Feature","geometry":{"type":"Point","coordinates":[4.370312016044,51.33518735]},"properties":{"column_1":"2940","column_2":"Stabroek","column_3":4.370312016044,"column_4":51.33518735,"municipality_name_french":null,"arrondissement":"Arrondissement d\u2019Anvers","province":"Province d\u2019Anvers"}},{"type":"Feature","geometry":{"type":"Point","coordinates":[4.5972381789962,51.3347679]},"properties":{"column_1":"2960","column_2":"Brecht","column_3":4.5972381789962,"column_4":51.3347679,"municipality_name_french":null,"arrondissement":"Arrondissement d\u2019Anvers","province":"Province d\u2019Anvers"}},{"type":"Feature","geometry":{"type":"Point","coordinates":[4.7001214,50.926428]},"properties":{"column_1":"3018","column_2":"Wijgmaal","column_3":4.7001214,"column_4":50.926428,"municipality_name_french":null,"arrondissement":"Arrondissement de Louvain","province":"Province du Brabant flamand"}},{"type":"Feature","geometry":{"type":"Point","coordinates":[4.6404471957661,50.9124843]},"properties":{"column_1":"3020","column_2":"Winksele","column_3":4.6404471957661,"column_4":50.9124843,"municipality_name_french":null,"arrondissement":"Arrondissement de Louvain","province":"Province du Brabant flamand"}},{"type":"Feature","geometry":{"type":"Point","coordinates":[4.6290291125613,50.81115135]},"properties":{"column_1":"3040","column_2":"Neerijse","column_3":4.6290291125613,"column_4":50.81115135,"municipality_name_french":null,"arrondissement":"Arrondissement de Louvain","province":"Province du Brabant flamand"}},{"type":"Feature","geometry":{"type":"Point","coordinates":[4.6322907,50.8706469]},"properties":{"column_1":"3060","column_2":"Bertem","column_3":4.6322907,"column_4":50.8706469,"municipality_name_french":null,"arrondissement":"Arrondissement de Louvain","province":"Province du Brabant flamand"}},{"type":"Feature","geometry":{"type":"Point","coordinates":[4.545208431698,50.8110528]},"properties":{"column_1":"3080","column_2":"Duisburg","column_3":4.545208431698,"column_4":50.8110528,"municipality_name_french":null,"arrondissement":"Arrondissement de Louvain","province":"Province du Brabant flamand"}},{"type":"Feature","geometry":{"type":"Point","coordinates":[4.7026877230529,50.9707189]},"properties":{"column_1":"3118","column_2":"Werchter","column_3":4.7026877230529,"column_4":50.9707189,"municipality_name_french":null,"arrondissement":"Arrondissement de Louvain","province":"Province du Brabant flamand"}},{"type":"Feature","geometry":{"type":"Point","coordinates":[4.7505367662714,51.0075269]},"properties":{"column_1":"3128","column_2":"Baal","column_3":4.7505367662714,"column_4":51.0075269,"municipality_name_french":null,"arrondissement":"Arrondissement de Louvain","province":"Province du Brabant flamand"}},{"type":"Feature","geometry":{"type":"Point","coordinates":[4.6386824,50.9769286]},"properties":{"column_1":"3150","column_2":"Haacht","column_3":4.6386824,"column_4":50.9769286,"municipality_name_french":null,"arrondissement":"Arrondissement de Louvain","province":"Province du Brabant flamand"}},{"type":"Feature","geometry":{"type":"Point","coordinates":[4.8245687,50.9841594]},"properties":{"column_1":"3200","column_2":"Aarschot","column_3":4.8245687,"column_4":50.9841594,"municipality_name_french":null,"arrondissement":"Arrondissement de Louvain","province":"Province du Brabant flamand"}},{"type":"Feature","geometry":{"type":"Point","coordinates":[4.8042730440984,50.9670761]},"properties":{"column_1":"3200","column_2":"Gelrode","column_3":4.8042730440984,"column_4":50.9670761,"municipality_name_french":null,"arrondissement":"Arrondissement de Louvain","province":"Province du Brabant flamand"}},{"type":"Feature","geometry":{"type":"Point","coordinates":[4.7557296717686,50.92172015]},"properties":{"column_1":"3220","column_2":"Holsbeek","column_3":4.7557296717686,"column_4":50.92172015,"municipality_name_french":null,"arrondissement":"Arrondissement de Louvain","province":"Province du Brabant flamand"}},{"type":"Feature","geometry":{"type":"Point","coordinates":[4.8291872982184,50.9208131]},"properties":{"column_1":"3220","column_2":"Sint-Pieters-Rode","column_3":4.8291872982184,"column_4":50.9208131,"municipality_name_french":null,"arrondissement":"Arrondissement de Louvain","province":"Province du Brabant flamand"}},{"type":"Feature","geometry":{"type":"Point","coordinates":[5.0964572,51.0392379]},"properties":{"column_1":"3290","column_2":"Deurne","column_3":5.0964572,"column_4":51.0392379,"municipality_name_french":null,"arrondissement":"Arrondissement de Louvain","province":"Province du Brabant flamand"}},{"type":"Feature","geometry":{"type":"Point","coordinates":[5.0247465287649,51.0071839]},"properties":{"column_1":"3294","column_2":"Molenstede","column_3":5.0247465287649,"column_4":51.0071839,"municipality_name_french":null,"arrondissement":"Arrondissement de Louvain","province":"Province du Brabant flamand"}},{"type":"Feature","geometry":{"type":"Point","coordinates":[4.9950692073381,50.8284931]},"properties":{"column_1":"3300","column_2":"Oplinter","column_3":4.9950692073381,"column_4":50.8284931,"municipality_name_french":null,"arrondissement":"Arrondissement de Louvain","province":"Province du Brabant flamand"}},{"type":"Feature","geometry":{"type":"Point","coordinates":[5.0283876,50.843352]},"properties":{"column_1":"3350","column_2":"Neerlinter","column_3":5.0283876,"column_4":50.843352,"municipality_name_french":null,"arrondissement":"Arrondissement de Louvain","province":"Province du Brabant flamand"}},{"type":"Feature","geometry":{"type":"Point","coordinates":[5.0674769,50.8054143]},"properties":{"column_1":"3350","column_2":"Orsmaal-Gussenhoven","column_3":5.0674769,"column_4":50.8054143,"municipality_name_french":null,"arrondissement":"Arrondissement de Louvain","province":"Province du Brabant flamand"}},{"type":"Feature","geometry":{"type":"Point","coordinates":[5.0300432882597,50.7968421]},"properties":{"column_1":"3350","column_2":"Overhespen","column_3":5.0300432882597,"column_4":50.7968421,"municipality_name_french":null,"arrondissement":"Arrondissement de Louvain","province":"Province du Brabant flamand"}},{"type":"Feature","geometry":{"type":"Point","coordinates":[5.0183106289924,50.812361]},"properties":{"column_1":"3350","column_2":"Wommersom","column_3":5.0183106289924,"column_4":50.812361,"municipality_name_french":null,"arrondissement":"Arrondissement de Louvain","province":"Province du Brabant flamand"}},{"type":"Feature","geometry":{"type":"Point","coordinates":[4.7714318076029,50.8241245]},"properties":{"column_1":"3360","column_2":"Bierbeek","column_3":4.7714318076029,"column_4":50.8241245,"municipality_name_french":null,"arrondissement":"Arrondissement de Louvain","province":"Province du Brabant flamand"}},{"type":"Feature","geometry":{"type":"Point","coordinates":[4.7866873360324,50.85475565]},"properties":{"column_1":"3360","column_2":"Lovenjoel","column_3":4.7866873360324,"column_4":50.85475565,"municipality_name_french":null,"arrondissement":"Arrondissement de Louvain","province":"Province du Brabant flamand"}},{"type":"Feature","geometry":{"type":"Point","coordinates":[4.8387022883011,50.80664425]},"properties":{"column_1":"3370","column_2":"Willebringen","column_3":4.8387022883011,"column_4":50.80664425,"municipality_name_french":null,"arrondissement":"Arrondissement de Louvain","province":"Province du Brabant flamand"}},{"type":"Feature","geometry":{"type":"Point","coordinates":[4.8754116537611,50.9121762]},"properties":{"column_1":"3390","column_2":"Sint-Joris-Winge","column_3":4.8754116537611,"column_4":50.9121762,"municipality_name_french":null,"arrondissement":"Arrondissement de Louvain","province":"Province du Brabant flamand"}},{"type":"Feature","geometry":{"type":"Point","coordinates":[5.0448025257015,50.75242545]},"properties":{"column_1":"3400","column_2":"Overwinden","column_3":5.0448025257015,"column_4":50.75242545,"municipality_name_french":null,"arrondissement":"Arrondissement de Louvain","province":"Province du Brabant flamand"}},{"type":"Feature","geometry":{"type":"Point","coordinates":[5.0871237674967,50.8653457]},"properties":{"column_1":"3440","column_2":"Budingen","column_3":5.0871237674967,"column_4":50.8653457,"municipality_name_french":null,"arrondissement":"Arrondissement de Louvain","province":"Province du Brabant flamand"}},{"type":"Feature","geometry":{"type":"Point","coordinates":[5.1564917481959,50.88594765]},"properties":{"column_1":"3454","column_2":"Rummen","column_3":5.1564917481959,"column_4":50.88594765,"municipality_name_french":null,"arrondissement":"Arrondissement de Louvain","province":"Province du Brabant flamand"}},{"type":"Feature","geometry":{"type":"Point","coordinates":[4.984616971522,50.9338977]},"properties":{"column_1":"3460","column_2":"Bekkevoort","column_3":4.984616971522,"column_4":50.9338977,"municipality_name_french":null,"arrondissement":"Arrondissement de Louvain","province":"Province du Brabant flamand"}},{"type":"Feature","geometry":{"type":"Point","coordinates":[4.9541212,50.9212106]},"properties":{"column_1":"3461","column_2":"Molenbeek-Wersbeek","column_3":4.9541212,"column_4":50.9212106,"municipality_name_french":null,"arrondissement":"Arrondissement de Louvain","province":"Province du Brabant flamand"}},{"type":"Feature","geometry":{"type":"Point","coordinates":[5.0065116045983,50.8930932577]},"properties":{"column_1":"3472","column_2":"Kersbeek-Miskom","column_3":5.0065116045983,"column_4":50.8930932577,"municipality_name_french":null,"arrondissement":"Arrondissement de Louvain","province":"Province du Brabant flamand"}},{"type":"Feature","geometry":{"type":"Point","coordinates":[5.2277944313068,50.9490449]},"properties":{"column_1":"3510","column_2":"Spalbeek","column_3":5.2277944313068,"column_4":50.9490449,"municipality_name_french":null,"arrondissement":"Arrondissement de Hasselt","province":"Province du Limbourg"}},{"type":"Feature","geometry":{"type":"Point","coordinates":[5.0656234079577,50.9321193]},"properties":{"column_1":"3545","column_2":"Loksbergen","column_3":5.0656234079577,"column_4":50.9321193,"municipality_name_french":null,"arrondissement":"Arrondissement de Hasselt","province":"Province du Limbourg"}},{"type":"Feature","geometry":{"type":"Point","coordinates":[5.2208090823008,51.0502026]},"properties":{"column_1":"3580","column_2":"Beringen","column_3":5.2208090823008,"column_4":51.0502026,"municipality_name_french":null,"arrondissement":"Arrondissement de Hasselt","province":"Province du Limbourg"}},{"type":"Feature","geometry":{"type":"Point","coordinates":[5.4200307,50.9078485]},"properties":{"column_1":"3590","column_2":"Diepenbeek","column_3":5.4200307,"column_4":50.9078485,"municipality_name_french":null,"arrondissement":"Arrondissement de Hasselt","province":"Province du Limbourg"}},{"type":"Feature","geometry":{"type":"Point","coordinates":[5.6323869,50.8655982]},"properties":{"column_1":"3620","column_2":"Veldwezelt","column_3":5.6323869,"column_4":50.8655982,"municipality_name_french":null,"arrondissement":"Arrondissement de Tongres","province":"Province du Limbourg"}},{"type":"Feature","geometry":{"type":"Point","coordinates":[5.6456979557208,50.9764002]},"properties":{"column_1":"3630","column_2":"Mechelen-Aan-De-Maas","column_3":5.6456979557208,"column_4":50.9764002,"municipality_name_french":null,"arrondissement":"Arrondissement de Tongres","province":"Province du Limbourg"}},{"type":"Feature","geometry":{"type":"Point","coordinates":[5.7468352,51.001413]},"properties":{"column_1":"3630","column_2":"Meeswijk","column_3":5.7468352,"column_4":51.001413,"municipality_name_french":null,"arrondissement":"Arrondissement de Tongres","province":"Province du Limbourg"}},{"type":"Feature","geometry":{"type":"Point","coordinates":[5.7260763418645,51.1684178]},"properties":{"column_1":"3640","column_2":"Molenbeersel","column_3":5.7260763418645,"column_4":51.1684178,"municipality_name_french":null,"arrondissement":"Arrondissement de Maaseik","province":"Province du Limbourg"}},{"type":"Feature","geometry":{"type":"Point","coordinates":[5.7881529659009,51.13225635]},"properties":{"column_1":"3640","column_2":"Ophoven","column_3":5.7881529659009,"column_4":51.13225635,"municipality_name_french":null,"arrondissement":"Arrondissement de Maaseik","province":"Province du Limbourg"}},{"type":"Feature","geometry":{"type":"Point","coordinates":[5.7404005925371,51.06941595]},"properties":{"column_1":"3650","column_2":"Elen","column_3":5.7404005925371,"column_4":51.06941595,"municipality_name_french":null,"arrondissement":"Arrondissement de Maaseik","province":"Province du Limbourg"}},{"type":"Feature","geometry":{"type":"Point","coordinates":[5.5722025852462,51.0005396]},"properties":{"column_1":"3665","column_2":"As","column_3":5.5722025852462,"column_4":51.0005396,"municipality_name_french":null,"arrondissement":"Arrondissement de Hasselt","province":"Province du Limbourg"}},{"type":"Feature","geometry":{"type":"Point","coordinates":[5.6161660037867,51.0182495]},"properties":{"column_1":"3668","column_2":"Niel-Bij-As","column_3":5.6161660037867,"column_4":51.0182495,"municipality_name_french":null,"arrondissement":"Arrondissement de Hasselt","province":"Province du Limbourg"}},{"type":"Feature","geometry":{"type":"Point","coordinates":[5.5540751,51.0933149]},"properties":{"column_1":"3670","column_2":"Meeuwen-Gruitrode","column_3":5.5540751,"column_4":51.0933149,"municipality_name_french":null,"arrondissement":"Arrondissement de Maaseik","province":"Province du Limbourg"}},{"type":"Feature","geometry":{"type":"Point","coordinates":[5.7027136767689,51.0946499]},"properties":{"column_1":"3680","column_2":"Neeroeteren","column_3":5.7027136767689,"column_4":51.0946499,"municipality_name_french":null,"arrondissement":"Arrondissement de Maaseik","province":"Province du Limbourg"}},{"type":"Feature","geometry":{"type":"Point","coordinates":[5.1521172,51.1695659]},"properties":{"column_1":"3700","column_2":"Berg","column_3":5.1521172,"column_4":51.1695659,"municipality_name_french":null,"arrondissement":"Arrondissement de Turnhout","province":"Province d\u2019Anvers"}},{"type":"Feature","geometry":{"type":"Point","coordinates":[4.4125708732431,50.8919661]},"properties":{"column_1":"3700","column_2":"Haren","column_3":4.4125708732431,"column_4":50.8919661,"municipality_name_french":null,"arrondissement":"Arrondissement de Bruxelles-Capitale","province":null}},{"type":"Feature","geometry":{"type":"Point","coordinates":[5.5102044,50.7630913]},"properties":{"column_1":"3700","column_2":"Nerem","column_3":5.5102044,"column_4":50.7630913,"municipality_name_french":null,"arrondissement":"Arrondissement de Tongres","province":"Province du Limbourg"}},{"type":"Feature","geometry":{"type":"Point","coordinates":[5.4301056,50.8067083]},"properties":{"column_1":"3700","column_2":"Overrepen","column_3":5.4301056,"column_4":50.8067083,"municipality_name_french":null,"arrondissement":"Arrondissement de Tongres","province":"Province du Limbourg"}},{"type":"Feature","geometry":{"type":"Point","coordinates":[5.4421316,50.747053]},"properties":{"column_1":"3700","column_2":"Rutten","column_3":5.4421316,"column_4":50.747053,"municipality_name_french":null,"arrondissement":"Arrondissement de Tongres","province":"Province du Limbourg"}},{"type":"Feature","geometry":{"type":"Point","coordinates":[5.4593316,50.8580527]},"properties":{"column_1":"3730","column_2":"Romershoven","column_3":5.4593316,"column_4":50.8580527,"municipality_name_french":null,"arrondissement":"Arrondissement de Tongres","province":"Province du Limbourg"}},{"type":"Feature","geometry":{"type":"Point","coordinates":[5.4804957,50.8335665]},"properties":{"column_1":"3730","column_2":"Werm","column_3":5.4804957,"column_4":50.8335665,"municipality_name_french":null,"arrondissement":"Arrondissement de Tongres","province":"Province du Limbourg"}},{"type":"Feature","geometry":{"type":"Point","coordinates":[5.4734935,50.8921566]},"properties":{"column_1":"3740","column_2":"Beverst","column_3":5.4734935,"column_4":50.8921566,"municipality_name_french":null,"arrondissement":"Arrondissement de Tongres","province":"Province du Limbourg"}},{"type":"Feature","geometry":{"type":"Point","coordinates":[5.5760673,50.862295]},"properties":{"column_1":"3740","column_2":"Mopertingen","column_3":5.5760673,"column_4":50.862295,"municipality_name_french":null,"arrondissement":"Arrondissement de Tongres","province":"Province du Limbourg"}},{"type":"Feature","geometry":{"type":"Point","coordinates":[5.5369013,50.8017668]},"properties":{"column_1":"3770","column_2":"Genoelselderen","column_3":5.5369013,"column_4":50.8017668,"municipality_name_french":null,"arrondissement":"Arrondissement de Tongres","province":"Province du Limbourg"}},{"type":"Feature","geometry":{"type":"Point","coordinates":[5.8818776028446,50.72838165]},"properties":{"column_1":"3791","column_2":"Remersdaal","column_3":5.8818776028446,"column_4":50.72838165,"municipality_name_french":"Fourons","arrondissement":"Arrondissement de Tongres","province":"Province du Limbourg"}},{"type":"Feature","geometry":{"type":"Point","coordinates":[5.8695304694514,50.75322225]},"properties":{"column_1":"3793","column_2":"Teuven","column_3":5.8695304694514,"column_4":50.75322225,"municipality_name_french":"Fourons","arrondissement":"Arrondissement de Tongres","province":"Province du Limbourg"}},{"type":"Feature","geometry":{"type":"Point","coordinates":[5.230273192058,50.79912435]},"properties":{"column_1":"3800","column_2":"Brustem","column_3":5.230273192058,"column_4":50.79912435,"municipality_name_french":null,"arrondissement":"Arrondissement de Hasselt","province":"Province du Limbourg"}},{"type":"Feature","geometry":{"type":"Point","coordinates":[5.2579163290148,50.840318]},"properties":{"column_1":"3800","column_2":"Zepperen","column_3":5.2579163290148,"column_4":50.840318,"municipality_name_french":null,"arrondissement":"Arrondissement de Hasselt","province":"Province du Limbourg"}},{"type":"Feature","geometry":{"type":"Point","coordinates":[5.1423025876022,50.81773655]},"properties":{"column_1":"3803","column_2":"Wilderen","column_3":5.1423025876022,"column_4":50.81773655,"municipality_name_french":null,"arrondissement":"Arrondissement de Hasselt","province":"Province du Limbourg"}},{"type":"Feature","geometry":{"type":"Point","coordinates":[5.1322112767812,50.78000075]},"properties":{"column_1":"3806","column_2":"Velm","column_3":5.1322112767812,"column_4":50.78000075,"municipality_name_french":null,"arrondissement":"Arrondissement de Hasselt","province":"Province du Limbourg"}},{"type":"Feature","geometry":{"type":"Point","coordinates":[5.3421653176727,50.8434693]},"properties":{"column_1":"3830","column_2":"Wellen","column_3":5.3421653176727,"column_4":50.8434693,"municipality_name_french":null,"arrondissement":"Arrondissement de Tongres","province":"Province du Limbourg"}},{"type":"Feature","geometry":{"type":"Point","coordinates":[5.3823531554707,50.78522885]},"properties":{"column_1":"3840","column_2":"Bommershoven","column_3":5.3823531554707,"column_4":50.78522885,"municipality_name_french":null,"arrondissement":"Arrondissement de Tongres","province":"Province du Limbourg"}},{"type":"Feature","geometry":{"type":"Point","coordinates":[5.2612885523105,50.80429285]},"properties":{"column_1":"3840","column_2":"Rijkel","column_3":5.2612885523105,"column_4":50.80429285,"municipality_name_french":null,"arrondissement":"Arrondissement de Tongres","province":"Province du Limbourg"}},{"type":"Feature","geometry":{"type":"Point","coordinates":[5.2414389,50.8752909]},"properties":{"column_1":"3850","column_2":"Kozen","column_3":5.2414389,"column_4":50.8752909,"municipality_name_french":null,"arrondissement":"Arrondissement de Hasselt","province":"Province du Limbourg"}},{"type":"Feature","geometry":{"type":"Point","coordinates":[5.2807989,50.7381794]},"properties":{"column_1":"3870","column_2":"Batsheers","column_3":5.2807989,"column_4":50.7381794,"municipality_name_french":null,"arrondissement":"Arrondissement de Tongres","province":"Province du Limbourg"}},{"type":"Feature","geometry":{"type":"Point","coordinates":[5.3017509,50.750995]},"properties":{"column_1":"3870","column_2":"Heers","column_3":5.3017509,"column_4":50.750995,"municipality_name_french":null,"arrondissement":"Arrondissement de Tongres","province":"Province du Limbourg"}},{"type":"Feature","geometry":{"type":"Point","coordinates":[5.5312873136301,51.25458535]},"properties":{"column_1":"3930","column_2":"Hamont","column_3":5.5312873136301,"column_4":51.25458535,"municipality_name_french":null,"arrondissement":"Arrondissement de Maaseik","province":"Province du Limbourg"}},{"type":"Feature","geometry":{"type":"Point","coordinates":[5.3415643775263,51.11664635]},"properties":{"column_1":"3940","column_2":"Hechtel-Eksel","column_3":5.3415643775263,"column_4":51.11664635,"municipality_name_french":null,"arrondissement":"Arrondissement de Maaseik","province":"Province du Limbourg"}},{"type":"Feature","geometry":{"type":"Point","coordinates":[5.6378178047643,51.16613895]},"properties":{"column_1":"3960","column_2":"Beek","column_3":5.6378178047643,"column_4":51.16613895,"municipality_name_french":null,"arrondissement":"Arrondissement de Maaseik","province":"Province du Limbourg"}},{"type":"Feature","geometry":{"type":"Point","coordinates":[5.6788533966978,51.1305517]},"properties":{"column_1":"3960","column_2":"Tongerlo","column_3":5.6788533966978,"column_4":51.1305517,"municipality_name_french":null,"arrondissement":"Arrondissement de Maaseik","province":"Province du Limbourg"}},{"type":"Feature","geometry":{"type":"Point","coordinates":[5.0893974,51.0681628]},"properties":{"column_1":"3980","column_2":"Tessenderlo","column_3":5.0893974,"column_4":51.0681628,"municipality_name_french":null,"arrondissement":"Arrondissement de Hasselt","province":"Province du Limbourg"}},{"type":"Feature","geometry":{"type":"Point","coordinates":[5.5734203,50.6451381]},"properties":{"column_1":"4000","column_2":"Li\u00e8ge","column_3":5.5734203,"column_4":50.6451381,"municipality_name_french":"Li\u00e8ge","arrondissement":"Arrondissement de Li\u00e8ge","province":"Province de Li\u00e8ge"}},{"type":"Feature","geometry":{"type":"Point","coordinates":[5.619261,50.6111024]},"properties":{"column_1":"4032","column_2":"Ch\u00eanee","column_3":5.619261,"column_4":50.6111024,"municipality_name_french":"Li\u00e8ge","arrondissement":"Arrondissement de Li\u00e8ge","province":"Province de Li\u00e8ge"}},{"type":"Feature","geometry":{"type":"Point","coordinates":[5.563754,50.6933806]},"properties":{"column_1":"4042","column_2":"Liers","column_3":5.563754,"column_4":50.6933806,"municipality_name_french":"Herstal","arrondissement":"Arrondissement de Li\u00e8ge","province":"Province de Li\u00e8ge"}},{"type":"Feature","geometry":{"type":"Point","coordinates":[5.619201,50.5893639]},"properties":{"column_1":"4053","column_2":"Embourg","column_3":5.619201,"column_4":50.5893639,"municipality_name_french":"Chaudfontaine","arrondissement":"Arrondissement de Li\u00e8ge","province":"Province de Li\u00e8ge"}},{"type":"Feature","geometry":{"type":"Point","coordinates":[5.5757727440324,50.5337249]},"properties":{"column_1":"4130","column_2":"Esneux","column_3":5.5757727440324,"column_4":50.5337249,"municipality_name_french":"Esneux","arrondissement":"Arrondissement de Li\u00e8ge","province":"Province de Li\u00e8ge"}},{"type":"Feature","geometry":{"type":"Point","coordinates":[5.628000939321,50.53758625]},"properties":{"column_1":"4140","column_2":"Dolembreux","column_3":5.628000939321,"column_4":50.53758625,"municipality_name_french":"Sprimont","arrondissement":"Arrondissement de Li\u00e8ge","province":"Province de Li\u00e8ge"}},{"type":"Feature","geometry":{"type":"Point","coordinates":[5.6835772963268,50.54506305]},"properties":{"column_1":"4140","column_2":"Gomz\u00e9-Andoumont","column_3":5.6835772963268,"column_4":50.54506305,"municipality_name_french":"Sprimont","arrondissement":"Arrondissement de Li\u00e8ge","province":"Province de Li\u00e8ge"}},{"type":"Feature","geometry":{"type":"Point","coordinates":[5.7172477995985,50.5248417]},"properties":{"column_1":"4141","column_2":"Louveign\u00e9","column_3":5.7172477995985,"column_4":50.5248417,"municipality_name_french":"Sprimont","arrondissement":"Arrondissement de Li\u00e8ge","province":"Province de Li\u00e8ge"}},{"type":"Feature","geometry":{"type":"Point","coordinates":[5.605138,50.3999541]},"properties":{"column_1":"4190","column_2":"Ferri\u00e8res","column_3":5.605138,"column_4":50.3999541,"municipality_name_french":"Ferri\u00e8res","arrondissement":"Arrondissement de Huy","province":"Province de Li\u00e8ge"}},{"type":"Feature","geometry":{"type":"Point","coordinates":[5.1270159,50.5823574]},"properties":{"column_1":"4210","column_2":"Oteppe","column_3":5.1270159,"column_4":50.5823574,"municipality_name_french":"Burdinne","arrondissement":"Arrondissement de Huy","province":"Province de Li\u00e8ge"}},{"type":"Feature","geometry":{"type":"Point","coordinates":[5.1257368,50.5487123]},"properties":{"column_1":"4217","column_2":"Lavoir","column_3":5.1257368,"column_4":50.5487123,"municipality_name_french":"H\u00e9ron","arrondissement":"Arrondissement de Huy","province":"Province de Li\u00e8ge"}},{"type":"Feature","geometry":{"type":"Point","coordinates":[5.0671316,50.5557893]},"properties":{"column_1":"4217","column_2":"Waret-L'ev\u00eaque","column_3":5.0671316,"column_4":50.5557893,"municipality_name_french":"H\u00e9ron","arrondissement":"Arrondissement de Huy","province":"Province de Li\u00e8ge"}},{"type":"Feature","geometry":{"type":"Point","coordinates":[5.0485902,50.5945676]},"properties":{"column_1":"4219","column_2":"Acosse","column_3":5.0485902,"column_4":50.5945676,"municipality_name_french":"Wasseiges","arrondissement":"Arrondissement de Waremme","province":"Province de Li\u00e8ge"}},{"type":"Feature","geometry":{"type":"Point","coordinates":[5.006384,50.6221762]},"properties":{"column_1":"4219","column_2":"Wasseiges","column_3":5.006384,"column_4":50.6221762,"municipality_name_french":"Wasseiges","arrondissement":"Arrondissement de Waremme","province":"Province de Li\u00e8ge"}},{"type":"Feature","geometry":{"type":"Point","coordinates":[5.1435257,50.6300711]},"properties":{"column_1":"4260","column_2":"Braives","column_3":5.1435257,"column_4":50.6300711,"municipality_name_french":"Braives","arrondissement":"Arrondissement de Waremme","province":"Province de Li\u00e8ge"}},{"type":"Feature","geometry":{"type":"Point","coordinates":[5.1498313,50.6720609]},"properties":{"column_1":"4280","column_2":"Abolens","column_3":5.1498313,"column_4":50.6720609,"municipality_name_french":"Hannut","arrondissement":"Arrondissement de Waremme","province":"Province de Li\u00e8ge"}},{"type":"Feature","geometry":{"type":"Point","coordinates":[5.089556,50.6941776]},"properties":{"column_1":"4280","column_2":"Bertr\u00e9e","column_3":5.089556,"column_4":50.6941776,"municipality_name_french":"Hannut","arrondissement":"Arrondissement de Waremme","province":"Province de Li\u00e8ge"}},{"type":"Feature","geometry":{"type":"Point","coordinates":[4.9987365,50.6492972]},"properties":{"column_1":"4280","column_2":"Merdorp","column_3":4.9987365,"column_4":50.6492972,"municipality_name_french":"Hannut","arrondissement":"Arrondissement de Waremme","province":"Province de Li\u00e8ge"}},{"type":"Feature","geometry":{"type":"Point","coordinates":[5.0813689,50.6300028]},"properties":{"column_1":"4280","column_2":"Moxhe","column_3":5.0813689,"column_4":50.6300028,"municipality_name_french":"Hannut","arrondissement":"Arrondissement de Waremme","province":"Province de Li\u00e8ge"}},{"type":"Feature","geometry":{"type":"Point","coordinates":[5.1124332,50.6777766]},"properties":{"column_1":"4280","column_2":"Poucet","column_3":5.1124332,"column_4":50.6777766,"municipality_name_french":"Hannut","arrondissement":"Arrondissement de Waremme","province":"Province de Li\u00e8ge"}},{"type":"Feature","geometry":{"type":"Point","coordinates":[5.1242082,50.6878033]},"properties":{"column_1":"4280","column_2":"Trogn\u00e9e","column_3":5.1242082,"column_4":50.6878033,"municipality_name_french":"Hannut","arrondissement":"Arrondissement de Waremme","province":"Province de Li\u00e8ge"}},{"type":"Feature","geometry":{"type":"Point","coordinates":[5.0318166,50.711613]},"properties":{"column_1":"4287","column_2":"Lincent","column_3":5.0318166,"column_4":50.711613,"municipality_name_french":"Lincent","arrondissement":"Arrondissement de Waremme","province":"Province de Li\u00e8ge"}},{"type":"Feature","geometry":{"type":"Point","coordinates":[5.2808546,50.7125474]},"properties":{"column_1":"4300","column_2":"Oleye","column_3":5.2808546,"column_4":50.7125474,"municipality_name_french":"Waremme","arrondissement":"Arrondissement de Waremme","province":"Province de Li\u00e8ge"}},{"type":"Feature","geometry":{"type":"Point","coordinates":[5.262322,50.665246]},"properties":{"column_1":"4317","column_2":"Faimes","column_3":5.262322,"column_4":50.665246,"municipality_name_french":"Faimes","arrondissement":"Arrondissement de Waremme","province":"Province de Li\u00e8ge"}},{"type":"Feature","geometry":{"type":"Point","coordinates":[5.2180365,50.6402367]},"properties":{"column_1":"4317","column_2":"Les Waleffes","column_3":5.2180365,"column_4":50.6402367,"municipality_name_french":"Faimes","arrondissement":"Arrondissement de Waremme","province":"Province de Li\u00e8ge"}},{"type":"Feature","geometry":{"type":"Point","coordinates":[5.4620018,50.6669712]},"properties":{"column_1":"4340","column_2":"Awans","column_3":5.4620018,"column_4":50.6669712,"municipality_name_french":"Awans","arrondissement":"Arrondissement de Li\u00e8ge","province":"Province de Li\u00e8ge"}},{"type":"Feature","geometry":{"type":"Point","coordinates":[5.4376155,50.6762489]},"properties":{"column_1":"4340","column_2":"Fooz","column_3":5.4376155,"column_4":50.6762489,"municipality_name_french":"Awans","arrondissement":"Arrondissement de Li\u00e8ge","province":"Province de Li\u00e8ge"}},{"type":"Feature","geometry":{"type":"Point","coordinates":[5.4418773,50.7028423]},"properties":{"column_1":"4340","column_2":"Villers-L'ev\u00eaque","column_3":5.4418773,"column_4":50.7028423,"municipality_name_french":"Awans","arrondissement":"Arrondissement de Li\u00e8ge","province":"Province de Li\u00e8ge"}},{"type":"Feature","geometry":{"type":"Point","coordinates":[5.4556394,50.6808099]},"properties":{"column_1":"4342","column_2":"Hognoul","column_3":5.4556394,"column_4":50.6808099,"municipality_name_french":"Awans","arrondissement":"Arrondissement de Li\u00e8ge","province":"Province de Li\u00e8ge"}},{"type":"Feature","geometry":{"type":"Point","coordinates":[5.4271453,50.6547034]},"properties":{"column_1":"4347","column_2":"Voroux-Goreux","column_3":5.4271453,"column_4":50.6547034,"municipality_name_french":"Fexhe-le-Haut-Clocher","arrondissement":"Arrondissement de Waremme","province":"Province de Li\u00e8ge"}},{"type":"Feature","geometry":{"type":"Point","coordinates":[5.3034495,50.6956401]},"properties":{"column_1":"4350","column_2":"Pousset","column_3":5.3034495,"column_4":50.6956401,"municipality_name_french":"Remicourt","arrondissement":"Arrondissement de Waremme","province":"Province de Li\u00e8ge"}},{"type":"Feature","geometry":{"type":"Point","coordinates":[5.4600597,50.6224546]},"properties":{"column_1":"4400","column_2":"Mons-Lez-Li\u00e8ge","column_3":5.4600597,"column_4":50.6224546,"municipality_name_french":"Fl\u00e9malle","arrondissement":"Arrondissement de Li\u00e8ge","province":"Province de Li\u00e8ge"}},{"type":"Feature","geometry":{"type":"Point","coordinates":[5.5290689,50.7106926]},"properties":{"column_1":"4450","column_2":"Juprelle","column_3":5.5290689,"column_4":50.7106926,"municipality_name_french":"Juprelle","arrondissement":"Arrondissement de Li\u00e8ge","province":"Province de Li\u00e8ge"}},{"type":"Feature","geometry":{"type":"Point","coordinates":[5.5434045,50.7097826]},"properties":{"column_1":"4453","column_2":"Villers-Saint-Sim\u00e9on","column_3":5.5434045,"column_4":50.7097826,"municipality_name_french":"Juprelle","arrondissement":"Arrondissement de Li\u00e8ge","province":"Province de Li\u00e8ge"}},{"type":"Feature","geometry":{"type":"Point","coordinates":[5.5714611,50.7219179]},"properties":{"column_1":"4458","column_2":"Fexhe-Slins","column_3":5.5714611,"column_4":50.7219179,"municipality_name_french":"Juprelle","arrondissement":"Arrondissement de Li\u00e8ge","province":"Province de Li\u00e8ge"}},{"type":"Feature","geometry":{"type":"Point","coordinates":[5.4512607,50.6547149]},"properties":{"column_1":"4460","column_2":"Bierset","column_3":5.4512607,"column_4":50.6547149,"municipality_name_french":"Gr\u00e2ce-Hollogne","arrondissement":"Arrondissement de Li\u00e8ge","province":"Province de Li\u00e8ge"}},{"type":"Feature","geometry":{"type":"Point","coordinates":[5.501194,50.6323331]},"properties":{"column_1":"4460","column_2":"Gr\u00e2ce-Berleur","column_3":5.501194,"column_4":50.6323331,"municipality_name_french":"Gr\u00e2ce-Hollogne","arrondissement":"Arrondissement de Li\u00e8ge","province":"Province de Li\u00e8ge"}},{"type":"Feature","geometry":{"type":"Point","coordinates":[5.3579041,50.6000686]},"properties":{"column_1":"4470","column_2":"Saint-Georges-Sur-Meuse","column_3":5.3579041,"column_4":50.6000686,"municipality_name_french":"Saint-Georges-sur-Meuse","arrondissement":"Arrondissement de Waremme","province":"Province de Li\u00e8ge"}},{"type":"Feature","geometry":{"type":"Point","coordinates":[5.3922,50.569046]},"properties":{"column_1":"4480","column_2":"Clermont-Sous-Huy","column_3":5.3922,"column_4":50.569046,"municipality_name_french":"Engis","arrondissement":"Arrondissement de Huy","province":"Province de Li\u00e8ge"}},{"type":"Feature","geometry":{"type":"Point","coordinates":[5.3622542,50.5569911]},"properties":{"column_1":"4480","column_2":"Hermalle-Sous-Huy","column_3":5.3622542,"column_4":50.5569911,"municipality_name_french":"Engis","arrondissement":"Arrondissement de Huy","province":"Province de Li\u00e8ge"}},{"type":"Feature","geometry":{"type":"Point","coordinates":[5.1880583,50.522397]},"properties":{"column_1":"4520","column_2":"Bas-Oha","column_3":5.1880583,"column_4":50.522397,"municipality_name_french":"Wanze","arrondissement":"Arrondissement de Huy","province":"Province de Li\u00e8ge"}},{"type":"Feature","geometry":{"type":"Point","coordinates":[5.2166503,50.5332587]},"properties":{"column_1":"4520","column_2":"Wanze","column_3":5.2166503,"column_4":50.5332587,"municipality_name_french":"Wanze","arrondissement":"Arrondissement de Huy","province":"Province de Li\u00e8ge"}},{"type":"Feature","geometry":{"type":"Point","coordinates":[5.23141,50.6131537]},"properties":{"column_1":"4530","column_2":"Vaux-Et-Borset","column_3":5.23141,"column_4":50.6131537,"municipality_name_french":"Villers-le-Bouillet","arrondissement":"Arrondissement de Huy","province":"Province de Li\u00e8ge"}},{"type":"Feature","geometry":{"type":"Point","coordinates":[5.3354736,50.5582387]},"properties":{"column_1":"4540","column_2":"Fl\u00f4ne","column_3":5.3354736,"column_4":50.5582387,"municipality_name_french":"Amay","arrondissement":"Arrondissement de Huy","province":"Province de Li\u00e8ge"}},{"type":"Feature","geometry":{"type":"Point","coordinates":[5.3819538,50.5284301]},"properties":{"column_1":"4550","column_2":"Yern\u00e9e-Fraineux","column_3":5.3819538,"column_4":50.5284301,"municipality_name_french":"Nandrin","arrondissement":"Arrondissement de Huy","province":"Province de Li\u00e8ge"}},{"type":"Feature","geometry":{"type":"Point","coordinates":[5.3766541,50.4794492]},"properties":{"column_1":"4557","column_2":"Soheit-Tinlot","column_3":5.3766541,"column_4":50.4794492,"municipality_name_french":"Tinlot","arrondissement":"Arrondissement de Huy","province":"Province de Li\u00e8ge"}},{"type":"Feature","geometry":{"type":"Point","coordinates":[5.3786954,50.4777419]},"properties":{"column_1":"4557","column_2":"Tinlot","column_3":5.3786954,"column_4":50.4777419,"municipality_name_french":"Tinlot","arrondissement":"Arrondissement de Huy","province":"Province de Li\u00e8ge"}},{"type":"Feature","geometry":{"type":"Point","coordinates":[5.2579288,50.4229708]},"properties":{"column_1":"4560","column_2":"Pailhe","column_3":5.2579288,"column_4":50.4229708,"municipality_name_french":"Clavier","arrondissement":"Arrondissement de Huy","province":"Province de Li\u00e8ge"}},{"type":"Feature","geometry":{"type":"Point","coordinates":[5.3491827,50.4438855]},"properties":{"column_1":"4560","column_2":"Terwagne","column_3":5.3491827,"column_4":50.4438855,"municipality_name_french":"Clavier","arrondissement":"Arrondissement de Huy","province":"Province de Li\u00e8ge"}},{"type":"Feature","geometry":{"type":"Point","coordinates":[5.335294,50.504232]},"properties":{"column_1":"4577","column_2":"Outrelouxhe","column_3":5.335294,"column_4":50.504232,"municipality_name_french":"Modave","arrondissement":"Arrondissement de Huy","province":"Province de Li\u00e8ge"}},{"type":"Feature","geometry":{"type":"Point","coordinates":[5.427096,50.4487876]},"properties":{"column_1":"4590","column_2":"Warz\u00e9e","column_3":5.427096,"column_4":50.4487876,"municipality_name_french":"Ouffet","arrondissement":"Arrondissement de Huy","province":"Province de Li\u00e8ge"}},{"type":"Feature","geometry":{"type":"Point","coordinates":[5.695536,50.7336644]},"properties":{"column_1":"4600","column_2":"Vis\u00e9","column_3":5.695536,"column_4":50.7336644,"municipality_name_french":"Vis\u00e9","arrondissement":"Arrondissement de Li\u00e8ge","province":"Province de Li\u00e8ge"}},{"type":"Feature","geometry":{"type":"Point","coordinates":[5.731253,50.7423427]},"properties":{"column_1":"4607","column_2":"Berneau","column_3":5.731253,"column_4":50.7423427,"municipality_name_french":"Dalhem","arrondissement":"Arrondissement de Li\u00e8ge","province":"Province de Li\u00e8ge"}},{"type":"Feature","geometry":{"type":"Point","coordinates":[5.7429371,50.730153]},"properties":{"column_1":"4607","column_2":"Bombaye","column_3":5.7429371,"column_4":50.730153,"municipality_name_french":"Dalhem","arrondissement":"Arrondissement de Li\u00e8ge","province":"Province de Li\u00e8ge"}},{"type":"Feature","geometry":{"type":"Point","coordinates":[5.7513854,50.7132408]},"properties":{"column_1":"4607","column_2":"Mortroux","column_3":5.7513854,"column_4":50.7132408,"municipality_name_french":"Dalhem","arrondissement":"Arrondissement de Li\u00e8ge","province":"Province de Li\u00e8ge"}},{"type":"Feature","geometry":{"type":"Point","coordinates":[5.739941,50.6147718]},"properties":{"column_1":"4630","column_2":"Soumagne","column_3":5.739941,"column_4":50.6147718,"municipality_name_french":"Soumagne","arrondissement":"Arrondissement de Li\u00e8ge","province":"Province de Li\u00e8ge"}},{"type":"Feature","geometry":{"type":"Point","coordinates":[5.8194813,50.6482697]},"properties":{"column_1":"4651","column_2":"Battice","column_3":5.8194813,"column_4":50.6482697,"municipality_name_french":"Herve","arrondissement":"Arrondissement de Verviers","province":"Province de Li\u00e8ge"}},{"type":"Feature","geometry":{"type":"Point","coordinates":[5.7726472,50.6037018]},"properties":{"column_1":"4652","column_2":"Xhendelesse","column_3":5.7726472,"column_4":50.6037018,"municipality_name_french":"Herve","arrondissement":"Arrondissement de Verviers","province":"Province de Li\u00e8ge"}},{"type":"Feature","geometry":{"type":"Point","coordinates":[5.7594413,50.6614055]},"properties":{"column_1":"4653","column_2":"Bolland","column_3":5.7594413,"column_4":50.6614055,"municipality_name_french":"Herve","arrondissement":"Arrondissement de Verviers","province":"Province de Li\u00e8ge"}},{"type":"Feature","geometry":{"type":"Point","coordinates":[5.6969122,50.6682189]},"properties":{"column_1":"4671","column_2":"Barchon","column_3":5.6969122,"column_4":50.6682189,"municipality_name_french":"Blegny","arrondissement":"Arrondissement de Li\u00e8ge","province":"Province de Li\u00e8ge"}},{"type":"Feature","geometry":{"type":"Point","coordinates":[5.6295554,50.7316969]},"properties":{"column_1":"4682","column_2":"Heure-Le-Romain","column_3":5.6295554,"column_4":50.7316969,"municipality_name_french":"Oupeye","arrondissement":"Arrondissement de Li\u00e8ge","province":"Province de Li\u00e8ge"}},{"type":"Feature","geometry":{"type":"Point","coordinates":[5.6094772,50.7583596]},"properties":{"column_1":"4690","column_2":"Bassenge","column_3":5.6094772,"column_4":50.7583596,"municipality_name_french":"Bassenge","arrondissement":"Arrondissement de Li\u00e8ge","province":"Province de Li\u00e8ge"}},{"type":"Feature","geometry":{"type":"Point","coordinates":[5.5788622,50.7539251]},"properties":{"column_1":"4690","column_2":"Boirs","column_3":5.5788622,"column_4":50.7539251,"municipality_name_french":"Bassenge","arrondissement":"Arrondissement de Li\u00e8ge","province":"Province de Li\u00e8ge"}},{"type":"Feature","geometry":{"type":"Point","coordinates":[6.0316891,50.7091279]},"properties":{"column_1":"4728","column_2":"Hergenrath","column_3":6.0316891,"column_4":50.7091279,"municipality_name_french":"La Calamine","arrondissement":"Arrondissement de Verviers","province":"Province de Li\u00e8ge"}},{"type":"Feature","geometry":{"type":"Point","coordinates":[6.3009381,50.4344078]},"properties":{"column_1":"4761","column_2":"Rocherath","column_3":6.3009381,"column_4":50.4344078,"municipality_name_french":"Bullange","arrondissement":"Arrondissement de Verviers","province":"Province de Li\u00e8ge"}},{"type":"Feature","geometry":{"type":"Point","coordinates":[6.1705559,50.3543055]},"properties":{"column_1":"4770","column_2":"Ambl\u00e8ve","column_3":6.1705559,"column_4":50.3543055,"municipality_name_french":"Ambl\u00e8ve","arrondissement":"Arrondissement de Verviers","province":"Province de Li\u00e8ge"}},{"type":"Feature","geometry":{"type":"Point","coordinates":[6.1258953,50.2803881]},"properties":{"column_1":"4780","column_2":"Saint-Vith","column_3":6.1258953,"column_4":50.2803881,"municipality_name_french":"Saint-Vith","arrondissement":"Arrondissement de Verviers","province":"Province de Li\u00e8ge"}},{"type":"Feature","geometry":{"type":"Point","coordinates":[6.1651484,50.2389236]},"properties":{"column_1":"4783","column_2":"Lommersweiler","column_3":6.1651484,"column_4":50.2389236,"municipality_name_french":"Saint-Vith","arrondissement":"Arrondissement de Verviers","province":"Province de Li\u00e8ge"}},{"type":"Feature","geometry":{"type":"Point","coordinates":[6.0680547,50.2591318]},"properties":{"column_1":"4784","column_2":"Crombach","column_3":6.0680547,"column_4":50.2591318,"municipality_name_french":"Saint-Vith","arrondissement":"Arrondissement de Verviers","province":"Province de Li\u00e8ge"}},{"type":"Feature","geometry":{"type":"Point","coordinates":[5.8638544,50.5932274]},"properties":{"column_1":"4800","column_2":"Verviers","column_3":5.8638544,"column_4":50.5932274,"municipality_name_french":"Verviers","arrondissement":"Arrondissement de Verviers","province":"Province de Li\u00e8ge"}},{"type":"Feature","geometry":{"type":"Point","coordinates":[5.854735,50.611374]},"properties":{"column_1":"4820","column_2":"Dison","column_3":5.854735,"column_4":50.611374,"municipality_name_french":"Dison","arrondissement":"Arrondissement de Verviers","province":"Province de Li\u00e8ge"}},{"type":"Feature","geometry":{"type":"Point","coordinates":[5.9620321,50.7075126]},"properties":{"column_1":"4850","column_2":"Montzen","column_3":5.9620321,"column_4":50.7075126,"municipality_name_french":"Plombi\u00e8res","arrondissement":"Arrondissement de Verviers","province":"Province de Li\u00e8ge"}},{"type":"Feature","geometry":{"type":"Point","coordinates":[5.7906072,50.5921673]},"properties":{"column_1":"4861","column_2":"Soiron","column_3":5.7906072,"column_4":50.5921673,"municipality_name_french":"Pepinster","arrondissement":"Arrondissement de Verviers","province":"Province de Li\u00e8ge"}},{"type":"Feature","geometry":{"type":"Point","coordinates":[5.7371309,50.573671]},"properties":{"column_1":"4870","column_2":"Nessonvaux","column_3":5.7371309,"column_4":50.573671,"municipality_name_french":"Olne","arrondissement":"Arrondissement de Li\u00e8ge","province":"Province de Li\u00e8ge"}},{"type":"Feature","geometry":{"type":"Point","coordinates":[5.7172477995985,50.5248417]},"properties":{"column_1":"4920","column_2":"Louveign\u00e9","column_3":5.7172477995985,"column_4":50.5248417,"municipality_name_french":"Aywaille","arrondissement":"Arrondissement de Li\u00e8ge","province":"Province de Li\u00e8ge"}},{"type":"Feature","geometry":{"type":"Point","coordinates":[6.0266001,50.4239904]},"properties":{"column_1":"4960","column_2":"Malmedy","column_3":6.0266001,"column_4":50.4239904,"municipality_name_french":"Malmedy","arrondissement":"Arrondissement de Verviers","province":"Province de Li\u00e8ge"}},{"type":"Feature","geometry":{"type":"Point","coordinates":[5.952833,50.4531568]},"properties":{"column_1":"4970","column_2":"Francorchamps","column_3":5.952833,"column_4":50.4531568,"municipality_name_french":"Stavelot","arrondissement":"Arrondissement de Verviers","province":"Province de Li\u00e8ge"}},{"type":"Feature","geometry":{"type":"Point","coordinates":[5.8353999,50.3012606]},"properties":{"column_1":"4990","column_2":"Arbrefontaine","column_3":5.8353999,"column_4":50.3012606,"municipality_name_french":"Lierneux","arrondissement":"Arrondissement de Verviers","province":"Province de Li\u00e8ge"}},{"type":"Feature","geometry":{"type":"Point","coordinates":[4.891664450549,50.47887385]},"properties":{"column_1":"5004","column_2":"Bouge","column_3":4.891664450549,"column_4":50.47887385,"municipality_name_french":"Namur","arrondissement":"Arrondissement de Namur","province":"Province de Namur"}},{"type":"Feature","geometry":{"type":"Point","coordinates":[4.9127293838106,50.5171876]},"properties":{"column_1":"5022","column_2":"Cognel\u00e9e","column_3":4.9127293838106,"column_4":50.5171876,"municipality_name_french":"Namur","arrondissement":"Arrondissement de Namur","province":"Province de Namur"}},{"type":"Feature","geometry":{"type":"Point","coordinates":[4.6745108,50.5127674]},"properties":{"column_1":"5032","column_2":"Mazy","column_3":4.6745108,"column_4":50.5127674,"municipality_name_french":"Gembloux","arrondissement":"Arrondissement de Namur","province":"Province de Namur"}},{"type":"Feature","geometry":{"type":"Point","coordinates":[4.5885625,50.4378354]},"properties":{"column_1":"5060","column_2":"Moignel\u00e9e","column_3":4.5885625,"column_4":50.4378354,"municipality_name_french":"Sambreville","arrondissement":"Arrondissement de Namur","province":"Province de Namur"}},{"type":"Feature","geometry":{"type":"Point","coordinates":[4.6237797,50.3885408]},"properties":{"column_1":"5070","column_2":"Le Roux","column_3":4.6237797,"column_4":50.3885408,"municipality_name_french":"Fosses-la-Ville","arrondissement":"Arrondissement de Namur","province":"Province de Namur"}},{"type":"Feature","geometry":{"type":"Point","coordinates":[4.7411668,50.4027187]},"properties":{"column_1":"5070","column_2":"Sart-Saint-Laurent","column_3":4.7411668,"column_4":50.4027187,"municipality_name_french":"Fosses-la-Ville","arrondissement":"Arrondissement de Namur","province":"Province de Namur"}},{"type":"Feature","geometry":{"type":"Point","coordinates":[4.6558828,50.3941596]},"properties":{"column_1":"5070","column_2":"Vitrival","column_3":4.6558828,"column_4":50.3941596,"municipality_name_french":"Fosses-la-Ville","arrondissement":"Arrondissement de Namur","province":"Province de Namur"}},{"type":"Feature","geometry":{"type":"Point","coordinates":[4.8279560785714,50.5157255]},"properties":{"column_1":"5080","column_2":"Emines","column_3":4.8279560785714,"column_4":50.5157255,"municipality_name_french":"La Bruy\u00e8re","arrondissement":"Arrondissement de Namur","province":"Province de Namur"}},{"type":"Feature","geometry":{"type":"Point","coordinates":[4.7986774536609,50.552563]},"properties":{"column_1":"5081","column_2":"Meux","column_3":4.7986774536609,"column_4":50.552563,"municipality_name_french":"La Bruy\u00e8re","arrondissement":"Arrondissement de Namur","province":"Province de Namur"}},{"type":"Feature","geometry":{"type":"Point","coordinates":[4.823377,50.389973]},"properties":{"column_1":"5170","column_2":"Bois-De-Villers","column_3":4.823377,"column_4":50.389973,"municipality_name_french":"Profondeville","arrondissement":"Arrondissement de Namur","province":"Province de Namur"}},{"type":"Feature","geometry":{"type":"Point","coordinates":[4.6382422,50.4983123]},"properties":{"column_1":"5190","column_2":"Bal\u00e2tre","column_3":4.6382422,"column_4":50.4983123,"municipality_name_french":"Jemeppe-sur-Sambre","arrondissement":"Arrondissement de Namur","province":"Province de Namur"}},{"type":"Feature","geometry":{"type":"Point","coordinates":[4.957465,50.623868]},"properties":{"column_1":"5310","column_2":"Boneffe","column_3":4.957465,"column_4":50.623868,"municipality_name_french":"\u00c9ghez\u00e9e","arrondissement":"Arrondissement de Namur","province":"Province de Namur"}},{"type":"Feature","geometry":{"type":"Point","coordinates":[4.8909225,50.6082112]},"properties":{"column_1":"5310","column_2":"Noville-Sur-M\u00e9haigne","column_3":4.8909225,"column_4":50.6082112,"municipality_name_french":"\u00c9ghez\u00e9e","arrondissement":"Arrondissement de Namur","province":"Province de Namur"}},{"type":"Feature","geometry":{"type":"Point","coordinates":[4.9318579,50.6170592]},"properties":{"column_1":"5310","column_2":"Taviers","column_3":4.9318579,"column_4":50.6170592,"municipality_name_french":"\u00c9ghez\u00e9e","arrondissement":"Arrondissement de Namur","province":"Province de Namur"}},{"type":"Feature","geometry":{"type":"Point","coordinates":[4.9845433,50.378301]},"properties":{"column_1":"5336","column_2":"Courri\u00e8re","column_3":4.9845433,"column_4":50.378301,"municipality_name_french":"Assesse","arrondissement":"Arrondissement de Namur","province":"Province de Namur"}},{"type":"Feature","geometry":{"type":"Point","coordinates":[5.0776175,50.4028535]},"properties":{"column_1":"5340","column_2":"Gesves","column_3":5.0776175,"column_4":50.4028535,"municipality_name_french":"Gesves","arrondissement":"Arrondissement de Namur","province":"Province de Namur"}},{"type":"Feature","geometry":{"type":"Point","coordinates":[5.0744138,50.4508568]},"properties":{"column_1":"5340","column_2":"Haltinne","column_3":5.0744138,"column_4":50.4508568,"municipality_name_french":"Gesves","arrondissement":"Arrondissement de Namur","province":"Province de Namur"}},{"type":"Feature","geometry":{"type":"Point","coordinates":[5.2217845,50.440101]},"properties":{"column_1":"5353","column_2":"Goesnes","column_3":5.2217845,"column_4":50.440101,"municipality_name_french":"Ohey","arrondissement":"Arrondissement de Namur","province":"Province de Namur"}},{"type":"Feature","geometry":{"type":"Point","coordinates":[5.1212547,50.3253905]},"properties":{"column_1":"5363","column_2":"Emptinne","column_3":5.1212547,"column_4":50.3253905,"municipality_name_french":"Hamois","arrondissement":"Arrondissement de Dinant","province":"Province de Namur"}},{"type":"Feature","geometry":{"type":"Point","coordinates":[5.3125869,50.3533462]},"properties":{"column_1":"5374","column_2":"Maffe","column_3":5.3125869,"column_4":50.3533462,"municipality_name_french":"Havelange","arrondissement":"Arrondissement de Dinant","province":"Province de Namur"}},{"type":"Feature","geometry":{"type":"Point","coordinates":[5.3669021,50.336585]},"properties":{"column_1":"5377","column_2":"Somme-Leuze","column_3":5.3669021,"column_4":50.336585,"municipality_name_french":"Somme-Leuze","arrondissement":"Arrondissement de Dinant","province":"Province de Namur"}},{"type":"Feature","geometry":{"type":"Point","coordinates":[5.0360917,50.5580545]},"properties":{"column_1":"5380","column_2":"Bierwart","column_3":5.0360917,"column_4":50.5580545,"municipality_name_french":"Fernelmont","arrondissement":"Arrondissement de Namur","province":"Province de Namur"}},{"type":"Feature","geometry":{"type":"Point","coordinates":[4.9869761,50.6010427]},"properties":{"column_1":"5380","column_2":"Hemptinne","column_3":4.9869761,"column_4":50.6010427,"municipality_name_french":"Fernelmont","arrondissement":"Arrondissement de Namur","province":"Province de Namur"}},{"type":"Feature","geometry":{"type":"Point","coordinates":[5.01707,50.5500591]},"properties":{"column_1":"5380","column_2":"Pontillas","column_3":5.01707,"column_4":50.5500591,"municipality_name_french":"Fernelmont","arrondissement":"Arrondissement de Namur","province":"Province de Namur"}},{"type":"Feature","geometry":{"type":"Point","coordinates":[4.9388148,50.2368273]},"properties":{"column_1":"5500","column_2":"Dr\u00e9hance","column_3":4.9388148,"column_4":50.2368273,"municipality_name_french":"Dinant","arrondissement":"Arrondissement de Dinant","province":"Province de Namur"}},{"type":"Feature","geometry":{"type":"Point","coordinates":[4.9715412,50.2814293]},"properties":{"column_1":"5501","column_2":"Lisogne","column_3":4.9715412,"column_4":50.2814293,"municipality_name_french":"Dinant","arrondissement":"Arrondissement de Dinant","province":"Province de Namur"}},{"type":"Feature","geometry":{"type":"Point","coordinates":[4.982409,50.260159]},"properties":{"column_1":"5503","column_2":"Sorinnes","column_3":4.982409,"column_4":50.260159,"municipality_name_french":"Dinant","arrondissement":"Arrondissement de Dinant","province":"Province de Namur"}},{"type":"Feature","geometry":{"type":"Point","coordinates":[4.8454743,50.274944]},"properties":{"column_1":"5523","column_2":"Sommi\u00e8re","column_3":4.8454743,"column_4":50.274944,"municipality_name_french":"Onhaye","arrondissement":"Arrondissement de Dinant","province":"Province de Namur"}},{"type":"Feature","geometry":{"type":"Point","coordinates":[4.8806618,50.3264425]},"properties":{"column_1":"5530","column_2":"Yvoir","column_3":4.8806618,"column_4":50.3264425,"municipality_name_french":"Yvoir","arrondissement":"Arrondissement de Dinant","province":"Province de Namur"}},{"type":"Feature","geometry":{"type":"Point","coordinates":[4.841866,50.343103]},"properties":{"column_1":"5537","column_2":"Annevoie-Rouillon","column_3":4.841866,"column_4":50.343103,"municipality_name_french":"Anh\u00e9e","arrondissement":"Arrondissement de Dinant","province":"Province de Namur"}},{"type":"Feature","geometry":{"type":"Point","coordinates":[4.8352693,50.192216]},"properties":{"column_1":"5542","column_2":"Blaimont","column_3":4.8352693,"column_4":50.192216,"municipality_name_french":"Hasti\u00e8re","arrondissement":"Arrondissement de Dinant","province":"Province de Namur"}},{"type":"Feature","geometry":{"type":"Point","coordinates":[4.9274653,49.8936753]},"properties":{"column_1":"5550","column_2":"Orchimont","column_3":4.9274653,"column_4":49.8936753,"municipality_name_french":"Vresse-sur-Semois","arrondissement":"Arrondissement de Dinant","province":"Province de Namur"}},{"type":"Feature","geometry":{"type":"Point","coordinates":[4.8697858,49.8110791]},"properties":{"column_1":"5550","column_2":"Pussemange","column_3":4.8697858,"column_4":49.8110791,"municipality_name_french":"Vresse-sur-Semois","arrondissement":"Arrondissement de Dinant","province":"Province de Namur"}},{"type":"Feature","geometry":{"type":"Point","coordinates":[5.0168496,49.9411216]},"properties":{"column_1":"5555","column_2":"Bi\u00e8vre","column_3":5.0168496,"column_4":49.9411216,"municipality_name_french":"Bi\u00e8vre","arrondissement":"Arrondissement de Dinant","province":"Province de Namur"}},{"type":"Feature","geometry":{"type":"Point","coordinates":[4.9859857,49.9046481]},"properties":{"column_1":"5555","column_2":"Monceau-En-Ardenne","column_3":4.9859857,"column_4":49.9046481,"municipality_name_french":"Bi\u00e8vre","arrondissement":"Arrondissement de Dinant","province":"Province de Namur"}},{"type":"Feature","geometry":{"type":"Point","coordinates":[4.8490158,50.0680742]},"properties":{"column_1":"5570","column_2":"Felenne","column_3":4.8490158,"column_4":50.0680742,"municipality_name_french":"Beauraing","arrondissement":"Arrondissement de Dinant","province":"Province de Namur"}},{"type":"Feature","geometry":{"type":"Point","coordinates":[4.8930998,50.0980233]},"properties":{"column_1":"5570","column_2":"Winenne","column_3":4.8930998,"column_4":50.0980233,"municipality_name_french":"Beauraing","arrondissement":"Arrondissement de Dinant","province":"Province de Namur"}},{"type":"Feature","geometry":{"type":"Point","coordinates":[5.008842,50.099609]},"properties":{"column_1":"5574","column_2":"Pondr\u00f4me","column_3":5.008842,"column_4":50.099609,"municipality_name_french":"Beauraing","arrondissement":"Arrondissement de Dinant","province":"Province de Namur"}},{"type":"Feature","geometry":{"type":"Point","coordinates":[4.9609972,50.0121497]},"properties":{"column_1":"5575","column_2":"Malvoisin","column_3":4.9609972,"column_4":50.0121497,"municipality_name_french":"Gedinne","arrondissement":"Arrondissement de Dinant","province":"Province de Namur"}},{"type":"Feature","geometry":{"type":"Point","coordinates":[4.9175574,50.0014538]},"properties":{"column_1":"5575","column_2":"Sart-Custinne","column_3":4.9175574,"column_4":50.0014538,"municipality_name_french":"Gedinne","arrondissement":"Arrondissement de Dinant","province":"Province de Namur"}},{"type":"Feature","geometry":{"type":"Point","coordinates":[4.8475671,49.9874142]},"properties":{"column_1":"5575","column_2":"Willerzie","column_3":4.8475671,"column_4":49.9874142,"municipality_name_french":"Gedinne","arrondissement":"Arrondissement de Dinant","province":"Province de Namur"}},{"type":"Feature","geometry":{"type":"Point","coordinates":[5.1958839,50.2172183]},"properties":{"column_1":"5580","column_2":"Buissonville","column_3":5.1958839,"column_4":50.2172183,"municipality_name_french":"Rochefort","arrondissement":"Arrondissement de Dinant","province":"Province de Namur"}},{"type":"Feature","geometry":{"type":"Point","coordinates":[5.1877385,50.1254505]},"properties":{"column_1":"5580","column_2":"Han-Sur-Lesse","column_3":5.1877385,"column_4":50.1254505,"municipality_name_french":"Rochefort","arrondissement":"Arrondissement de Dinant","province":"Province de Namur"}},{"type":"Feature","geometry":{"type":"Point","coordinates":[5.2624584,50.1624278]},"properties":{"column_1":"5580","column_2":"Jemelle","column_3":5.2624584,"column_4":50.1624278,"municipality_name_french":"Rochefort","arrondissement":"Arrondissement de Dinant","province":"Province de Namur"}},{"type":"Feature","geometry":{"type":"Point","coordinates":[5.2419236738324,50.11639205]},"properties":{"column_1":"5580","column_2":"Wavreille","column_3":5.2419236738324,"column_4":50.11639205,"municipality_name_french":"Rochefort","arrondissement":"Arrondissement de Dinant","province":"Province de Namur"}},{"type":"Feature","geometry":{"type":"Point","coordinates":[5.208871,50.2531051]},"properties":{"column_1":"5590","column_2":"Haversin","column_3":5.208871,"column_4":50.2531051,"municipality_name_french":"Ciney","arrondissement":"Arrondissement de Dinant","province":"Province de Namur"}},{"type":"Feature","geometry":{"type":"Point","coordinates":[5.1102616,50.2687357]},"properties":{"column_1":"5590","column_2":"Leignon","column_3":5.1102616,"column_4":50.2687357,"municipality_name_french":"Ciney","arrondissement":"Arrondissement de Dinant","province":"Province de Namur"}},{"type":"Feature","geometry":{"type":"Point","coordinates":[5.1707753,50.2825466]},"properties":{"column_1":"5590","column_2":"Pessoux","column_3":5.1707753,"column_4":50.2825466,"municipality_name_french":"Ciney","arrondissement":"Arrondissement de Dinant","province":"Province de Namur"}},{"type":"Feature","geometry":{"type":"Point","coordinates":[4.534019,50.17794]},"properties":{"column_1":"5600","column_2":"Samart","column_3":4.534019,"column_4":50.17794,"municipality_name_french":"Philippeville","arrondissement":"Arrondissement de Philippeville","province":"Province de Namur"}},{"type":"Feature","geometry":{"type":"Point","coordinates":[4.5612425,50.1694005]},"properties":{"column_1":"5600","column_2":"Sautour","column_3":4.5612425,"column_4":50.1694005,"municipality_name_french":"Philippeville","arrondissement":"Arrondissement de Philippeville","province":"Province de Namur"}},{"type":"Feature","geometry":{"type":"Point","coordinates":[4.7440112,50.2330003]},"properties":{"column_1":"5620","column_2":"Morville","column_3":4.7440112,"column_4":50.2330003,"municipality_name_french":"Florennes","arrondissement":"Arrondissement de Philippeville","province":"Province de Namur"}},{"type":"Feature","geometry":{"type":"Point","coordinates":[4.5778492,50.2469253]},"properties":{"column_1":"5620","column_2":"Saint-Aubin","column_3":4.5778492,"column_4":50.2469253,"municipality_name_french":"Florennes","arrondissement":"Arrondissement de Philippeville","province":"Province de Namur"}},{"type":"Feature","geometry":{"type":"Point","coordinates":[4.5634203,50.2776442]},"properties":{"column_1":"5621","column_2":"Morialm\u00e9","column_3":4.5634203,"column_4":50.2776442,"municipality_name_french":"Florennes","arrondissement":"Arrondissement de Philippeville","province":"Province de Namur"}},{"type":"Feature","geometry":{"type":"Point","coordinates":[4.4125932,50.1687764]},"properties":{"column_1":"5630","column_2":"Cerfontaine","column_3":4.4125932,"column_4":50.1687764,"municipality_name_french":"Cerfontaine","arrondissement":"Arrondissement de Philippeville","province":"Province de Namur"}},{"type":"Feature","geometry":{"type":"Point","coordinates":[4.466208,50.1762834]},"properties":{"column_1":"5630","column_2":"Senzeille","column_3":4.466208,"column_4":50.1762834,"municipality_name_french":"Cerfontaine","arrondissement":"Arrondissement de Philippeville","province":"Province de Namur"}},{"type":"Feature","geometry":{"type":"Point","coordinates":[4.6803521,50.297376]},"properties":{"column_1":"5640","column_2":"Biesmer\u00e9e","column_3":4.6803521,"column_4":50.297376,"municipality_name_french":"Mettet","arrondissement":"Arrondissement de Namur","province":"Province de Namur"}},{"type":"Feature","geometry":{"type":"Point","coordinates":[4.7055271,50.3080016]},"properties":{"column_1":"5641","column_2":"Furnaux","column_3":4.7055271,"column_4":50.3080016,"municipality_name_french":"Mettet","arrondissement":"Arrondissement de Namur","province":"Province de Namur"}},{"type":"Feature","geometry":{"type":"Point","coordinates":[4.4326804,50.273814]},"properties":{"column_1":"5650","column_2":"Pry","column_3":4.4326804,"column_4":50.273814,"municipality_name_french":"Walcourt","arrondissement":"Arrondissement de Philippeville","province":"Province de Namur"}},{"type":"Feature","geometry":{"type":"Point","coordinates":[4.4829777,50.2951613]},"properties":{"column_1":"5651","column_2":"Somz\u00e9e","column_3":4.4829777,"column_4":50.2951613,"municipality_name_french":"Walcourt","arrondissement":"Arrondissement de Philippeville","province":"Province de Namur"}},{"type":"Feature","geometry":{"type":"Point","coordinates":[4.4983015,50.3119341]},"properties":{"column_1":"5651","column_2":"Tarcienne","column_3":4.4983015,"column_4":50.3119341,"municipality_name_french":"Walcourt","arrondissement":"Arrondissement de Philippeville","province":"Province de Namur"}},{"type":"Feature","geometry":{"type":"Point","coordinates":[4.5324267,50.0583821]},"properties":{"column_1":"5660","column_2":"Petigny","column_3":4.5324267,"column_4":50.0583821,"municipality_name_french":"Couvin","arrondissement":"Arrondissement de Philippeville","province":"Province de Namur"}},{"type":"Feature","geometry":{"type":"Point","coordinates":[4.505529,49.949789]},"properties":{"column_1":"5660","column_2":"Petite-Chapelle","column_3":4.505529,"column_4":49.949789,"municipality_name_french":"Couvin","arrondissement":"Arrondissement de Philippeville","province":"Province de Namur"}},{"type":"Feature","geometry":{"type":"Point","coordinates":[4.4206168,50.0247898]},"properties":{"column_1":"5660","column_2":"Presgaux","column_3":4.4206168,"column_4":50.0247898,"municipality_name_french":"Couvin","arrondissement":"Arrondissement de Philippeville","province":"Province de Namur"}},{"type":"Feature","geometry":{"type":"Point","coordinates":[4.59145,50.091356]},"properties":{"column_1":"5670","column_2":"Dourbes","column_3":4.59145,"column_4":50.091356,"municipality_name_french":"Viroinval","arrondissement":"Arrondissement de Philippeville","province":"Province de Namur"}},{"type":"Feature","geometry":{"type":"Point","coordinates":[4.7597215,50.1841874]},"properties":{"column_1":"5680","column_2":"Gochen\u00e9e","column_3":4.7597215,"column_4":50.1841874,"municipality_name_french":"Doische","arrondissement":"Arrondissement de Philippeville","province":"Province de Namur"}},{"type":"Feature","geometry":{"type":"Point","coordinates":[4.6468816,50.1186008]},"properties":{"column_1":"5680","column_2":"Matagne-La-Petite","column_3":4.6468816,"column_4":50.1186008,"municipality_name_french":"Doische","arrondissement":"Arrondissement de Philippeville","province":"Province de Namur"}},{"type":"Feature","geometry":{"type":"Point","coordinates":[4.485649013438,50.4269705]},"properties":{"column_1":"6060","column_2":"Gilly","column_3":4.485649013438,"column_4":50.4269705,"municipality_name_french":"Charleroi","arrondissement":"Arrondissement de Charleroi","province":"Province du Hainaut"}},{"type":"Feature","geometry":{"type":"Point","coordinates":[4.3713936,50.3268072]},"properties":{"column_1":"6120","column_2":"Marbaix","column_3":4.3713936,"column_4":50.3268072,"municipality_name_french":"Ham-sur-Heure-Nalinnes","arrondissement":"Arrondissement de Thuin","province":"Province du Hainaut"}},{"type":"Feature","geometry":{"type":"Point","coordinates":[4.3763406,50.4601576]},"properties":{"column_1":"6180","column_2":"Courcelles","column_3":4.3763406,"column_4":50.4601576,"municipality_name_french":"Courcelles","arrondissement":"Arrondissement de Charleroi","province":"Province du Hainaut"}},{"type":"Feature","geometry":{"type":"Point","coordinates":[4.4723314,50.4896309]},"properties":{"column_1":"6210","column_2":"Wayaux","column_3":4.4723314,"column_4":50.4896309,"municipality_name_french":"Les Bons Villers","arrondissement":"Arrondissement de Charleroi","province":"Province du Hainaut"}},{"type":"Feature","geometry":{"type":"Point","coordinates":[4.4935448,50.4817059]},"properties":{"column_1":"6220","column_2":"Heppignies","column_3":4.4935448,"column_4":50.4817059,"municipality_name_french":"Fleurus","arrondissement":"Arrondissement de Charleroi","province":"Province du Hainaut"}},{"type":"Feature","geometry":{"type":"Point","coordinates":[4.5816274059151,50.47584335]},"properties":{"column_1":"6224","column_2":"Wanferc\u00e9e-Baulet","column_3":4.5816274059151,"column_4":50.47584335,"municipality_name_french":"Fleurus","arrondissement":"Arrondissement de Charleroi","province":"Province du Hainaut"}},{"type":"Feature","geometry":{"type":"Point","coordinates":[4.3622972938902,50.5043242]},"properties":{"column_1":"6230","column_2":"Pont-\u00c0-Celles","column_3":4.3622972938902,"column_4":50.5043242,"municipality_name_french":"Pont-\u00e0-Celles","arrondissement":"Arrondissement de Charleroi","province":"Province du Hainaut"}},{"type":"Feature","geometry":{"type":"Point","coordinates":[4.4306784623925,50.4842821]},"properties":{"column_1":"6230","column_2":"Thim\u00e9on","column_3":4.4306784623925,"column_4":50.4842821,"municipality_name_french":"Pont-\u00e0-Celles","arrondissement":"Arrondissement de Charleroi","province":"Province du Hainaut"}},{"type":"Feature","geometry":{"type":"Point","coordinates":[4.5276771,50.3378166]},"properties":{"column_1":"6280","column_2":"Gerpinnes","column_3":4.5276771,"column_4":50.3378166,"municipality_name_french":"Gerpinnes","arrondissement":"Arrondissement de Charleroi","province":"Province du Hainaut"}},{"type":"Feature","geometry":{"type":"Point","coordinates":[4.547498,50.3513008]},"properties":{"column_1":"6280","column_2":"Villers-Poterie","column_3":4.547498,"column_4":50.3513008,"municipality_name_french":"Gerpinnes","arrondissement":"Arrondissement de Charleroi","province":"Province du Hainaut"}},{"type":"Feature","geometry":{"type":"Point","coordinates":[4.3512321,50.2118893]},"properties":{"column_1":"6441","column_2":"Erpion","column_3":4.3512321,"column_4":50.2118893,"municipality_name_french":"Froidchapelle","arrondissement":"Arrondissement de Thuin","province":"Province du Hainaut"}},{"type":"Feature","geometry":{"type":"Point","coordinates":[4.238617,50.069276]},"properties":{"column_1":"6460","column_2":"Baili\u00e8vre","column_3":4.238617,"column_4":50.069276,"municipality_name_french":"Chimay","arrondissement":"Arrondissement de Thuin","province":"Province du Hainaut"}},{"type":"Feature","geometry":{"type":"Point","coordinates":[4.363579,50.061113]},"properties":{"column_1":"6462","column_2":"Vaulx-Lez-Chimay","column_3":4.363579,"column_4":50.061113,"municipality_name_french":"Chimay","arrondissement":"Arrondissement de Thuin","province":"Province du Hainaut"}},{"type":"Feature","geometry":{"type":"Point","coordinates":[4.244767,50.3041589]},"properties":{"column_1":"6530","column_2":"Leers-Et-Fosteau","column_3":4.244767,"column_4":50.3041589,"municipality_name_french":"Thuin","arrondissement":"Arrondissement de Thuin","province":"Province du Hainaut"}},{"type":"Feature","geometry":{"type":"Point","coordinates":[4.3079897,50.320724]},"properties":{"column_1":"6531","column_2":"Biesme-Sous-Thuin","column_3":4.3079897,"column_4":50.320724,"municipality_name_french":"Thuin","arrondissement":"Arrondissement de Thuin","province":"Province du Hainaut"}},{"type":"Feature","geometry":{"type":"Point","coordinates":[4.3119991,50.2854167]},"properties":{"column_1":"6536","column_2":"Donstiennes","column_3":4.3119991,"column_4":50.2854167,"municipality_name_french":"Thuin","arrondissement":"Arrondissement de Thuin","province":"Province du Hainaut"}},{"type":"Feature","geometry":{"type":"Point","coordinates":[4.2654874,50.3460194]},"properties":{"column_1":"6540","column_2":"Lobbes","column_3":4.2654874,"column_4":50.3460194,"municipality_name_french":"Lobbes","arrondissement":"Arrondissement de Thuin","province":"Province du Hainaut"}},{"type":"Feature","geometry":{"type":"Point","coordinates":[4.209803,50.3352549]},"properties":{"column_1":"6542","column_2":"Sars-La-Buissi\u00e8re","column_3":4.209803,"column_4":50.3352549,"municipality_name_french":"Lobbes","arrondissement":"Arrondissement de Thuin","province":"Province du Hainaut"}},{"type":"Feature","geometry":{"type":"Point","coordinates":[4.1520931,50.2631919]},"properties":{"column_1":"6560","column_2":"Bersillies-L'abbaye","column_3":4.1520931,"column_4":50.2631919,"municipality_name_french":"Erquelinnes","arrondissement":"Arrondissement de Thuin","province":"Province du Hainaut"}},{"type":"Feature","geometry":{"type":"Point","coordinates":[4.1884975,50.2815734]},"properties":{"column_1":"6560","column_2":"Montignies-Saint-Christophe","column_3":4.1884975,"column_4":50.2815734,"municipality_name_french":"Erquelinnes","arrondissement":"Arrondissement de Thuin","province":"Province du Hainaut"}},{"type":"Feature","geometry":{"type":"Point","coordinates":[4.2137302,50.3208131]},"properties":{"column_1":"6567","column_2":"Fontaine-Valmont","column_3":4.2137302,"column_4":50.3208131,"municipality_name_french":"Merbes-le-Ch\u00e2teau","arrondissement":"Arrondissement de Thuin","province":"Province du Hainaut"}},{"type":"Feature","geometry":{"type":"Point","coordinates":[4.194796,50.3141612]},"properties":{"column_1":"6567","column_2":"Labuissi\u00e8re","column_3":4.194796,"column_4":50.3141612,"municipality_name_french":"Merbes-le-Ch\u00e2teau","arrondissement":"Arrondissement de Thuin","province":"Province du Hainaut"}},{"type":"Feature","geometry":{"type":"Point","coordinates":[4.2520681,49.96543]},"properties":{"column_1":"6596","column_2":"Forge-Philippe","column_3":4.2520681,"column_4":49.96543,"municipality_name_french":"Momignies","arrondissement":"Arrondissement de Thuin","province":"Province du Hainaut"}},{"type":"Feature","geometry":{"type":"Point","coordinates":[5.5705339,49.9133632]},"properties":{"column_1":"6640","column_2":"Vaux-Lez-Rosi\u00e8res","column_3":5.5705339,"column_4":49.9133632,"municipality_name_french":"Vaux-sur-S\u00fbre","arrondissement":"Arrondissement de Bastogne","province":"Province du Luxembourg"}},{"type":"Feature","geometry":{"type":"Point","coordinates":[5.5493342,49.8805193]},"properties":{"column_1":"6642","column_2":"Juseret","column_3":5.5493342,"column_4":49.8805193,"municipality_name_french":null,"arrondissement":"Arrondissement de Bastogne","province":"Province du Luxembourg"}},{"type":"Feature","geometry":{"type":"Point","coordinates":[5.7447558,50.2272012]},"properties":{"column_1":"6661","column_2":"Tailles","column_3":5.7447558,"column_4":50.2272012,"municipality_name_french":"Houffalize","arrondissement":"Arrondissement de Bastogne","province":"Province du Luxembourg"}},{"type":"Feature","geometry":{"type":"Point","coordinates":[5.7384527,50.098929]},"properties":{"column_1":"6663","column_2":"Mabompr\u00e9","column_3":5.7384527,"column_4":50.098929,"municipality_name_french":"Houffalize","arrondissement":"Arrondissement de Bastogne","province":"Province du Luxembourg"}},{"type":"Feature","geometry":{"type":"Point","coordinates":[5.7156009,50.1661182]},"properties":{"column_1":"6666","column_2":"Wibrin","column_3":5.7156009,"column_4":50.1661182,"municipality_name_french":"Houffalize","arrondissement":"Arrondissement de Bastogne","province":"Province du Luxembourg"}},{"type":"Feature","geometry":{"type":"Point","coordinates":[5.9182421,50.2244199]},"properties":{"column_1":"6671","column_2":"Bovigny","column_3":5.9182421,"column_4":50.2244199,"municipality_name_french":"Gouvy","arrondissement":"Arrondissement de Bastogne","province":"Province du Luxembourg"}},{"type":"Feature","geometry":{"type":"Point","coordinates":[5.9972692,50.220365]},"properties":{"column_1":"6672","column_2":"Beho","column_3":5.9972692,"column_4":50.220365,"municipality_name_french":"Gouvy","arrondissement":"Arrondissement de Bastogne","province":"Province du Luxembourg"}},{"type":"Feature","geometry":{"type":"Point","coordinates":[5.8646609,50.1806741]},"properties":{"column_1":"6673","column_2":"Cherain","column_3":5.8646609,"column_4":50.1806741,"municipality_name_french":"Gouvy","arrondissement":"Arrondissement de Bastogne","province":"Province du Luxembourg"}},{"type":"Feature","geometry":{"type":"Point","coordinates":[5.5245094,50.0362888]},"properties":{"column_1":"6680","column_2":"Sainte-Ode","column_3":5.5245094,"column_4":50.0362888,"municipality_name_french":"Sainte-Ode","arrondissement":"Arrondissement de Bastogne","province":"Province du Luxembourg"}},{"type":"Feature","geometry":{"type":"Point","coordinates":[5.6038758,50.0333519]},"properties":{"column_1":"6686","column_2":"Flamierge","column_3":5.6038758,"column_4":50.0333519,"municipality_name_french":"Bertogne","arrondissement":"Arrondissement de Bastogne","province":"Province du Luxembourg"}},{"type":"Feature","geometry":{"type":"Point","coordinates":[5.7795299,49.6512359]},"properties":{"column_1":"6700","column_2":"Toernich","column_3":5.7795299,"column_4":49.6512359,"municipality_name_french":"Arlon","arrondissement":"Arrondissement d\u2019Arlon","province":"Province du Luxembourg"}},{"type":"Feature","geometry":{"type":"Point","coordinates":[5.5614663,49.6987456]},"properties":{"column_1":"6740","column_2":"Villers-Sur-Semois","column_3":5.5614663,"column_4":49.6987456,"municipality_name_french":"\u00c9talle","arrondissement":"Arrondissement de Virton","province":"Province du Luxembourg"}},{"type":"Feature","geometry":{"type":"Point","coordinates":[5.6551334,49.6535106]},"properties":{"column_1":"6742","column_2":"Chantemelle","column_3":5.6551334,"column_4":49.6535106,"municipality_name_french":"\u00c9talle","arrondissement":"Arrondissement de Virton","province":"Province du Luxembourg"}},{"type":"Feature","geometry":{"type":"Point","coordinates":[5.6983633,49.6255848]},"properties":{"column_1":"6747","column_2":"Ch\u00e2tillon","column_3":5.6983633,"column_4":49.6255848,"municipality_name_french":"Saint-L\u00e9ger","arrondissement":"Arrondissement de Virton","province":"Province du Luxembourg"}},{"type":"Feature","geometry":{"type":"Point","coordinates":[5.6569569,49.6134362]},"properties":{"column_1":"6747","column_2":"Saint-L\u00e9ger","column_3":5.6569569,"column_4":49.6134362,"municipality_name_french":"Saint-L\u00e9ger","arrondissement":"Arrondissement de Virton","province":"Province du Luxembourg"}},{"type":"Feature","geometry":{"type":"Point","coordinates":[5.4456876,49.5764582]},"properties":{"column_1":"6769","column_2":"Sommethonne","column_3":5.4456876,"column_4":49.5764582,"municipality_name_french":"Meix-devant-Virton","arrondissement":"Arrondissement de Virton","province":"Province du Luxembourg"}},{"type":"Feature","geometry":{"type":"Point","coordinates":[5.481043,49.5749479]},"properties":{"column_1":"6769","column_2":"Villers-La-Loue","column_3":5.481043,"column_4":49.5749479,"municipality_name_french":"Meix-devant-Virton","arrondissement":"Arrondissement de Virton","province":"Province du Luxembourg"}},{"type":"Feature","geometry":{"type":"Point","coordinates":[5.8350151,49.6351714]},"properties":{"column_1":"6780","column_2":"Hondelange","column_3":5.8350151,"column_4":49.6351714,"municipality_name_french":"Messancy","arrondissement":"Arrondissement d\u2019Arlon","province":"Province du Luxembourg"}},{"type":"Feature","geometry":{"type":"Point","coordinates":[5.8169286,49.5969055]},"properties":{"column_1":"6780","column_2":"Messancy","column_3":5.8169286,"column_4":49.5969055,"municipality_name_french":"Messancy","arrondissement":"Arrondissement d\u2019Arlon","province":"Province du Luxembourg"}},{"type":"Feature","geometry":{"type":"Point","coordinates":[5.4005563,49.7626877]},"properties":{"column_1":"6812","column_2":"Suxy","column_3":5.4005563,"column_4":49.7626877,"municipality_name_french":"Chiny","arrondissement":"Arrondissement de Virton","province":"Province du Luxembourg"}},{"type":"Feature","geometry":{"type":"Point","coordinates":[5.0672528,49.7949836]},"properties":{"column_1":"6830","column_2":"Bouillon","column_3":5.0672528,"column_4":49.7949836,"municipality_name_french":"Bouillon","arrondissement":"Arrondissement de Neufch\u00e2teau","province":"Province du Luxembourg"}},{"type":"Feature","geometry":{"type":"Point","coordinates":[5.3969928,49.8543387]},"properties":{"column_1":"6840","column_2":"Tournay","column_3":5.3969928,"column_4":49.8543387,"municipality_name_french":"Neufch\u00e2teau","arrondissement":"Arrondissement de Neufch\u00e2teau","province":"Province du Luxembourg"}},{"type":"Feature","geometry":{"type":"Point","coordinates":[5.0830529,49.8947611]},"properties":{"column_1":"6850","column_2":"Carlsbourg","column_3":5.0830529,"column_4":49.8947611,"municipality_name_french":"Paliseul","arrondissement":"Arrondissement de Neufch\u00e2teau","province":"Province du Luxembourg"}},{"type":"Feature","geometry":{"type":"Point","coordinates":[5.175013,49.8855714]},"properties":{"column_1":"6850","column_2":"Offagne","column_3":5.175013,"column_4":49.8855714,"municipality_name_french":"Paliseul","arrondissement":"Arrondissement de Neufch\u00e2teau","province":"Province du Luxembourg"}},{"type":"Feature","geometry":{"type":"Point","coordinates":[5.1349041,49.9035269]},"properties":{"column_1":"6850","column_2":"Paliseul","column_3":5.1349041,"column_4":49.9035269,"municipality_name_french":"Paliseul","arrondissement":"Arrondissement de Neufch\u00e2teau","province":"Province du Luxembourg"}},{"type":"Feature","geometry":{"type":"Point","coordinates":[5.534876707362,49.8508818]},"properties":{"column_1":"6860","column_2":"Ebly","column_3":5.534876707362,"column_4":49.8508818,"municipality_name_french":"L\u00e9glise","arrondissement":"Arrondissement de Neufch\u00e2teau","province":"Province du Luxembourg"}},{"type":"Feature","geometry":{"type":"Point","coordinates":[5.3166577,50.0323986]},"properties":{"column_1":"6870","column_2":"Arville","column_3":5.3166577,"column_4":50.0323986,"municipality_name_french":"Saint-Hubert","arrondissement":"Arrondissement de Neufch\u00e2teau","province":"Province du Luxembourg"}},{"type":"Feature","geometry":{"type":"Point","coordinates":[5.348119,50.0052874]},"properties":{"column_1":"6870","column_2":"Hatrival","column_3":5.348119,"column_4":50.0052874,"municipality_name_french":"Saint-Hubert","arrondissement":"Arrondissement de Neufch\u00e2teau","province":"Province du Luxembourg"}},{"type":"Feature","geometry":{"type":"Point","coordinates":[5.2529266,49.8546564]},"properties":{"column_1":"6880","column_2":"Bertrix","column_3":5.2529266,"column_4":49.8546564,"municipality_name_french":"Bertrix","arrondissement":"Arrondissement de Neufch\u00e2teau","province":"Province du Luxembourg"}},{"type":"Feature","geometry":{"type":"Point","coordinates":[5.2026639,50.0004466]},"properties":{"column_1":"6890","column_2":"Transinne","column_3":5.2026639,"column_4":50.0004466,"municipality_name_french":"Libin","arrondissement":"Arrondissement de Neufch\u00e2teau","province":"Province du Luxembourg"}},{"type":"Feature","geometry":{"type":"Point","coordinates":[5.2221196,49.9709626]},"properties":{"column_1":"6890","column_2":"Villance","column_3":5.2221196,"column_4":49.9709626,"municipality_name_french":"Libin","arrondissement":"Arrondissement de Neufch\u00e2teau","province":"Province du Luxembourg"}},{"type":"Feature","geometry":{"type":"Point","coordinates":[5.4095929,50.1879034]},"properties":{"column_1":"6900","column_2":"Roy","column_3":5.4095929,"column_4":50.1879034,"municipality_name_french":"Marche-en-Famenne","arrondissement":"Arrondissement de Marche-en-Famenne","province":"Province du Luxembourg"}},{"type":"Feature","geometry":{"type":"Point","coordinates":[5.1559991,50.0786533]},"properties":{"column_1":"6921","column_2":"Chanly","column_3":5.1559991,"column_4":50.0786533,"municipality_name_french":"Wellin","arrondissement":"Arrondissement de Neufch\u00e2teau","province":"Province du Luxembourg"}},{"type":"Feature","geometry":{"type":"Point","coordinates":[5.216837,50.081019]},"properties":{"column_1":"6927","column_2":"Tellin","column_3":5.216837,"column_4":50.081019,"municipality_name_french":"Tellin","arrondissement":"Arrondissement de Neufch\u00e2teau","province":"Province du Luxembourg"}},{"type":"Feature","geometry":{"type":"Point","coordinates":[5.063233,49.997198]},"properties":{"column_1":"6929","column_2":"Gembes","column_3":5.063233,"column_4":49.997198,"municipality_name_french":"Daverdisse","arrondissement":"Arrondissement de Neufch\u00e2teau","province":"Province du Luxembourg"}},{"type":"Feature","geometry":{"type":"Point","coordinates":[5.456248,50.3524116]},"properties":{"column_1":"6940","column_2":"Durbuy","column_3":5.456248,"column_4":50.3524116,"municipality_name_french":"Durbuy","arrondissement":"Arrondissement de Marche-en-Famenne","province":"Province du Luxembourg"}},{"type":"Feature","geometry":{"type":"Point","coordinates":[5.423028,50.3570338]},"properties":{"column_1":"6940","column_2":"Septon","column_3":5.423028,"column_4":50.3570338,"municipality_name_french":"Durbuy","arrondissement":"Arrondissement de Marche-en-Famenne","province":"Province du Luxembourg"}},{"type":"Feature","geometry":{"type":"Point","coordinates":[5.4142387,50.4176261]},"properties":{"column_1":"6941","column_2":"Bende","column_3":5.4142387,"column_4":50.4176261,"municipality_name_french":"Durbuy","arrondissement":"Arrondissement de Marche-en-Famenne","province":"Province du Luxembourg"}},{"type":"Feature","geometry":{"type":"Point","coordinates":[5.5223752,50.3760087]},"properties":{"column_1":"6941","column_2":"Bomal-Sur-Ourthe","column_3":5.5223752,"column_4":50.3760087,"municipality_name_french":"Durbuy","arrondissement":"Arrondissement de Marche-en-Famenne","province":"Province du Luxembourg"}},{"type":"Feature","geometry":{"type":"Point","coordinates":[5.562158,50.346445]},"properties":{"column_1":"6941","column_2":"Heyd","column_3":5.562158,"column_4":50.346445,"municipality_name_french":"Durbuy","arrondissement":"Arrondissement de Marche-en-Famenne","province":"Province du Luxembourg"}},{"type":"Feature","geometry":{"type":"Point","coordinates":[5.6587925,50.3516772]},"properties":{"column_1":"6960","column_2":"Harre","column_3":5.6587925,"column_4":50.3516772,"municipality_name_french":"Manhay","arrondissement":"Arrondissement de Marche-en-Famenne","province":"Province du Luxembourg"}},{"type":"Feature","geometry":{"type":"Point","coordinates":[5.5034047,50.1077503]},"properties":{"column_1":"6971","column_2":"Champlon","column_3":5.5034047,"column_4":50.1077503,"municipality_name_french":"Tenneville","arrondissement":"Arrondissement de Marche-en-Famenne","province":"Province du Luxembourg"}},{"type":"Feature","geometry":{"type":"Point","coordinates":[5.5507905,50.1137831]},"properties":{"column_1":"6972","column_2":"Erneuville","column_3":5.5507905,"column_4":50.1137831,"municipality_name_french":"Tenneville","arrondissement":"Arrondissement de Marche-en-Famenne","province":"Province du Luxembourg"}},{"type":"Feature","geometry":{"type":"Point","coordinates":[5.6138065,50.1249111]},"properties":{"column_1":"6983","column_2":"Ortho","column_3":5.6138065,"column_4":50.1249111,"municipality_name_french":"La Roche-en-Ardenne","arrondissement":"Arrondissement de Marche-en-Famenne","province":"Province du Luxembourg"}},{"type":"Feature","geometry":{"type":"Point","coordinates":[5.5230608,50.245425]},"properties":{"column_1":"6987","column_2":"Beffe","column_3":5.5230608,"column_4":50.245425,"municipality_name_french":"Rendeux","arrondissement":"Arrondissement de Marche-en-Famenne","province":"Province du Luxembourg"}},{"type":"Feature","geometry":{"type":"Point","coordinates":[5.4729019,50.2579039]},"properties":{"column_1":"6990","column_2":"Hampteau","column_3":5.4729019,"column_4":50.2579039,"municipality_name_french":"Hotton","arrondissement":"Arrondissement de Marche-en-Famenne","province":"Province du Luxembourg"}},{"type":"Feature","geometry":{"type":"Point","coordinates":[5.4165812,50.2418351]},"properties":{"column_1":"6990","column_2":"Marenne","column_3":5.4165812,"column_4":50.2418351,"municipality_name_french":"Hotton","arrondissement":"Arrondissement de Marche-en-Famenne","province":"Province du Luxembourg"}},{"type":"Feature","geometry":{"type":"Point","coordinates":[3.951958,50.4549568]},"properties":{"column_1":"7000","column_2":"Mons","column_3":3.951958,"column_4":50.4549568,"municipality_name_french":"Mons","arrondissement":"Arrondissement de Mons","province":"Province du Hainaut"}},{"type":"Feature","geometry":{"type":"Point","coordinates":[4.0389071,50.4312421]},"properties":{"column_1":"7031","column_2":"Villers-Saint-Ghislain","column_3":4.0389071,"column_4":50.4312421,"municipality_name_french":"Mons","arrondissement":"Arrondissement de Mons","province":"Province du Hainaut"}},{"type":"Feature","geometry":{"type":"Point","coordinates":[3.9570563,50.4020009]},"properties":{"column_1":"7040","column_2":"Asquillies","column_3":3.9570563,"column_4":50.4020009,"municipality_name_french":"Qu\u00e9vy","arrondissement":"Arrondissement de Mons","province":"Province du Hainaut"}},{"type":"Feature","geometry":{"type":"Point","coordinates":[3.9031862,50.340829]},"properties":{"column_1":"7040","column_2":"Aulnois","column_3":3.9031862,"column_4":50.340829,"municipality_name_french":"Qu\u00e9vy","arrondissement":"Arrondissement de Mons","province":"Province du Hainaut"}},{"type":"Feature","geometry":{"type":"Point","coordinates":[3.8980429,50.357777]},"properties":{"column_1":"7040","column_2":"Blaregnies","column_3":3.8980429,"column_4":50.357777,"municipality_name_french":"Qu\u00e9vy","arrondissement":"Arrondissement de Mons","province":"Province du Hainaut"}},{"type":"Feature","geometry":{"type":"Point","coordinates":[3.93752,50.367996]},"properties":{"column_1":"7040","column_2":"Qu\u00e9vy-Le-Petit","column_3":3.93752,"column_4":50.367996,"municipality_name_french":"Qu\u00e9vy","arrondissement":"Arrondissement de Mons","province":"Province du Hainaut"}},{"type":"Feature","geometry":{"type":"Point","coordinates":[3.9598418,50.5369939]},"properties":{"column_1":"7050","column_2":"Masnuy-Saint-Pierre","column_3":3.9598418,"column_4":50.5369939,"municipality_name_french":"Jurbise","arrondissement":"Arrondissement de Mons","province":"Province du Hainaut"}},{"type":"Feature","geometry":{"type":"Point","coordinates":[4.0413076,50.6093445]},"properties":{"column_1":"7060","column_2":"Horrues","column_3":4.0413076,"column_4":50.6093445,"municipality_name_french":"Soignies","arrondissement":"Arrondissement de Soignies","province":"Province du Hainaut"}},{"type":"Feature","geometry":{"type":"Point","coordinates":[4.0489552,50.5151015]},"properties":{"column_1":"7061","column_2":"Thieusies","column_3":4.0489552,"column_4":50.5151015,"municipality_name_french":"Soignies","arrondissement":"Arrondissement de Soignies","province":"Province du Hainaut"}},{"type":"Feature","geometry":{"type":"Point","coordinates":[3.9979808,50.5921606]},"properties":{"column_1":"7063","column_2":"Chauss\u00e9e-Notre-Dame-Louvignies","column_3":3.9979808,"column_4":50.5921606,"municipality_name_french":"Soignies","arrondissement":"Arrondissement de Soignies","province":"Province du Hainaut"}},{"type":"Feature","geometry":{"type":"Point","coordinates":[4.0029098,50.5683075]},"properties":{"column_1":"7063","column_2":"Neufvilles","column_3":4.0029098,"column_4":50.5683075,"municipality_name_french":"Soignies","arrondissement":"Arrondissement de Soignies","province":"Province du Hainaut"}},{"type":"Feature","geometry":{"type":"Point","coordinates":[4.0989347,50.3952117]},"properties":{"column_1":"7120","column_2":"Estinnes-Au-Mont","column_3":4.0989347,"column_4":50.3952117,"municipality_name_french":"Estinnes","arrondissement":"Arrondissement de La Louvi\u00e8re","province":"Province du Hainaut"}},{"type":"Feature","geometry":{"type":"Point","coordinates":[4.1064835,50.4127908]},"properties":{"column_1":"7120","column_2":"Estinnes-Au-Val","column_3":4.1064835,"column_4":50.4127908,"municipality_name_french":"Estinnes","arrondissement":"Arrondissement de La Louvi\u00e8re","province":"Province du Hainaut"}},{"type":"Feature","geometry":{"type":"Point","coordinates":[4.1685575,50.4165125]},"properties":{"column_1":"7130","column_2":"Battignies","column_3":4.1685575,"column_4":50.4165125,"municipality_name_french":"Binche","arrondissement":"Arrondissement de La Louvi\u00e8re","province":"Province du Hainaut"}},{"type":"Feature","geometry":{"type":"Point","coordinates":[4.243909,50.4544626]},"properties":{"column_1":"7140","column_2":"Morlanwelz-Mariemont","column_3":4.243909,"column_4":50.4544626,"municipality_name_french":"Morlanwelz","arrondissement":"Arrondissement de La Louvi\u00e8re","province":"Province du Hainaut"}},{"type":"Feature","geometry":{"type":"Point","coordinates":[4.2804202,50.4713265]},"properties":{"column_1":"7160","column_2":"Chapelle-Lez-Herlaimont","column_3":4.2804202,"column_4":50.4713265,"municipality_name_french":"Chapelle-lez-Herlaimont","arrondissement":"Arrondissement de Charleroi","province":"Province du Hainaut"}},{"type":"Feature","geometry":{"type":"Point","coordinates":[4.254013,50.4843145]},"properties":{"column_1":"7170","column_2":"Bellecourt","column_3":4.254013,"column_4":50.4843145,"municipality_name_french":"Manage","arrondissement":"Arrondissement de Soignies","province":"Province du Hainaut"}},{"type":"Feature","geometry":{"type":"Point","coordinates":[4.2430926037513,50.5625639]},"properties":{"column_1":"7181","column_2":"Feluy","column_3":4.2430926037513,"column_4":50.5625639,"municipality_name_french":"Seneffe","arrondissement":"Arrondissement de Soignies","province":"Province du Hainaut"}},{"type":"Feature","geometry":{"type":"Point","coordinates":[4.1785518,50.5703563]},"properties":{"column_1":"7191","column_2":"Ecaussinnes-Lalaing","column_3":4.1785518,"column_4":50.5703563,"municipality_name_french":"\u00c9caussinnes","arrondissement":"Arrondissement de Soignies","province":"Province du Hainaut"}},{"type":"Feature","geometry":{"type":"Point","coordinates":[3.6611754,50.5011724]},"properties":{"column_1":"7321","column_2":"Blaton","column_3":3.6611754,"column_4":50.5011724,"municipality_name_french":"Bernissart","arrondissement":"Arrondissement d\u2019Ath","province":"Province du Hainaut"}},{"type":"Feature","geometry":{"type":"Point","coordinates":[3.8214781396442,50.448359502766]},"properties":{"column_1":"7330","column_2":"Saint-Ghislain","column_3":3.8214781396442,"column_4":50.448359502766,"municipality_name_french":"Saint-Ghislain","arrondissement":"Arrondissement de Mons","province":"Province du Hainaut"}},{"type":"Feature","geometry":{"type":"Point","coordinates":[3.8223517,50.4002638]},"properties":{"column_1":"7340","column_2":"Warquignies","column_3":3.8223517,"column_4":50.4002638,"municipality_name_french":"Colfontaine","arrondissement":"Arrondissement de Mons","province":"Province du Hainaut"}},{"type":"Feature","geometry":{"type":"Point","coordinates":[3.7661218,50.4311514]},"properties":{"column_1":"7350","column_2":"Hainin","column_3":3.7661218,"column_4":50.4311514,"municipality_name_french":"Hensies","arrondissement":"Arrondissement de Mons","province":"Province du Hainaut"}},{"type":"Feature","geometry":{"type":"Point","coordinates":[3.7393229,50.4292832]},"properties":{"column_1":"7350","column_2":"Thulin","column_3":3.7393229,"column_4":50.4292832,"municipality_name_french":"Hensies","arrondissement":"Arrondissement de Mons","province":"Province du Hainaut"}},{"type":"Feature","geometry":{"type":"Point","coordinates":[3.8051335,50.3729779]},"properties":{"column_1":"7370","column_2":"Blaugies","column_3":3.8051335,"column_4":50.3729779,"municipality_name_french":"Dour","arrondissement":"Arrondissement de Mons","province":"Province du Hainaut"}},{"type":"Feature","geometry":{"type":"Point","coordinates":[3.7521047,50.4036968]},"properties":{"column_1":"7370","column_2":"Elouges","column_3":3.7521047,"column_4":50.4036968,"municipality_name_french":"Dour","arrondissement":"Arrondissement de Mons","province":"Province du Hainaut"}},{"type":"Feature","geometry":{"type":"Point","coordinates":[3.7177788,50.3830135]},"properties":{"column_1":"7382","column_2":"Audregnies","column_3":3.7177788,"column_4":50.3830135,"municipality_name_french":"Qui\u00e9vrain","arrondissement":"Arrondissement de Mons","province":"Province du Hainaut"}},{"type":"Feature","geometry":{"type":"Point","coordinates":[3.731019,50.352089]},"properties":{"column_1":"7387","column_2":"Honnelles","column_3":3.731019,"column_4":50.352089,"municipality_name_french":"Honnelles","arrondissement":"Arrondissement de Mons","province":"Province du Hainaut"}},{"type":"Feature","geometry":{"type":"Point","coordinates":[3.71633,50.363513]},"properties":{"column_1":"7387","column_2":"Onnezies","column_3":3.71633,"column_4":50.363513,"municipality_name_french":"Honnelles","arrondissement":"Arrondissement de Mons","province":"Province du Hainaut"}},{"type":"Feature","geometry":{"type":"Point","coordinates":[3.3492864,50.6049549]},"properties":{"column_1":"7501","column_2":"Orcq","column_3":3.3492864,"column_4":50.6049549,"municipality_name_french":"Tournai","arrondissement":"Arrondissement de Tournai-Mouscron","province":"Province du Hainaut"}},{"type":"Feature","geometry":{"type":"Point","coordinates":[3.4212542,50.5885516]},"properties":{"column_1":"7521","column_2":"Chercq","column_3":3.4212542,"column_4":50.5885516,"municipality_name_french":"Tournai","arrondissement":"Arrondissement de Tournai-Mouscron","province":"Province du Hainaut"}},{"type":"Feature","geometry":{"type":"Point","coordinates":[3.5028761,50.6217774]},"properties":{"column_1":"7532","column_2":"Beclers","column_3":3.5028761,"column_4":50.6217774,"municipality_name_french":"Tournai","arrondissement":"Arrondissement de Tournai-Mouscron","province":"Province du Hainaut"}},{"type":"Feature","geometry":{"type":"Point","coordinates":[3.5102508,50.6349458]},"properties":{"column_1":"7533","column_2":"Thimougies","column_3":3.5102508,"column_4":50.6349458,"municipality_name_french":"Tournai","arrondissement":"Arrondissement de Tournai-Mouscron","province":"Province du Hainaut"}},{"type":"Feature","geometry":{"type":"Point","coordinates":[3.426172,50.589889]},"properties":{"column_1":"7536","column_2":"Vaulx","column_3":3.426172,"column_4":50.589889,"municipality_name_french":"Tournai","arrondissement":"Arrondissement de Tournai-Mouscron","province":"Province du Hainaut"}},{"type":"Feature","geometry":{"type":"Point","coordinates":[3.5908864,50.5097897]},"properties":{"column_1":"7600","column_2":"P\u00e9ruwelz","column_3":3.5908864,"column_4":50.5097897,"municipality_name_french":"P\u00e9ruwelz","arrondissement":"Arrondissement de Tournai-Mouscron","province":"Province du Hainaut"}},{"type":"Feature","geometry":{"type":"Point","coordinates":[3.5828589,50.5523518]},"properties":{"column_1":"7604","column_2":"Braffe","column_3":3.5828589,"column_4":50.5523518,"municipality_name_french":"P\u00e9ruwelz","arrondissement":"Arrondissement de Tournai-Mouscron","province":"Province du Hainaut"}},{"type":"Feature","geometry":{"type":"Point","coordinates":[3.5253447,50.5297342]},"properties":{"column_1":"7604","column_2":"Callenelle","column_3":3.5253447,"column_4":50.5297342,"municipality_name_french":"P\u00e9ruwelz","arrondissement":"Arrondissement de Tournai-Mouscron","province":"Province du Hainaut"}},{"type":"Feature","geometry":{"type":"Point","coordinates":[3.3010202,50.5298416]},"properties":{"column_1":"7611","column_2":"La Glanerie","column_3":3.3010202,"column_4":50.5298416,"municipality_name_french":"Rumes","arrondissement":"Arrondissement de Tournai-Mouscron","province":"Province du Hainaut"}},{"type":"Feature","geometry":{"type":"Point","coordinates":[3.4155171,50.5131151]},"properties":{"column_1":"7620","column_2":"Bl\u00e9haries","column_3":3.4155171,"column_4":50.5131151,"municipality_name_french":"Brunehaut","arrondissement":"Arrondissement de Tournai-Mouscron","province":"Province du Hainaut"}},{"type":"Feature","geometry":{"type":"Point","coordinates":[3.4271843,50.5421847]},"properties":{"column_1":"7620","column_2":"Hollain","column_3":3.4271843,"column_4":50.5421847,"municipality_name_french":"Brunehaut","arrondissement":"Arrondissement de Tournai-Mouscron","province":"Province du Hainaut"}},{"type":"Feature","geometry":{"type":"Point","coordinates":[3.426992,50.557403]},"properties":{"column_1":"7641","column_2":"Bruyelle","column_3":3.426992,"column_4":50.557403,"municipality_name_french":"Antoing","arrondissement":"Arrondissement de Tournai-Mouscron","province":"Province du Hainaut"}},{"type":"Feature","geometry":{"type":"Point","coordinates":[3.473373,50.567887]},"properties":{"column_1":"7643","column_2":"Fontenoy","column_3":3.473373,"column_4":50.567887,"municipality_name_french":"Antoing","arrondissement":"Arrondissement de Tournai-Mouscron","province":"Province du Hainaut"}},{"type":"Feature","geometry":{"type":"Point","coordinates":[3.3037301,50.7273981]},"properties":{"column_1":"7711","column_2":"Dottignies","column_3":3.3037301,"column_4":50.7273981,"municipality_name_french":"Mouscron","arrondissement":"Arrondissement de Tournai-Mouscron","province":"Province du Hainaut"}},{"type":"Feature","geometry":{"type":"Point","coordinates":[3.3180722,50.6826198]},"properties":{"column_1":"7730","column_2":"Estaimbourg","column_3":3.3180722,"column_4":50.6826198,"municipality_name_french":"Estaimpuis","arrondissement":"Arrondissement de Tournai-Mouscron","province":"Province du Hainaut"}},{"type":"Feature","geometry":{"type":"Point","coordinates":[3.2703911,50.6875576]},"properties":{"column_1":"7730","column_2":"Leers-Nord","column_3":3.2703911,"column_4":50.6875576,"municipality_name_french":"Estaimpuis","arrondissement":"Arrondissement de Tournai-Mouscron","province":"Province du Hainaut"}},{"type":"Feature","geometry":{"type":"Point","coordinates":[3.2690175,50.6669438]},"properties":{"column_1":"7730","column_2":"N\u00e9chin","column_3":3.2690175,"column_4":50.6669438,"municipality_name_french":"Estaimpuis","arrondissement":"Arrondissement de Tournai-Mouscron","province":"Province du Hainaut"}},{"type":"Feature","geometry":{"type":"Point","coordinates":[3.3451985,50.702173]},"properties":{"column_1":"7740","column_2":"Warcoing","column_3":3.3451985,"column_4":50.702173,"municipality_name_french":"Pecq","arrondissement":"Arrondissement de Tournai-Mouscron","province":"Province du Hainaut"}},{"type":"Feature","geometry":{"type":"Point","coordinates":[3.4294567,50.6930043]},"properties":{"column_1":"7760","column_2":"Molenbaix","column_3":3.4294567,"column_4":50.6930043,"municipality_name_french":"Celles","arrondissement":"Arrondissement de Tournai-Mouscron","province":"Province du Hainaut"}},{"type":"Feature","geometry":{"type":"Point","coordinates":[3.7836911,50.660198]},"properties":{"column_1":"7804","column_2":"Rebaix","column_3":3.7836911,"column_4":50.660198,"municipality_name_french":"Ath","arrondissement":"Arrondissement d\u2019Ath","province":"Province du Hainaut"}},{"type":"Feature","geometry":{"type":"Point","coordinates":[3.7054981,50.6222783]},"properties":{"column_1":"7812","column_2":"Ligne","column_3":3.7054981,"column_4":50.6222783,"municipality_name_french":"Ath","arrondissement":"Arrondissement d\u2019Ath","province":"Province du Hainaut"}},{"type":"Feature","geometry":{"type":"Point","coordinates":[3.875818,50.6566864]},"properties":{"column_1":"7822","column_2":"Ghislenghien","column_3":3.875818,"column_4":50.6566864,"municipality_name_french":"Ath","arrondissement":"Arrondissement d\u2019Ath","province":"Province du Hainaut"}},{"type":"Feature","geometry":{"type":"Point","coordinates":[3.9360497,50.6724203]},"properties":{"column_1":"7830","column_2":"Bassilly","column_3":3.9360497,"column_4":50.6724203,"municipality_name_french":"Silly","arrondissement":"Arrondissement d\u2019Ath","province":"Province du Hainaut"}},{"type":"Feature","geometry":{"type":"Point","coordinates":[3.9118667,50.627067]},"properties":{"column_1":"7830","column_2":"Gondregnies","column_3":3.9118667,"column_4":50.627067,"municipality_name_french":"Silly","arrondissement":"Arrondissement d\u2019Ath","province":"Province du Hainaut"}},{"type":"Feature","geometry":{"type":"Point","coordinates":[3.9967288,50.6311726]},"properties":{"column_1":"7830","column_2":"Graty","column_3":3.9967288,"column_4":50.6311726,"municipality_name_french":"Silly","arrondissement":"Arrondissement d\u2019Ath","province":"Province du Hainaut"}},{"type":"Feature","geometry":{"type":"Point","coordinates":[4.0358365,50.6717098]},"properties":{"column_1":"7830","column_2":"Hoves","column_3":4.0358365,"column_4":50.6717098,"municipality_name_french":"Silly","arrondissement":"Arrondissement d\u2019Ath","province":"Province du Hainaut"}},{"type":"Feature","geometry":{"type":"Point","coordinates":[3.9509699,50.6101161]},"properties":{"column_1":"7830","column_2":"Thoricourt","column_3":3.9509699,"column_4":50.6101161,"municipality_name_french":"Silly","arrondissement":"Arrondissement d\u2019Ath","province":"Province du Hainaut"}},{"type":"Feature","geometry":{"type":"Point","coordinates":[4.0406912,50.6927553]},"properties":{"column_1":"7850","column_2":"Enghien","column_3":4.0406912,"column_4":50.6927553,"municipality_name_french":"Silly","arrondissement":"Arrondissement d\u2019Ath","province":"Province du Hainaut"}},{"type":"Feature","geometry":{"type":"Point","coordinates":[3.8094385,50.7283427]},"properties":{"column_1":"7863","column_2":"Ghoy","column_3":3.8094385,"column_4":50.7283427,"municipality_name_french":"Lessines","arrondissement":"Arrondissement d\u2019Ath","province":"Province du Hainaut"}},{"type":"Feature","geometry":{"type":"Point","coordinates":[3.8522036,50.7307336]},"properties":{"column_1":"7864","column_2":"Deux-Acren","column_3":3.8522036,"column_4":50.7307336,"municipality_name_french":"Lessines","arrondissement":"Arrondissement d\u2019Ath","province":"Province du Hainaut"}},{"type":"Feature","geometry":{"type":"Point","coordinates":[3.8537045,50.5701441]},"properties":{"column_1":"7870","column_2":"Bauffe","column_3":3.8537045,"column_4":50.5701441,"municipality_name_french":"Lens","arrondissement":"Arrondissement de Mons","province":"Province du Hainaut"}},{"type":"Feature","geometry":{"type":"Point","coordinates":[3.9162237,50.5827811]},"properties":{"column_1":"7870","column_2":"Cambron-Saint-Vincent","column_3":3.9162237,"column_4":50.5827811,"municipality_name_french":"Lens","arrondissement":"Arrondissement de Mons","province":"Province du Hainaut"}},{"type":"Feature","geometry":{"type":"Point","coordinates":[3.9005461,50.5570816]},"properties":{"column_1":"7870","column_2":"Lens","column_3":3.9005461,"column_4":50.5570816,"municipality_name_french":"Lens","arrondissement":"Arrondissement de Mons","province":"Province du Hainaut"}},{"type":"Feature","geometry":{"type":"Point","coordinates":[3.7378707,50.7371675]},"properties":{"column_1":"7880","column_2":"Flobecq","column_3":3.7378707,"column_4":50.7371675,"municipality_name_french":"Flobecq","arrondissement":"Arrondissement d\u2019Ath","province":"Province du Hainaut"}},{"type":"Feature","geometry":{"type":"Point","coordinates":[3.7246735,50.69558]},"properties":{"column_1":"7890","column_2":"Lahamaide","column_3":3.7246735,"column_4":50.69558,"municipality_name_french":"Ellezelles","arrondissement":"Arrondissement d\u2019Ath","province":"Province du Hainaut"}},{"type":"Feature","geometry":{"type":"Point","coordinates":[3.6085857,50.6179826]},"properties":{"column_1":"7901","column_2":"Thieulain","column_3":3.6085857,"column_4":50.6179826,"municipality_name_french":"Leuze-en-Hainaut","arrondissement":"Arrondissement de Tournai-Mouscron","province":"Province du Hainaut"}},{"type":"Feature","geometry":{"type":"Point","coordinates":[3.5617225,50.6817661]},"properties":{"column_1":"7910","column_2":"Anvaing","column_3":3.5617225,"column_4":50.6817661,"municipality_name_french":"Frasnes-lez-Anvaing","arrondissement":"Arrondissement d\u2019Ath","province":"Province du Hainaut"}},{"type":"Feature","geometry":{"type":"Point","coordinates":[3.5489704,50.7282535]},"properties":{"column_1":"7910","column_2":"Arc-Wattripont","column_3":3.5489704,"column_4":50.7282535,"municipality_name_french":"Frasnes-lez-Anvaing","arrondissement":"Arrondissement d\u2019Ath","province":"Province du Hainaut"}},{"type":"Feature","geometry":{"type":"Point","coordinates":[3.5489704,50.7282535]},"properties":{"column_1":"7910","column_2":"Wattripont","column_3":3.5489704,"column_4":50.7282535,"municipality_name_french":"Frasnes-lez-Anvaing","arrondissement":"Arrondissement d\u2019Ath","province":"Province du Hainaut"}},{"type":"Feature","geometry":{"type":"Point","coordinates":[3.5938505,50.6522435]},"properties":{"column_1":"7911","column_2":"Hacquegnies","column_3":3.5938505,"column_4":50.6522435,"municipality_name_french":"Frasnes-lez-Anvaing","arrondissement":"Arrondissement d\u2019Ath","province":"Province du Hainaut"}},{"type":"Feature","geometry":{"type":"Point","coordinates":[3.8807488,50.5885597]},"properties":{"column_1":"7940","column_2":"Cambron-Casteau","column_3":3.8807488,"column_4":50.5885597,"municipality_name_french":"Brugelette","arrondissement":"Arrondissement d\u2019Ath","province":"Province du Hainaut"}},{"type":"Feature","geometry":{"type":"Point","coordinates":[3.7361279,50.5479197]},"properties":{"column_1":"7970","column_2":"Beloeil","column_3":3.7361279,"column_4":50.5479197,"municipality_name_french":"Bel\u0153il","arrondissement":"Arrondissement d\u2019Ath","province":"Province du Hainaut"}},{"type":"Feature","geometry":{"type":"Point","coordinates":[3.1606518,51.1048944]},"properties":{"column_1":"8210","column_2":"Veldegem","column_3":3.1606518,"column_4":51.1048944,"municipality_name_french":null,"arrondissement":"Arrondissement de Bruges","province":"Province de Flandre occidentale"}},{"type":"Feature","geometry":{"type":"Point","coordinates":[3.2702133,51.3396066]},"properties":{"column_1":"8300","column_2":"Knokke-Heist","column_3":3.2702133,"column_4":51.3396066,"municipality_name_french":null,"arrondissement":"Arrondissement de Bruges","province":"Province de Flandre occidentale"}},{"type":"Feature","geometry":{"type":"Point","coordinates":[3.2506508,51.2142018]},"properties":{"column_1":"8310","column_2":"Sint-Kruis","column_3":3.2506508,"column_4":51.2142018,"municipality_name_french":null,"arrondissement":"Arrondissement de Bruges","province":"Province de Flandre occidentale"}},{"type":"Feature","geometry":{"type":"Point","coordinates":[2.8063401225473,51.18331695]},"properties":{"column_1":"8430","column_2":"Middelkerke","column_3":2.8063401225473,"column_4":51.18331695,"municipality_name_french":null,"arrondissement":"Arrondissement d\u2019Ostende","province":"Province de Flandre occidentale"}},{"type":"Feature","geometry":{"type":"Point","coordinates":[2.8859081205773,51.1228258]},"properties":{"column_1":"8433","column_2":"Sint-Pieters-Kapelle","column_3":2.8859081205773,"column_4":51.1228258,"municipality_name_french":null,"arrondissement":"Arrondissement d\u2019Ostende","province":"Province de Flandre occidentale"}},{"type":"Feature","geometry":{"type":"Point","coordinates":[3.0384504834689,51.19765475]},"properties":{"column_1":"8460","column_2":"Ettelgem","column_3":3.0384504834689,"column_4":51.19765475,"municipality_name_french":null,"arrondissement":"Arrondissement d\u2019Ostende","province":"Province de Flandre occidentale"}},{"type":"Feature","geometry":{"type":"Point","coordinates":[3.0061089520182,51.20118315]},"properties":{"column_1":"8460","column_2":"Oudenburg","column_3":3.0061089520182,"column_4":51.20118315,"municipality_name_french":null,"arrondissement":"Arrondissement d\u2019Ostende","province":"Province de Flandre occidentale"}},{"type":"Feature","geometry":{"type":"Point","coordinates":[2.9016605351732,51.1381923]},"properties":{"column_1":"8470","column_2":"Zevekote","column_3":2.9016605351732,"column_4":51.1381923,"municipality_name_french":null,"arrondissement":"Arrondissement d\u2019Ostende","province":"Province de Flandre occidentale"}},{"type":"Feature","geometry":{"type":"Point","coordinates":[3.0296222129927,51.08742745]},"properties":{"column_1":"8480","column_2":"Ichtegem","column_3":3.0296222129927,"column_4":51.08742745,"municipality_name_french":null,"arrondissement":"Arrondissement d\u2019Ostende","province":"Province de Flandre occidentale"}},{"type":"Feature","geometry":{"type":"Point","coordinates":[3.1361350320817,51.19920035]},"properties":{"column_1":"8490","column_2":"Varsenare","column_3":3.1361350320817,"column_4":51.19920035,"municipality_name_french":null,"arrondissement":"Arrondissement de Bruges","province":"Province de Flandre occidentale"}},{"type":"Feature","geometry":{"type":"Point","coordinates":[3.2800137,50.7781502]},"properties":{"column_1":"8510","column_2":"Bellegem","column_3":3.2800137,"column_4":50.7781502,"municipality_name_french":null,"arrondissement":"Arrondissement de Courtrai","province":"Province de Flandre occidentale"}},{"type":"Feature","geometry":{"type":"Point","coordinates":[3.3261001,50.739664]},"properties":{"column_1":"8510","column_2":"Kooigem","column_3":3.3261001,"column_4":50.739664,"municipality_name_french":null,"arrondissement":"Arrondissement de Courtrai","province":"Province de Flandre occidentale"}},{"type":"Feature","geometry":{"type":"Point","coordinates":[3.2564730180436,50.77232975]},"properties":{"column_1":"8510","column_2":"Rollegem","column_3":3.2564730180436,"column_4":50.77232975,"municipality_name_french":null,"arrondissement":"Arrondissement de Courtrai","province":"Province de Flandre occidentale"}},{"type":"Feature","geometry":{"type":"Point","coordinates":[3.4468985313677,50.7754997]},"properties":{"column_1":"8580","column_2":"Avelgem","column_3":3.4468985313677,"column_4":50.7754997,"municipality_name_french":null,"arrondissement":"Arrondissement de Courtrai","province":"Province de Flandre occidentale"}},{"type":"Feature","geometry":{"type":"Point","coordinates":[3.4854202,50.7903789]},"properties":{"column_1":"8581","column_2":"Waarmaarde","column_3":3.4854202,"column_4":50.7903789,"municipality_name_french":null,"arrondissement":"Arrondissement de Courtrai","province":"Province de Flandre occidentale"}},{"type":"Feature","geometry":{"type":"Point","coordinates":[3.3465264652837,50.72568025]},"properties":{"column_1":"8587","column_2":"Espierres-Helchin","column_3":3.3465264652837,"column_4":50.72568025,"municipality_name_french":"Espierres-Helchin","arrondissement":"Arrondissement de Courtrai","province":"Province de Flandre occidentale"}},{"type":"Feature","geometry":{"type":"Point","coordinates":[2.8647185,51.0333408]},"properties":{"column_1":"8600","column_2":"Diksmuide","column_3":2.8647185,"column_4":51.0333408,"municipality_name_french":null,"arrondissement":"Arrondissement de Dixmude","province":"Province de Flandre occidentale"}},{"type":"Feature","geometry":{"type":"Point","coordinates":[3.9855229,50.7059709]},"properties":{"column_1":"8600","column_2":"Driekapellen","column_3":3.9855229,"column_4":50.7059709,"municipality_name_french":null,"arrondissement":"Arrondissement de Hal-Vilvorde","province":"Province du Brabant flamand"}},{"type":"Feature","geometry":{"type":"Point","coordinates":[2.7703028703735,51.0396362]},"properties":{"column_1":"8600","column_2":"Lampernisse","column_3":2.7703028703735,"column_4":51.0396362,"municipality_name_french":null,"arrondissement":"Arrondissement de Dixmude","province":"Province de Flandre occidentale"}},{"type":"Feature","geometry":{"type":"Point","coordinates":[2.5953950379549,51.03587905]},"properties":{"column_1":"8630","column_2":"De Moeren","column_3":2.5953950379549,"column_4":51.03587905,"municipality_name_french":null,"arrondissement":"Arrondissement de Furnes","province":"Province de Flandre occidentale"}},{"type":"Feature","geometry":{"type":"Point","coordinates":[2.7205508961772,50.9103823]},"properties":{"column_1":"8640","column_2":"Westvleteren","column_3":2.7205508961772,"column_4":50.9103823,"municipality_name_french":null,"arrondissement":"Arrondissement d\u2019Ypres","province":"Province de Flandre occidentale"}},{"type":"Feature","geometry":{"type":"Point","coordinates":[2.7643391,50.9638066]},"properties":{"column_1":"8647","column_2":"Lo-Reninge","column_3":2.7643391,"column_4":50.9638066,"municipality_name_french":null,"arrondissement":"Arrondissement de Dixmude","province":"Province de Flandre occidentale"}},{"type":"Feature","geometry":{"type":"Point","coordinates":[2.7198585358008,50.9726562]},"properties":{"column_1":"8647","column_2":"Pollinkhove","column_3":2.7198585358008,"column_4":50.9726562,"municipality_name_french":null,"arrondissement":"Arrondissement de Dixmude","province":"Province de Flandre occidentale"}},{"type":"Feature","geometry":{"type":"Point","coordinates":[2.9155135952546,50.99044185]},"properties":{"column_1":"8650","column_2":"Klerken","column_3":2.9155135952546,"column_4":50.99044185,"municipality_name_french":null,"arrondissement":"Arrondissement de Dixmude","province":"Province de Flandre occidentale"}},{"type":"Feature","geometry":{"type":"Point","coordinates":[2.7073119164927,51.09779175]},"properties":{"column_1":"8670","column_2":"Wulpen","column_3":2.7073119164927,"column_4":51.09779175,"municipality_name_french":null,"arrondissement":"Arrondissement de Furnes","province":"Province de Flandre occidentale"}},{"type":"Feature","geometry":{"type":"Point","coordinates":[2.9682187344976,51.0911765]},"properties":{"column_1":"8680","column_2":"Koekelare","column_3":2.9682187344976,"column_4":51.0911765,"municipality_name_french":null,"arrondissement":"Arrondissement de Dixmude","province":"Province de Flandre occidentale"}},{"type":"Feature","geometry":{"type":"Point","coordinates":[2.7051716,51.0235332]},"properties":{"column_1":"8690","column_2":"Oeren","column_3":2.7051716,"column_4":51.0235332,"municipality_name_french":null,"arrondissement":"Arrondissement de Furnes","province":"Province de Flandre occidentale"}},{"type":"Feature","geometry":{"type":"Point","coordinates":[2.6881434,50.9945231]},"properties":{"column_1":"8690","column_2":"Sint-Rijkers","column_3":2.6881434,"column_4":50.9945231,"municipality_name_french":null,"arrondissement":"Arrondissement de Furnes","province":"Province de Flandre occidentale"}},{"type":"Feature","geometry":{"type":"Point","coordinates":[2.6727552,50.9761749]},"properties":{"column_1":"8691","column_2":"Gijverinkhove","column_3":2.6727552,"column_4":50.9761749,"municipality_name_french":null,"arrondissement":"Arrondissement de Furnes","province":"Province de Flandre occidentale"}},{"type":"Feature","geometry":{"type":"Point","coordinates":[3.3414263284671,50.99996475]},"properties":{"column_1":"8700","column_2":"Tielt","column_3":3.3414263284671,"column_4":50.99996475,"municipality_name_french":null,"arrondissement":"Arrondissement de Tielt","province":"Province de Flandre occidentale"}},{"type":"Feature","geometry":{"type":"Point","coordinates":[3.3144732597608,51.12774395]},"properties":{"column_1":"8730","column_2":"Beernem","column_3":3.3144732597608,"column_4":51.12774395,"municipality_name_french":null,"arrondissement":"Arrondissement de Bruges","province":"Province de Flandre occidentale"}},{"type":"Feature","geometry":{"type":"Point","coordinates":[3.3441122702909,51.166016]},"properties":{"column_1":"8730","column_2":"Oedelem","column_3":3.3441122702909,"column_4":51.166016,"municipality_name_french":null,"arrondissement":"Arrondissement de Bruges","province":"Province de Flandre occidentale"}},{"type":"Feature","geometry":{"type":"Point","coordinates":[3.3646568393591,51.125095]},"properties":{"column_1":"8730","column_2":"Sint-Joris","column_3":3.3646568393591,"column_4":51.125095,"municipality_name_french":null,"arrondissement":"Arrondissement de Bruges","province":"Province de Flandre occidentale"}},{"type":"Feature","geometry":{"type":"Point","coordinates":[3.2617189739329,50.92196635]},"properties":{"column_1":"8770","column_2":"Ingelmunster","column_3":3.2617189739329,"column_4":50.92196635,"municipality_name_french":null,"arrondissement":"Arrondissement de Roulers","province":"Province de Flandre occidentale"}},{"type":"Feature","geometry":{"type":"Point","coordinates":[3.3468206372996,50.93434535]},"properties":{"column_1":"8780","column_2":"Oostrozebeke","column_3":3.3468206372996,"column_4":50.93434535,"municipality_name_french":null,"arrondissement":"Arrondissement de Tielt","province":"Province de Flandre occidentale"}},{"type":"Feature","geometry":{"type":"Point","coordinates":[3.1223026883986,50.91511475]},"properties":{"column_1":"8800","column_2":"Rumbeke","column_3":3.1223026883986,"column_4":50.91511475,"municipality_name_french":null,"arrondissement":"Arrondissement de Roulers","province":"Province de Flandre occidentale"}},{"type":"Feature","geometry":{"type":"Point","coordinates":[3.0913072045454,51.0585915]},"properties":{"column_1":"8820","column_2":"Torhout","column_3":3.0913072045454,"column_4":51.0585915,"municipality_name_french":null,"arrondissement":"Arrondissement de Bruges","province":"Province de Flandre occidentale"}},{"type":"Feature","geometry":{"type":"Point","coordinates":[3.0095525945894,50.933009]},"properties":{"column_1":"8840","column_2":"Westrozebeke","column_3":3.0095525945894,"column_4":50.933009,"municipality_name_french":null,"arrondissement":"Arrondissement de Roulers","province":"Province de Flandre occidentale"}},{"type":"Feature","geometry":{"type":"Point","coordinates":[3.2045936674459,50.97076545]},"properties":{"column_1":"8850","column_2":"Ardooie","column_3":3.2045936674459,"column_4":50.97076545,"municipality_name_french":null,"arrondissement":"Arrondissement de Tielt","province":"Province de Flandre occidentale"}},{"type":"Feature","geometry":{"type":"Point","coordinates":[3.2320134658174,50.8850661]},"properties":{"column_1":"8860","column_2":"Lendelede","column_3":3.2320134658174,"column_4":50.8850661,"municipality_name_french":null,"arrondissement":"Arrondissement de Courtrai","province":"Province de Flandre occidentale"}},{"type":"Feature","geometry":{"type":"Point","coordinates":[3.0732075972642,50.89006565]},"properties":{"column_1":"8890","column_2":"Moorslede","column_3":3.0732075972642,"column_4":50.89006565,"municipality_name_french":null,"arrondissement":"Arrondissement de Roulers","province":"Province de Flandre occidentale"}},{"type":"Feature","geometry":{"type":"Point","coordinates":[3.1658835832872,50.7743769]},"properties":{"column_1":"8930","column_2":"Rekkem","column_3":3.1658835832872,"column_4":50.7743769,"municipality_name_french":null,"arrondissement":"Arrondissement de Courtrai","province":"Province de Flandre occidentale"}},{"type":"Feature","geometry":{"type":"Point","coordinates":[2.8383675286243,50.7952131]},"properties":{"column_1":"8956","column_2":"Kemmel","column_3":2.8383675286243,"column_4":50.7952131,"municipality_name_french":null,"arrondissement":"Arrondissement d\u2019Ypres","province":"Province de Flandre occidentale"}},{"type":"Feature","geometry":{"type":"Point","coordinates":[2.9001214234264,50.7596526]},"properties":{"column_1":"8957","column_2":"Messines","column_3":2.9001214234264,"column_4":50.7596526,"municipality_name_french":"Messines","arrondissement":"Arrondissement d\u2019Ypres","province":"Province de Flandre occidentale"}},{"type":"Feature","geometry":{"type":"Point","coordinates":[2.7636029,50.8170498]},"properties":{"column_1":"8970","column_2":"Reningelst","column_3":2.7636029,"column_4":50.8170498,"municipality_name_french":null,"arrondissement":"Arrondissement d\u2019Ypres","province":"Province de Flandre occidentale"}},{"type":"Feature","geometry":{"type":"Point","coordinates":[2.9770015427192,50.8151226]},"properties":{"column_1":"8980","column_2":"Zandvoorde","column_3":2.9770015427192,"column_4":50.8151226,"municipality_name_french":null,"arrondissement":"Arrondissement d\u2019Ypres","province":"Province de Flandre occidentale"}},{"type":"Feature","geometry":{"type":"Point","coordinates":[3.6781210300259,51.0731177]},"properties":{"column_1":"9030","column_2":"Mariakerke","column_3":3.6781210300259,"column_4":51.0731177,"municipality_name_french":null,"arrondissement":"Arrondissement de Gand","province":"Province de Flandre orientale"}},{"type":"Feature","geometry":{"type":"Point","coordinates":[3.7034612746567,51.09349535]},"properties":{"column_1":"9032","column_2":"Wondelgem","column_3":3.7034612746567,"column_4":51.09349535,"municipality_name_french":null,"arrondissement":"Arrondissement de Gand","province":"Province de Flandre orientale"}},{"type":"Feature","geometry":{"type":"Point","coordinates":[3.8221384,51.1467255]},"properties":{"column_1":"9042","column_2":"Mendonk","column_3":3.8221384,"column_4":51.1467255,"municipality_name_french":null,"arrondissement":"Arrondissement de Gand","province":"Province de Flandre orientale"}},{"type":"Feature","geometry":{"type":"Point","coordinates":[3.8792625,51.0802144]},"properties":{"column_1":"9080","column_2":"Beervelde","column_3":3.8792625,"column_4":51.0802144,"municipality_name_french":null,"arrondissement":"Arrondissement de Gand","province":"Province de Flandre orientale"}},{"type":"Feature","geometry":{"type":"Point","coordinates":[3.7976423,50.9842505]},"properties":{"column_1":"9090","column_2":"Gontrode","column_3":3.7976423,"column_4":50.9842505,"municipality_name_french":null,"arrondissement":"Arrondissement de Gand","province":"Province de Flandre orientale"}},{"type":"Feature","geometry":{"type":"Point","coordinates":[3.7988833,51.00303]},"properties":{"column_1":"9090","column_2":"Melle","column_3":3.7988833,"column_4":51.00303,"municipality_name_french":null,"arrondissement":"Arrondissement de Gand","province":"Province de Flandre orientale"}},{"type":"Feature","geometry":{"type":"Point","coordinates":[4.2456374474582,51.3181461]},"properties":{"column_1":"9130","column_2":"Doel","column_3":4.2456374474582,"column_4":51.3181461,"municipality_name_french":null,"arrondissement":"Arrondissement de Saint-Nicolas","province":"Province de Flandre orientale"}},{"type":"Feature","geometry":{"type":"Point","coordinates":[4.2646567358993,51.1310863]},"properties":{"column_1":"9140","column_2":"Steendorp","column_3":4.2646567358993,"column_4":51.1310863,"municipality_name_french":null,"arrondissement":"Arrondissement de Saint-Nicolas","province":"Province de Flandre orientale"}},{"type":"Feature","geometry":{"type":"Point","coordinates":[4.0240412532131,51.2104744]},"properties":{"column_1":"9190","column_2":"Stekene","column_3":4.0240412532131,"column_4":51.2104744,"municipality_name_french":null,"arrondissement":"Arrondissement de Saint-Nicolas","province":"Province de Flandre orientale"}},{"type":"Feature","geometry":{"type":"Point","coordinates":[4.1025435644905,51.0533487]},"properties":{"column_1":"9200","column_2":"Grembergen","column_3":4.1025435644905,"column_4":51.0533487,"municipality_name_french":null,"arrondissement":"Arrondissement de Termonde","province":"Province de Flandre orientale"}},{"type":"Feature","geometry":{"type":"Point","coordinates":[4.0513674371884,51.0081807]},"properties":{"column_1":"9200","column_2":"Oudegem","column_3":4.0513674371884,"column_4":51.0081807,"municipality_name_french":null,"arrondissement":"Arrondissement de Termonde","province":"Province de Flandre orientale"}},{"type":"Feature","geometry":{"type":"Point","coordinates":[4.0842158,51.1097147]},"properties":{"column_1":"9250","column_2":"Waasmunster","column_3":4.0842158,"column_4":51.1097147,"municipality_name_french":null,"arrondissement":"Arrondissement de Termonde","province":"Province de Flandre orientale"}},{"type":"Feature","geometry":{"type":"Point","coordinates":[4.2213781726505,51.0286063]},"properties":{"column_1":"9255","column_2":"Opdorp","column_3":4.2213781726505,"column_4":51.0286063,"municipality_name_french":null,"arrondissement":"Arrondissement de Termonde","province":"Province de Flandre orientale"}},{"type":"Feature","geometry":{"type":"Point","coordinates":[3.928141226004,51.0102518]},"properties":{"column_1":"9260","column_2":"Schellebelle","column_3":3.928141226004,"column_4":51.0102518,"municipality_name_french":null,"arrondissement":"Arrondissement de Termonde","province":"Province de Flandre orientale"}},{"type":"Feature","geometry":{"type":"Point","coordinates":[3.8504738,51.029657]},"properties":{"column_1":"9270","column_2":"Laarne","column_3":3.8504738,"column_4":51.029657,"municipality_name_french":null,"arrondissement":"Arrondissement de Termonde","province":"Province de Flandre orientale"}},{"type":"Feature","geometry":{"type":"Point","coordinates":[4.0954432870762,51.0011357]},"properties":{"column_1":"9280","column_2":"Denderbelle","column_3":4.0954432870762,"column_4":51.0011357,"municipality_name_french":null,"arrondissement":"Arrondissement de Termonde","province":"Province de Flandre orientale"}},{"type":"Feature","geometry":{"type":"Point","coordinates":[3.9569121644559,51.05073005]},"properties":{"column_1":"9290","column_2":"Overmere","column_3":3.9569121644559,"column_4":51.05073005,"municipality_name_french":null,"arrondissement":"Arrondissement de Termonde","province":"Province de Flandre orientale"}},{"type":"Feature","geometry":{"type":"Point","coordinates":[4.0396424203486,50.9429755]},"properties":{"column_1":"9300","column_2":"Aalst","column_3":4.0396424203486,"column_4":50.9429755,"municipality_name_french":null,"arrondissement":"Arrondissement d\u2019Alost","province":"Province de Flandre orientale"}},{"type":"Feature","geometry":{"type":"Point","coordinates":[4.1400064082098,50.9559778]},"properties":{"column_1":"9310","column_2":"Baardegem","column_3":4.1400064082098,"column_4":50.9559778,"municipality_name_french":null,"arrondissement":"Arrondissement d\u2019Alost","province":"Province de Flandre orientale"}},{"type":"Feature","geometry":{"type":"Point","coordinates":[3.9521618,50.9605364]},"properties":{"column_1":"9340","column_2":"Impe","column_3":3.9521618,"column_4":50.9605364,"municipality_name_french":null,"arrondissement":"Arrondissement d\u2019Alost","province":"Province de Flandre orientale"}},{"type":"Feature","geometry":{"type":"Point","coordinates":[3.9570133,50.9741595]},"properties":{"column_1":"9340","column_2":"Wanzele","column_3":3.9570133,"column_4":50.9741595,"municipality_name_french":null,"arrondissement":"Arrondissement d\u2019Alost","province":"Province de Flandre orientale"}},{"type":"Feature","geometry":{"type":"Point","coordinates":[3.9454543,50.8254777]},"properties":{"column_1":"9400","column_2":"Voorde","column_3":3.9454543,"column_4":50.8254777,"municipality_name_french":null,"arrondissement":"Arrondissement d\u2019Alost","province":"Province de Flandre orientale"}},{"type":"Feature","geometry":{"type":"Point","coordinates":[3.9969451,50.8168641]},"properties":{"column_1":"9401","column_2":"Pollare","column_3":3.9969451,"column_4":50.8168641,"municipality_name_french":null,"arrondissement":"Arrondissement d\u2019Alost","province":"Province de Flandre orientale"}},{"type":"Feature","geometry":{"type":"Point","coordinates":[4.0606636,50.803005]},"properties":{"column_1":"9403","column_2":"Neigem","column_3":4.0606636,"column_4":50.803005,"municipality_name_french":null,"arrondissement":"Arrondissement d\u2019Alost","province":"Province de Flandre orientale"}},{"type":"Feature","geometry":{"type":"Point","coordinates":[4.0059338596505,50.878059]},"properties":{"column_1":"9450","column_2":"Denderhoutem","column_3":4.0059338596505,"column_4":50.878059,"municipality_name_french":null,"arrondissement":"Arrondissement d\u2019Alost","province":"Province de Flandre orientale"}},{"type":"Feature","geometry":{"type":"Point","coordinates":[3.9446436,51.1742698]},"properties":{"column_1":"9500","column_2":"Moerbeke","column_3":3.9446436,"column_4":51.1742698,"municipality_name_french":null,"arrondissement":"Arrondissement de Saint-Nicolas","province":"Province de Flandre orientale"}},{"type":"Feature","geometry":{"type":"Point","coordinates":[3.9040294677949,50.77876845]},"properties":{"column_1":"9500","column_2":"Onkerzele","column_3":3.9040294677949,"column_4":50.77876845,"municipality_name_french":null,"arrondissement":"Arrondissement d\u2019Alost","province":"Province de Flandre orientale"}},{"type":"Feature","geometry":{"type":"Point","coordinates":[3.897035,50.8218582]},"properties":{"column_1":"9500","column_2":"Ophasselt","column_3":3.897035,"column_4":50.8218582,"municipality_name_french":null,"arrondissement":"Arrondissement d\u2019Alost","province":"Province de Flandre orientale"}},{"type":"Feature","geometry":{"type":"Point","coordinates":[3.923884698906,50.7386591]},"properties":{"column_1":"9500","column_2":"Viane","column_3":3.923884698906,"column_4":50.7386591,"municipality_name_french":null,"arrondissement":"Arrondissement d\u2019Alost","province":"Province de Flandre orientale"}},{"type":"Feature","geometry":{"type":"Point","coordinates":[3.8521321366835,50.91972825]},"properties":{"column_1":"9520","column_2":"Sint-Lievens-Houtem","column_3":3.8521321366835,"column_4":50.91972825,"municipality_name_french":null,"arrondissement":"Arrondissement d\u2019Alost","province":"Province de Flandre orientale"}},{"type":"Feature","geometry":{"type":"Point","coordinates":[3.8812597,50.92696]},"properties":{"column_1":"9521","column_2":"Letterhoutem","column_3":3.8812597,"column_4":50.92696,"municipality_name_french":null,"arrondissement":"Arrondissement d\u2019Alost","province":"Province de Flandre orientale"}},{"type":"Feature","geometry":{"type":"Point","coordinates":[3.8873953834097,50.88830225]},"properties":{"column_1":"9550","column_2":"Herzele","column_3":3.8873953834097,"column_4":50.88830225,"municipality_name_french":null,"arrondissement":"Arrondissement d\u2019Alost","province":"Province de Flandre orientale"}},{"type":"Feature","geometry":{"type":"Point","coordinates":[3.8142328,50.8558332]},"properties":{"column_1":"9620","column_2":"Erwetegem","column_3":3.8142328,"column_4":50.8558332,"municipality_name_french":null,"arrondissement":"Arrondissement d\u2019Alost","province":"Province de Flandre orientale"}},{"type":"Feature","geometry":{"type":"Point","coordinates":[3.7998568349562,50.82512665]},"properties":{"column_1":"9620","column_2":"Sint-Maria-Oudenhove","column_3":3.7998568349562,"column_4":50.82512665,"municipality_name_french":null,"arrondissement":"Arrondissement d\u2019Alost","province":"Province de Flandre orientale"}},{"type":"Feature","geometry":{"type":"Point","coordinates":[3.8155460176798,50.86909165]},"properties":{"column_1":"9620","column_2":"Zottegem","column_3":3.8155460176798,"column_4":50.86909165,"municipality_name_french":null,"arrondissement":"Arrondissement d\u2019Alost","province":"Province de Flandre orientale"}},{"type":"Feature","geometry":{"type":"Point","coordinates":[3.7418503,50.9034583]},"properties":{"column_1":"9630","column_2":"Dikkele","column_3":3.7418503,"column_4":50.9034583,"municipality_name_french":null,"arrondissement":"Arrondissement d\u2019Audenarde","province":"Province de Flandre orientale"}},{"type":"Feature","geometry":{"type":"Point","coordinates":[3.6879894099711,50.8867594]},"properties":{"column_1":"9636","column_2":"Nederzwalm-Hermelgem","column_3":3.6879894099711,"column_4":50.8867594,"municipality_name_french":null,"arrondissement":"Arrondissement d\u2019Audenarde","province":"Province de Flandre orientale"}},{"type":"Feature","geometry":{"type":"Point","coordinates":[3.7617767441185,50.8052186]},"properties":{"column_1":"9660","column_2":"Nederbrakel","column_3":3.7617767441185,"column_4":50.8052186,"municipality_name_french":null,"arrondissement":"Arrondissement d\u2019Audenarde","province":"Province de Flandre orientale"}},{"type":"Feature","geometry":{"type":"Point","coordinates":[3.7170799912553,50.8135755]},"properties":{"column_1":"9660","column_2":"Zegelsem","column_3":3.7170799912553,"column_4":50.8135755,"municipality_name_french":null,"arrondissement":"Arrondissement d\u2019Audenarde","province":"Province de Flandre orientale"}},{"type":"Feature","geometry":{"type":"Point","coordinates":[3.6920346,50.8348628]},"properties":{"column_1":"9667","column_2":"Horebeke","column_3":3.6920346,"column_4":50.8348628,"municipality_name_french":null,"arrondissement":"Arrondissement d\u2019Audenarde","province":"Province de Flandre orientale"}},{"type":"Feature","geometry":{"type":"Point","coordinates":[3.6991826,50.8356339]},"properties":{"column_1":"9667","column_2":"Sint-Kornelis-Horebeke","column_3":3.6991826,"column_4":50.8356339,"municipality_name_french":null,"arrondissement":"Arrondissement d\u2019Audenarde","province":"Province de Flandre orientale"}},{"type":"Feature","geometry":{"type":"Point","coordinates":[3.6489314,50.807217]},"properties":{"column_1":"9680","column_2":"Maarke-Kerkem","column_3":3.6489314,"column_4":50.807217,"municipality_name_french":null,"arrondissement":"Arrondissement d\u2019Audenarde","province":"Province de Flandre orientale"}},{"type":"Feature","geometry":{"type":"Point","coordinates":[3.642779,50.7973072]},"properties":{"column_1":"9680","column_2":"Maarkedal","column_3":3.642779,"column_4":50.7973072,"municipality_name_french":null,"arrondissement":"Arrondissement d\u2019Audenarde","province":"Province de Flandre orientale"}},{"type":"Feature","geometry":{"type":"Point","coordinates":[3.604782,50.8442604]},"properties":{"column_1":"9700","column_2":"Oudenaarde","column_3":3.604782,"column_4":50.8442604,"municipality_name_french":null,"arrondissement":"Arrondissement d\u2019Audenarde","province":"Province de Flandre orientale"}},{"type":"Feature","geometry":{"type":"Point","coordinates":[3.5101135,50.8533808]},"properties":{"column_1":"9790","column_2":"Wortegem","column_3":3.5101135,"column_4":50.8533808,"municipality_name_french":null,"arrondissement":"Arrondissement d\u2019Audenarde","province":"Province de Flandre orientale"}},{"type":"Feature","geometry":{"type":"Point","coordinates":[3.6943144,50.9786614]},"properties":{"column_1":"9840","column_2":"Zevergem","column_3":3.6943144,"column_4":50.9786614,"municipality_name_french":null,"arrondissement":"Arrondissement de Gand","province":"Province de Flandre orientale"}},{"type":"Feature","geometry":{"type":"Point","coordinates":[3.7800022,50.9591122]},"properties":{"column_1":"9860","column_2":"Moortsele","column_3":3.7800022,"column_4":50.9591122,"municipality_name_french":null,"arrondissement":"Arrondissement de Gand","province":"Province de Flandre orientale"}},{"type":"Feature","geometry":{"type":"Point","coordinates":[3.4485632,50.9206638]},"properties":{"column_1":"9870","column_2":"Zulte","column_3":3.4485632,"column_4":50.9206638,"municipality_name_french":null,"arrondissement":"Arrondissement de Gand","province":"Province de Flandre orientale"}},{"type":"Feature","geometry":{"type":"Point","coordinates":[3.4596784,51.0497022]},"properties":{"column_1":"9880","column_2":"Lotenhulle","column_3":3.4596784,"column_4":51.0497022,"municipality_name_french":null,"arrondissement":"Arrondissement de Gand","province":"Province de Flandre orientale"}},{"type":"Feature","geometry":{"type":"Point","coordinates":[3.4455642,51.0414698]},"properties":{"column_1":"9880","column_2":"Poeke","column_3":3.4455642,"column_4":51.0414698,"municipality_name_french":null,"arrondissement":"Arrondissement de Gand","province":"Province de Flandre orientale"}},{"type":"Feature","geometry":{"type":"Point","coordinates":[3.6614192,50.9292335]},"properties":{"column_1":"9890","column_2":"Gavere","column_3":3.6614192,"column_4":50.9292335,"municipality_name_french":null,"arrondissement":"Arrondissement de Gand","province":"Province de Flandre orientale"}},{"type":"Feature","geometry":{"type":"Point","coordinates":[3.6845236,50.9459212]},"properties":{"column_1":"9890","column_2":"Vurste","column_3":3.6845236,"column_4":50.9459212,"municipality_name_french":null,"arrondissement":"Arrondissement de Gand","province":"Province de Flandre orientale"}},{"type":"Feature","geometry":{"type":"Point","coordinates":[3.5253176,51.150867]},"properties":{"column_1":"9931","column_2":"Oostwinkel","column_3":3.5253176,"column_4":51.150867,"municipality_name_french":null,"arrondissement":"Arrondissement de Gand","province":"Province de Flandre orientale"}},{"type":"Feature","geometry":{"type":"Point","coordinates":[3.7059614986083,51.2509311]},"properties":{"column_1":"9961","column_2":"Boekhoute","column_3":3.7059614986083,"column_4":51.2509311,"municipality_name_french":null,"arrondissement":"Arrondissement d\u2019Eeklo","province":"Province de Flandre orientale"}},{"type":"Feature","geometry":{"type":"Point","coordinates":[3.5374820679851,51.2330483]},"properties":{"column_1":"9980","column_2":"Sint-Laureins","column_3":3.5374820679851,"column_4":51.2330483,"municipality_name_french":null,"arrondissement":"Arrondissement d\u2019Eeklo","province":"Province de Flandre orientale"}},{"type":"Feature","geometry":{"type":"Point","coordinates":[4.351697,50.8465573]},"properties":{"column_1":"1000","column_2":"Bruxelles","column_3":4.351697,"column_4":50.8465573,"municipality_name_french":"Bruxelles","arrondissement":"Arrondissement de Bruxelles-Capitale","province":null}},{"type":"Feature","geometry":{"type":"Point","coordinates":[4.3737121,50.8676041]},"properties":{"column_1":"1030","column_2":"Schaerbeek","column_3":4.3737121,"column_4":50.8676041,"municipality_name_french":"Schaerbeek","arrondissement":"Arrondissement de Bruxelles-Capitale","province":null}},{"type":"Feature","geometry":{"type":"Point","coordinates":[4.3815707,50.8222854]},"properties":{"column_1":"1050","column_2":"Ixelles","column_3":4.3815707,"column_4":50.8222854,"municipality_name_french":"Ixelles","arrondissement":"Arrondissement de Bruxelles-Capitale","province":null}},{"type":"Feature","geometry":{"type":"Point","coordinates":[4.345668,50.8267409]},"properties":{"column_1":"1060","column_2":"Saint-Gilles","column_3":4.345668,"column_4":50.8267409,"municipality_name_french":"Saint-Gilles","arrondissement":"Arrondissement de Bruxelles-Capitale","province":null}},{"type":"Feature","geometry":{"type":"Point","coordinates":[4.3257084,50.8622633]},"properties":{"column_1":"1081","column_2":"Koekelberg","column_3":4.3257084,"column_4":50.8622633,"municipality_name_french":"Koekelberg","arrondissement":"Arrondissement de Bruxelles-Capitale","province":null}},{"type":"Feature","geometry":{"type":"Point","coordinates":[4.3904888684211,50.89779605]},"properties":{"column_1":"1120","column_2":"Neder-Over-Heembeek","column_3":4.3904888684211,"column_4":50.89779605,"municipality_name_french":"Bruxelles","arrondissement":"Arrondissement de Bruxelles-Capitale","province":null}},{"type":"Feature","geometry":{"type":"Point","coordinates":[4.3372348,50.8018201]},"properties":{"column_1":"1180","column_2":"Uccle","column_3":4.3372348,"column_4":50.8018201,"municipality_name_french":"Uccle","arrondissement":"Arrondissement de Bruxelles-Capitale","province":null}},{"type":"Feature","geometry":{"type":"Point","coordinates":[4.5738899,50.6930127]},"properties":{"column_1":"1300","column_2":"Limal","column_3":4.5738899,"column_4":50.6930127,"municipality_name_french":"Wavre","arrondissement":"Arrondissement de Nivelles","province":"Province du Brabant wallon"}},{"type":"Feature","geometry":{"type":"Point","coordinates":[4.7957745,50.681817]},"properties":{"column_1":"1315","column_2":"Opprebais","column_3":4.7957745,"column_4":50.681817,"municipality_name_french":"Incourt","arrondissement":"Arrondissement de Nivelles","province":"Province du Brabant wallon"}},{"type":"Feature","geometry":{"type":"Point","coordinates":[4.7433685,50.7311108]},"properties":{"column_1":"1315","column_2":"Pi\u00e8trebais","column_3":4.7433685,"column_4":50.7311108,"municipality_name_french":"Incourt","arrondissement":"Arrondissement de Nivelles","province":"Province du Brabant wallon"}},{"type":"Feature","geometry":{"type":"Point","coordinates":[4.6614812,50.7158849]},"properties":{"column_1":"1325","column_2":"Dion-Valmont","column_3":4.6614812,"column_4":50.7158849,"municipality_name_french":"Chaumont-Gistoux","arrondissement":"Arrondissement de Nivelles","province":"Province du Brabant wallon"}},{"type":"Feature","geometry":{"type":"Point","coordinates":[4.9792652,50.6740112]},"properties":{"column_1":"1350","column_2":"Jandrain-Jandrenouille","column_3":4.9792652,"column_4":50.6740112,"municipality_name_french":"Orp-Jauche","arrondissement":"Arrondissement de Nivelles","province":"Province du Brabant wallon"}},{"type":"Feature","geometry":{"type":"Point","coordinates":[4.9822395,50.7514034]},"properties":{"column_1":"1357","column_2":"H\u00e9l\u00e9cine","column_3":4.9822395,"column_4":50.7514034,"municipality_name_french":"H\u00e9l\u00e9cine","arrondissement":"Arrondissement de Nivelles","province":"Province du Brabant wallon"}},{"type":"Feature","geometry":{"type":"Point","coordinates":[4.9890154,50.7567681]},"properties":{"column_1":"1357","column_2":"Neerheylissem","column_3":4.9890154,"column_4":50.7567681,"municipality_name_french":"H\u00e9l\u00e9cine","arrondissement":"Arrondissement de Nivelles","province":"Province du Brabant wallon"}},{"type":"Feature","geometry":{"type":"Point","coordinates":[4.5004885,50.6927451]},"properties":{"column_1":"1380","column_2":"Lasne-Chapelle-Saint-Lambert","column_3":4.5004885,"column_4":50.6927451,"municipality_name_french":"Lasne","arrondissement":"Arrondissement de Nivelles","province":"Province du Brabant wallon"}},{"type":"Feature","geometry":{"type":"Point","coordinates":[4.6990692,50.7616193]},"properties":{"column_1":"1390","column_2":"Bossut-Gottechain","column_3":4.6990692,"column_4":50.7616193,"municipality_name_french":"Grez-Doiceau","arrondissement":"Arrondissement de Nivelles","province":"Province du Brabant wallon"}},{"type":"Feature","geometry":{"type":"Point","coordinates":[4.2649262209555,50.6048658]},"properties":{"column_1":"1404","column_2":"Bornival","column_3":4.2649262209555,"column_4":50.6048658,"municipality_name_french":"Nivelles","arrondissement":"Arrondissement de Nivelles","province":"Province du Brabant wallon"}},{"type":"Feature","geometry":{"type":"Point","coordinates":[4.3548145440335,50.6940942]},"properties":{"column_1":"1420","column_2":"Braine-L'alleud","column_3":4.3548145440335,"column_4":50.6940942,"municipality_name_french":"Braine-l'Alleud","arrondissement":"Arrondissement de Nivelles","province":"Province du Brabant wallon"}},{"type":"Feature","geometry":{"type":"Point","coordinates":[4.1627021400155,50.6719076]},"properties":{"column_1":"1430","column_2":"Quenast","column_3":4.1627021400155,"column_4":50.6719076,"municipality_name_french":"Rebecq","arrondissement":"Arrondissement de Nivelles","province":"Province du Brabant wallon"}},{"type":"Feature","geometry":{"type":"Point","coordinates":[4.6408286063936,50.6491686]},"properties":{"column_1":"1435","column_2":"Corbais","column_3":4.6408286063936,"column_4":50.6491686,"municipality_name_french":"Mont-Saint-Guibert","arrondissement":"Arrondissement de Nivelles","province":"Province du Brabant wallon"}},{"type":"Feature","geometry":{"type":"Point","coordinates":[4.6952241,50.6167794]},"properties":{"column_1":"1457","column_2":"Walhain-Saint-Paul","column_3":4.6952241,"column_4":50.6167794,"municipality_name_french":"Walhain","arrondissement":"Arrondissement de Nivelles","province":"Province du Brabant wallon"}},{"type":"Feature","geometry":{"type":"Point","coordinates":[4.516035801462,50.5640258]},"properties":{"column_1":"1495","column_2":"Villers-La-Ville","column_3":4.516035801462,"column_4":50.5640258,"municipality_name_french":"Villers-la-Ville","arrondissement":"Arrondissement de Nivelles","province":"Province du Brabant wallon"}},{"type":"Feature","geometry":{"type":"Point","coordinates":[4.2605080818496,50.73793415]},"properties":{"column_1":"1501","column_2":"Buizingen","column_3":4.2605080818496,"column_4":50.73793415,"municipality_name_french":null,"arrondissement":"Arrondissement de Hal-Vilvorde","province":"Province du Brabant flamand"}},{"type":"Feature","geometry":{"type":"Point","coordinates":[3.9985766720315,50.70721955]},"properties":{"column_1":"1541","column_2":"Sint-Pieters-Kapelle","column_3":3.9985766720315,"column_4":50.70721955,"municipality_name_french":null,"arrondissement":"Arrondissement de Hal-Vilvorde","province":"Province du Brabant flamand"}},{"type":"Feature","geometry":{"type":"Point","coordinates":[4.474407,50.7674846]},"properties":{"column_1":"1560","column_2":"Hoeilaart","column_3":4.474407,"column_4":50.7674846,"municipality_name_french":null,"arrondissement":"Arrondissement de Hal-Vilvorde","province":"Province du Brabant flamand"}},{"type":"Feature","geometry":{"type":"Point","coordinates":[4.1367803,50.7398062]},"properties":{"column_1":"1670","column_2":"Bogaarden","column_3":4.1367803,"column_4":50.7398062,"municipality_name_french":null,"arrondissement":"Arrondissement de Hal-Vilvorde","province":"Province du Brabant flamand"}},{"type":"Feature","geometry":{"type":"Point","coordinates":[4.2657299667643,50.84408625]},"properties":{"column_1":"1700","column_2":"Dilbeek","column_3":4.2657299667643,"column_4":50.84408625,"municipality_name_french":null,"arrondissement":"Arrondissement de Hal-Vilvorde","province":"Province du Brabant flamand"}},{"type":"Feature","geometry":{"type":"Point","coordinates":[4.195149072634,50.8363077]},"properties":{"column_1":"1703","column_2":"Schepdaal","column_3":4.195149072634,"column_4":50.8363077,"municipality_name_french":null,"arrondissement":"Arrondissement de Hal-Vilvorde","province":"Province du Brabant flamand"}},{"type":"Feature","geometry":{"type":"Point","coordinates":[4.1888025,50.7998923]},"properties":{"column_1":"1750","column_2":"Gaasbeek","column_3":4.1888025,"column_4":50.7998923,"municipality_name_french":null,"arrondissement":"Arrondissement de Hal-Vilvorde","province":"Province du Brabant flamand"}},{"type":"Feature","geometry":{"type":"Point","coordinates":[4.1145703,50.8405541]},"properties":{"column_1":"1760","column_2":"Strijtem","column_3":4.1145703,"column_4":50.8405541,"municipality_name_french":null,"arrondissement":"Arrondissement de Hal-Vilvorde","province":"Province du Brabant flamand"}},{"type":"Feature","geometry":{"type":"Point","coordinates":[4.0860754,50.8711313]},"properties":{"column_1":"1770","column_2":"Liedekerke","column_3":4.0860754,"column_4":50.8711313,"municipality_name_french":null,"arrondissement":"Arrondissement de Hal-Vilvorde","province":"Province du Brabant flamand"}},{"type":"Feature","geometry":{"type":"Point","coordinates":[4.3108723,50.9145955]},"properties":{"column_1":"1780","column_2":"Wemmel","column_3":4.3108723,"column_4":50.9145955,"municipality_name_french":"Wemmel","arrondissement":"Arrondissement de Hal-Vilvorde","province":"Province du Brabant flamand"}},{"type":"Feature","geometry":{"type":"Point","coordinates":[4.2658869,50.9277713]},"properties":{"column_1":"1785","column_2":"Brussegem","column_3":4.2658869,"column_4":50.9277713,"municipality_name_french":null,"arrondissement":"Arrondissement de Hal-Vilvorde","province":"Province du Brabant flamand"}},{"type":"Feature","geometry":{"type":"Point","coordinates":[4.4758811,50.9170725]},"properties":{"column_1":"1820","column_2":"Melsbroek","column_3":4.4758811,"column_4":50.9170725,"municipality_name_french":null,"arrondissement":"Arrondissement de Hal-Vilvorde","province":"Province du Brabant flamand"}},{"type":"Feature","geometry":{"type":"Point","coordinates":[4.2437819,51.0198436]},"properties":{"column_1":"1840","column_2":"Malderen","column_3":4.2437819,"column_4":51.0198436,"municipality_name_french":null,"arrondissement":"Arrondissement de Hal-Vilvorde","province":"Province du Brabant flamand"}},{"type":"Feature","geometry":{"type":"Point","coordinates":[4.3374964007802,51.0114961]},"properties":{"column_1":"1880","column_2":"Ramsdonk","column_3":4.3374964007802,"column_4":51.0114961,"municipality_name_french":null,"arrondissement":"Arrondissement de Hal-Vilvorde","province":"Province du Brabant flamand"}},{"type":"Feature","geometry":{"type":"Point","coordinates":[5.1521172,51.1695659]},"properties":{"column_1":"1910","column_2":"Berg","column_3":5.1521172,"column_4":51.1695659,"municipality_name_french":null,"arrondissement":"Arrondissement de Turnhout","province":"Province d\u2019Anvers"}},{"type":"Feature","geometry":{"type":"Point","coordinates":[4.5157438438279,50.85395875]},"properties":{"column_1":"1933","column_2":"Sterrebeek","column_3":4.5157438438279,"column_4":50.85395875,"municipality_name_french":null,"arrondissement":"Arrondissement de Hal-Vilvorde","province":"Province du Brabant flamand"}},{"type":"Feature","geometry":{"type":"Point","coordinates":[4.4556575,50.961429]},"properties":{"column_1":"1980","column_2":"Eppegem","column_3":4.4556575,"column_4":50.961429,"municipality_name_french":null,"arrondissement":"Arrondissement de Hal-Vilvorde","province":"Province du Brabant flamand"}},{"type":"Feature","geometry":{"type":"Point","coordinates":[4.5042526607237,50.9939033]},"properties":{"column_1":"1981","column_2":"Hofstade","column_3":4.5042526607237,"column_4":50.9939033,"municipality_name_french":null,"arrondissement":"Arrondissement de Hal-Vilvorde","province":"Province du Brabant flamand"}},{"type":"Feature","geometry":{"type":"Point","coordinates":[4.3997081,51.2211097]},"properties":{"column_1":"2000","column_2":"Antwerpen","column_3":4.3997081,"column_4":51.2211097,"municipality_name_french":null,"arrondissement":"Arrondissement d\u2019Anvers","province":"Province d\u2019Anvers"}},{"type":"Feature","geometry":{"type":"Point","coordinates":[4.3188693282188,51.23062085]},"properties":{"column_1":"2070","column_2":"Zwijndrecht","column_3":4.3188693282188,"column_4":51.23062085,"municipality_name_french":null,"arrondissement":"Arrondissement de Saint-Nicolas","province":"Province de Flandre orientale"}},{"type":"Feature","geometry":{"type":"Point","coordinates":[4.4695254092764,51.2115284]},"properties":{"column_1":"2100","column_2":"Deurne","column_3":4.4695254092764,"column_4":51.2115284,"municipality_name_french":null,"arrondissement":"Arrondissement d\u2019Anvers","province":"Province d\u2019Anvers"}},{"type":"Feature","geometry":{"type":"Point","coordinates":[4.7193765534389,51.06251415]},"properties":{"column_1":"2220","column_2":"Heist-Op-Den-Berg","column_3":4.7193765534389,"column_4":51.06251415,"municipality_name_french":null,"arrondissement":"Arrondissement de Malines","province":"Province d\u2019Anvers"}},{"type":"Feature","geometry":{"type":"Point","coordinates":[4.7885461,51.0753923]},"properties":{"column_1":"2235","column_2":"Hulshout","column_3":4.7885461,"column_4":51.0753923,"municipality_name_french":null,"arrondissement":"Arrondissement de Turnhout","province":"Province d\u2019Anvers"}},{"type":"Feature","geometry":{"type":"Point","coordinates":[4.6356924683019,51.19902125]},"properties":{"column_1":"2240","column_2":"Massenhoven","column_3":4.6356924683019,"column_4":51.19902125,"municipality_name_french":null,"arrondissement":"Arrondissement d\u2019Anvers","province":"Province d\u2019Anvers"}},{"type":"Feature","geometry":{"type":"Point","coordinates":[4.6503063,51.187272]},"properties":{"column_1":"2240","column_2":"Viersel","column_3":4.6503063,"column_4":51.187272,"municipality_name_french":null,"arrondissement":"Arrondissement d\u2019Anvers","province":"Province d\u2019Anvers"}},{"type":"Feature","geometry":{"type":"Point","coordinates":[4.6595103,51.2147918]},"properties":{"column_1":"2240","column_2":"Zandhoven","column_3":4.6595103,"column_4":51.2147918,"municipality_name_french":null,"arrondissement":"Arrondissement d\u2019Anvers","province":"Province d\u2019Anvers"}},{"type":"Feature","geometry":{"type":"Point","coordinates":[4.8729402,51.0880889]},"properties":{"column_1":"2260","column_2":"Zoerle-Parwijs","column_3":4.8729402,"column_4":51.0880889,"municipality_name_french":null,"arrondissement":"Arrondissement de Turnhout","province":"Province d\u2019Anvers"}},{"type":"Feature","geometry":{"type":"Point","coordinates":[4.8676797,51.26758]},"properties":{"column_1":"2275","column_2":"Gierle","column_3":4.8676797,"column_4":51.26758,"municipality_name_french":null,"arrondissement":"Arrondissement de Turnhout","province":"Province d\u2019Anvers"}},{"type":"Feature","geometry":{"type":"Point","coordinates":[4.7331618,51.3019209]},"properties":{"column_1":"2390","column_2":"Oostmalle","column_3":4.7331618,"column_4":51.3019209,"municipality_name_french":null,"arrondissement":"Arrondissement d\u2019Anvers","province":"Province d\u2019Anvers"}},{"type":"Feature","geometry":{"type":"Point","coordinates":[4.6713095211155,51.29940565]},"properties":{"column_1":"2390","column_2":"Westmalle","column_3":4.6713095211155,"column_4":51.29940565,"municipality_name_french":null,"arrondissement":"Arrondissement d\u2019Anvers","province":"Province d\u2019Anvers"}},{"type":"Feature","geometry":{"type":"Point","coordinates":[4.9903187,51.1610826]},"properties":{"column_1":"2440","column_2":"Geel","column_3":4.9903187,"column_4":51.1610826,"municipality_name_french":null,"arrondissement":"Arrondissement de Turnhout","province":"Province d\u2019Anvers"}},{"type":"Feature","geometry":{"type":"Point","coordinates":[5.1937730761009,51.171804]},"properties":{"column_1":"2490","column_2":"Balen","column_3":5.1937730761009,"column_4":51.171804,"municipality_name_french":null,"arrondissement":"Arrondissement de Turnhout","province":"Province d\u2019Anvers"}},{"type":"Feature","geometry":{"type":"Point","coordinates":[5.1648214462792,51.13368515]},"properties":{"column_1":"2491","column_2":"Olmen","column_3":5.1648214462792,"column_4":51.13368515,"municipality_name_french":null,"arrondissement":"Arrondissement de Turnhout","province":"Province d\u2019Anvers"}},{"type":"Feature","geometry":{"type":"Point","coordinates":[4.6033828110877,51.0929433]},"properties":{"column_1":"2500","column_2":"Koningshooikt","column_3":4.6033828110877,"column_4":51.0929433,"municipality_name_french":null,"arrondissement":"Arrondissement de Malines","province":"Province d\u2019Anvers"}},{"type":"Feature","geometry":{"type":"Point","coordinates":[4.5696516,51.131069]},"properties":{"column_1":"2500","column_2":"Lier","column_3":4.5696516,"column_4":51.131069,"municipality_name_french":null,"arrondissement":"Arrondissement de Malines","province":"Province d\u2019Anvers"}},{"type":"Feature","geometry":{"type":"Point","coordinates":[4.6047327,51.1625761]},"properties":{"column_1":"2520","column_2":"Emblem","column_3":4.6047327,"column_4":51.1625761,"municipality_name_french":null,"arrondissement":"Arrondissement d\u2019Anvers","province":"Province d\u2019Anvers"}},{"type":"Feature","geometry":{"type":"Point","coordinates":[4.5226229,51.1753099]},"properties":{"column_1":"2531","column_2":"Vremde","column_3":4.5226229,"column_4":51.1753099,"municipality_name_french":null,"arrondissement":"Arrondissement d\u2019Anvers","province":"Province d\u2019Anvers"}},{"type":"Feature","geometry":{"type":"Point","coordinates":[4.4922187,51.1268305]},"properties":{"column_1":"2547","column_2":"Lint","column_3":4.4922187,"column_4":51.1268305,"municipality_name_french":null,"arrondissement":"Arrondissement d\u2019Anvers","province":"Province d\u2019Anvers"}},{"type":"Feature","geometry":{"type":"Point","coordinates":[4.4456359,51.134377]},"properties":{"column_1":"2550","column_2":"Kontich","column_3":4.4456359,"column_4":51.134377,"municipality_name_french":null,"arrondissement":"Arrondissement d\u2019Anvers","province":"Province d\u2019Anvers"}},{"type":"Feature","geometry":{"type":"Point","coordinates":[4.5061988,51.0957176]},"properties":{"column_1":"2570","column_2":"Duffel","column_3":4.5061988,"column_4":51.0957176,"municipality_name_french":null,"arrondissement":"Arrondissement de Malines","province":"Province d\u2019Anvers"}},{"type":"Feature","geometry":{"type":"Point","coordinates":[4.6640387634597,51.10303735]},"properties":{"column_1":"2590","column_2":"Berlaar","column_3":4.6640387634597,"column_4":51.10303735,"municipality_name_french":null,"arrondissement":"Arrondissement de Malines","province":"Province d\u2019Anvers"}},{"type":"Feature","geometry":{"type":"Point","coordinates":[4.4317026387884,51.1918493]},"properties":{"column_1":"2600","column_2":"Berchem","column_3":4.4317026387884,"column_4":51.1918493,"municipality_name_french":null,"arrondissement":"Arrondissement d\u2019Anvers","province":"Province d\u2019Anvers"}},{"type":"Feature","geometry":{"type":"Point","coordinates":[4.4593335,51.1741789]},"properties":{"column_1":"2640","column_2":"Mortsel","column_3":4.4593335,"column_4":51.1741789,"municipality_name_french":null,"arrondissement":"Arrondissement d\u2019Anvers","province":"Province d\u2019Anvers"}},{"type":"Feature","geometry":{"type":"Point","coordinates":[4.4568748,51.0657941]},"properties":{"column_1":"2800","column_2":"Walem","column_3":4.4568748,"column_4":51.0657941,"municipality_name_french":null,"arrondissement":"Arrondissement de Malines","province":"Province d\u2019Anvers"}},{"type":"Feature","geometry":{"type":"Point","coordinates":[4.4150058,51.0350559]},"properties":{"column_1":"2811","column_2":"Leest","column_3":4.4150058,"column_4":51.0350559,"municipality_name_french":null,"arrondissement":"Arrondissement de Malines","province":"Province d\u2019Anvers"}},{"type":"Feature","geometry":{"type":"Point","coordinates":[4.5378217779072,51.0261294]},"properties":{"column_1":"2820","column_2":"Bonheiden","column_3":4.5378217779072,"column_4":51.0261294,"municipality_name_french":null,"arrondissement":"Arrondissement de Malines","province":"Province d\u2019Anvers"}},{"type":"Feature","geometry":{"type":"Point","coordinates":[4.3993623,51.078277]},"properties":{"column_1":"2840","column_2":"Terhagen","column_3":4.3993623,"column_4":51.078277,"municipality_name_french":null,"arrondissement":"Arrondissement d\u2019Anvers","province":"Province d\u2019Anvers"}},{"type":"Feature","geometry":{"type":"Point","coordinates":[4.2930862930359,51.103114]},"properties":{"column_1":"2880","column_2":"Hingene","column_3":4.2930862930359,"column_4":51.103114,"municipality_name_french":null,"arrondissement":"Arrondissement de Malines","province":"Province d\u2019Anvers"}},{"type":"Feature","geometry":{"type":"Point","coordinates":[4.2389889523045,51.06220625]},"properties":{"column_1":"2890","column_2":"Oppuurs","column_3":4.2389889523045,"column_4":51.06220625,"municipality_name_french":null,"arrondissement":"Arrondissement de Malines","province":"Province d\u2019Anvers"}},{"type":"Feature","geometry":{"type":"Point","coordinates":[4.489307,51.2930933]},"properties":{"column_1":"2930","column_2":"Brasschaat","column_3":4.489307,"column_4":51.2930933,"municipality_name_french":null,"arrondissement":"Arrondissement d\u2019Anvers","province":"Province d\u2019Anvers"}},{"type":"Feature","geometry":{"type":"Point","coordinates":[4.5955157359888,51.257095]},"properties":{"column_1":"2970","column_2":"Schilde","column_3":4.5955157359888,"column_4":51.257095,"municipality_name_french":null,"arrondissement":"Arrondissement d\u2019Anvers","province":"Province d\u2019Anvers"}},{"type":"Feature","geometry":{"type":"Point","coordinates":[4.7132557,51.2716725]},"properties":{"column_1":"2980","column_2":"Zoersel","column_3":4.7132557,"column_4":51.2716725,"municipality_name_french":null,"arrondissement":"Arrondissement d\u2019Anvers","province":"Province d\u2019Anvers"}},{"type":"Feature","geometry":{"type":"Point","coordinates":[4.5651743450402,51.38525]},"properties":{"column_1":"2990","column_2":"Wuustwezel","column_3":4.5651743450402,"column_4":51.38525,"municipality_name_french":null,"arrondissement":"Arrondissement d\u2019Anvers","province":"Province d\u2019Anvers"}},{"type":"Feature","geometry":{"type":"Point","coordinates":[4.7307614946269,50.88991545]},"properties":{"column_1":"3010","column_2":"Kessel Lo","column_3":4.7307614946269,"column_4":50.88991545,"municipality_name_french":null,"arrondissement":"Arrondissement de Louvain","province":"Province du Brabant flamand"}},{"type":"Feature","geometry":{"type":"Point","coordinates":[4.672714,50.9079329]},"properties":{"column_1":"3020","column_2":"Herent","column_3":4.672714,"column_4":50.9079329,"municipality_name_french":null,"arrondissement":"Arrondissement de Louvain","province":"Province du Brabant flamand"}},{"type":"Feature","geometry":{"type":"Point","coordinates":[4.6258024576448,50.7540955]},"properties":{"column_1":"3040","column_2":"Ottenburg","column_3":4.6258024576448,"column_4":50.7540955,"municipality_name_french":null,"arrondissement":"Arrondissement de Louvain","province":"Province du Brabant flamand"}},{"type":"Feature","geometry":{"type":"Point","coordinates":[4.7283706944623,50.81785645]},"properties":{"column_1":"3053","column_2":"Haasrode","column_3":4.7283706944623,"column_4":50.81785645,"municipality_name_french":null,"arrondissement":"Arrondissement de Louvain","province":"Province du Brabant flamand"}},{"type":"Feature","geometry":{"type":"Point","coordinates":[4.5905043649411,50.8419887]},"properties":{"column_1":"3061","column_2":"Leefdaal","column_3":4.5905043649411,"column_4":50.8419887,"municipality_name_french":null,"arrondissement":"Arrondissement de Louvain","province":"Province du Brabant flamand"}},{"type":"Feature","geometry":{"type":"Point","coordinates":[4.5972692536847,50.8782935]},"properties":{"column_1":"3078","column_2":"Meerbeek","column_3":4.5972692536847,"column_4":50.8782935,"municipality_name_french":null,"arrondissement":"Arrondissement de Louvain","province":"Province du Brabant flamand"}},{"type":"Feature","geometry":{"type":"Point","coordinates":[4.5144027,50.8227718]},"properties":{"column_1":"3080","column_2":"Tervuren","column_3":4.5144027,"column_4":50.8227718,"municipality_name_french":null,"arrondissement":"Arrondissement de Louvain","province":"Province du Brabant flamand"}},{"type":"Feature","geometry":{"type":"Point","coordinates":[4.5385226,50.7729254]},"properties":{"column_1":"3090","column_2":"Overijse","column_3":4.5385226,"column_4":50.7729254,"municipality_name_french":null,"arrondissement":"Arrondissement de Hal-Vilvorde","province":"Province du Brabant flamand"}},{"type":"Feature","geometry":{"type":"Point","coordinates":[4.6595165776069,50.94081955]},"properties":{"column_1":"3150","column_2":"Tildonk","column_3":4.6595165776069,"column_4":50.94081955,"municipality_name_french":null,"arrondissement":"Arrondissement de Louvain","province":"Province du Brabant flamand"}},{"type":"Feature","geometry":{"type":"Point","coordinates":[4.6325890563885,50.95645295]},"properties":{"column_1":"3150","column_2":"Wespelaar","column_3":4.6325890563885,"column_4":50.95645295,"municipality_name_french":null,"arrondissement":"Arrondissement de Louvain","province":"Province du Brabant flamand"}},{"type":"Feature","geometry":{"type":"Point","coordinates":[4.575800525,50.97828585]},"properties":{"column_1":"3190","column_2":"Boortmeerbeek","column_3":4.575800525,"column_4":50.97828585,"municipality_name_french":null,"arrondissement":"Arrondissement de Louvain","province":"Province du Brabant flamand"}},{"type":"Feature","geometry":{"type":"Point","coordinates":[4.5553278,50.9925865]},"properties":{"column_1":"3191","column_2":"Hever","column_3":4.5553278,"column_4":50.9925865,"municipality_name_french":null,"arrondissement":"Arrondissement de Louvain","province":"Province du Brabant flamand"}},{"type":"Feature","geometry":{"type":"Point","coordinates":[4.7894086649098,50.87211325]},"properties":{"column_1":"3212","column_2":"Pellenberg","column_3":4.7894086649098,"column_4":50.87211325,"municipality_name_french":null,"arrondissement":"Arrondissement de Louvain","province":"Province du Brabant flamand"}},{"type":"Feature","geometry":{"type":"Point","coordinates":[4.7854555627527,50.91851005]},"properties":{"column_1":"3220","column_2":"Kortrijk-Dutsel","column_3":4.7854555627527,"column_4":50.91851005,"municipality_name_french":null,"arrondissement":"Arrondissement de Louvain","province":"Province du Brabant flamand"}},{"type":"Feature","geometry":{"type":"Point","coordinates":[4.9770845794874,51.0278406]},"properties":{"column_1":"3271","column_2":"Averbode","column_3":4.9770845794874,"column_4":51.0278406,"municipality_name_french":null,"arrondissement":"Arrondissement de Louvain","province":"Province du Brabant flamand"}},{"type":"Feature","geometry":{"type":"Point","coordinates":[4.924667681525,50.98948425]},"properties":{"column_1":"3272","column_2":"Messelbroek","column_3":4.924667681525,"column_4":50.98948425,"municipality_name_french":null,"arrondissement":"Arrondissement de Louvain","province":"Province du Brabant flamand"}},{"type":"Feature","geometry":{"type":"Point","coordinates":[5.0299404926122,50.9776976]},"properties":{"column_1":"3293","column_2":"Kaggevinne","column_3":5.0299404926122,"column_4":50.9776976,"municipality_name_french":null,"arrondissement":"Arrondissement de Louvain","province":"Province du Brabant flamand"}},{"type":"Feature","geometry":{"type":"Point","coordinates":[4.9464292134294,50.80843175]},"properties":{"column_1":"3300","column_2":"Tienen","column_3":4.9464292134294,"column_4":50.80843175,"municipality_name_french":null,"arrondissement":"Arrondissement de Louvain","province":"Province du Brabant flamand"}},{"type":"Feature","geometry":{"type":"Point","coordinates":[4.88114193614,50.7877912]},"properties":{"column_1":"3320","column_2":"Hoegaarden","column_3":4.88114193614,"column_4":50.7877912,"municipality_name_french":null,"arrondissement":"Arrondissement de Louvain","province":"Province du Brabant flamand"}},{"type":"Feature","geometry":{"type":"Point","coordinates":[4.8620269340011,50.84022445]},"properties":{"column_1":"3370","column_2":"Roosbeek","column_3":4.8620269340011,"column_4":50.84022445,"municipality_name_french":null,"arrondissement":"Arrondissement de Louvain","province":"Province du Brabant flamand"}},{"type":"Feature","geometry":{"type":"Point","coordinates":[4.9601107928553,50.8510351]},"properties":{"column_1":"3380","column_2":"Bunsbeek","column_3":4.9601107928553,"column_4":50.8510351,"municipality_name_french":null,"arrondissement":"Arrondissement de Louvain","province":"Province du Brabant flamand"}},{"type":"Feature","geometry":{"type":"Point","coordinates":[4.9513009,50.8725203]},"properties":{"column_1":"3380","column_2":"Glabbeek","column_3":4.9513009,"column_4":50.8725203,"municipality_name_french":null,"arrondissement":"Arrondissement de Louvain","province":"Province du Brabant flamand"}},{"type":"Feature","geometry":{"type":"Point","coordinates":[4.8605997436813,50.93414405]},"properties":{"column_1":"3390","column_2":"Houwaart","column_3":4.8605997436813,"column_4":50.93414405,"municipality_name_french":null,"arrondissement":"Arrondissement de Louvain","province":"Province du Brabant flamand"}},{"type":"Feature","geometry":{"type":"Point","coordinates":[5.0074922319452,50.78710135]},"properties":{"column_1":"3400","column_2":"Eliksem","column_3":5.0074922319452,"column_4":50.78710135,"municipality_name_french":null,"arrondissement":"Arrondissement de Louvain","province":"Province du Brabant flamand"}},{"type":"Feature","geometry":{"type":"Point","coordinates":[5.0869975953341,50.71820555]},"properties":{"column_1":"3401","column_2":"Walshoutem","column_3":5.0869975953341,"column_4":50.71820555,"municipality_name_french":null,"arrondissement":"Arrondissement de Louvain","province":"Province du Brabant flamand"}},{"type":"Feature","geometry":{"type":"Point","coordinates":[5.1015810029407,50.89519195]},"properties":{"column_1":"3450","column_2":"Geetbets","column_3":5.1015810029407,"column_4":50.89519195,"municipality_name_french":null,"arrondissement":"Arrondissement de Louvain","province":"Province du Brabant flamand"}},{"type":"Feature","geometry":{"type":"Point","coordinates":[5.1884301868953,50.9222911]},"properties":{"column_1":"3540","column_2":"Herk-De-Stad","column_3":5.1884301868953,"column_4":50.9222911,"municipality_name_french":null,"arrondissement":"Arrondissement de Hasselt","province":"Province du Limbourg"}},{"type":"Feature","geometry":{"type":"Point","coordinates":[5.1073913444455,50.9384339]},"properties":{"column_1":"3545","column_2":"Halen","column_3":5.1073913444455,"column_4":50.9384339,"municipality_name_french":null,"arrondissement":"Arrondissement de Hasselt","province":"Province du Limbourg"}},{"type":"Feature","geometry":{"type":"Point","coordinates":[5.1092670735921,50.980158]},"properties":{"column_1":"3545","column_2":"Zelem","column_3":5.1092670735921,"column_4":50.980158,"municipality_name_french":null,"arrondissement":"Arrondissement de Hasselt","province":"Province du Limbourg"}},{"type":"Feature","geometry":{"type":"Point","coordinates":[5.271159654589,51.06978945]},"properties":{"column_1":"3582","column_2":"Koersel","column_3":5.271159654589,"column_4":51.06978945,"municipality_name_french":null,"arrondissement":"Arrondissement de Hasselt","province":"Province du Limbourg"}},{"type":"Feature","geometry":{"type":"Point","coordinates":[5.7355142,50.9921686]},"properties":{"column_1":"3630","column_2":"Leut","column_3":5.7355142,"column_4":50.9921686,"municipality_name_french":null,"arrondissement":"Arrondissement de Tongres","province":"Province du Limbourg"}},{"type":"Feature","geometry":{"type":"Point","coordinates":[5.696445,50.9635024]},"properties":{"column_1":"3630","column_2":"Maasmechelen","column_3":5.696445,"column_4":50.9635024,"municipality_name_french":null,"arrondissement":"Arrondissement de Tongres","province":"Province du Limbourg"}},{"type":"Feature","geometry":{"type":"Point","coordinates":[5.6810305,50.9436011]},"properties":{"column_1":"3630","column_2":"Opgrimbie","column_3":5.6810305,"column_4":50.9436011,"municipality_name_french":null,"arrondissement":"Arrondissement de Tongres","province":"Province du Limbourg"}},{"type":"Feature","geometry":{"type":"Point","coordinates":[5.581962,51.0429949]},"properties":{"column_1":"3660","column_2":"Opglabbeek","column_3":5.581962,"column_4":51.0429949,"municipality_name_french":null,"arrondissement":"Arrondissement de Maaseik","province":"Province du Limbourg"}},{"type":"Feature","geometry":{"type":"Point","coordinates":[5.4843527,50.7450193]},"properties":{"column_1":"3700","column_2":"Diets-Heur","column_3":5.4843527,"column_4":50.7450193,"municipality_name_french":null,"arrondissement":"Arrondissement de Tongres","province":"Province du Limbourg"}},{"type":"Feature","geometry":{"type":"Point","coordinates":[5.4206775,50.8027416]},"properties":{"column_1":"3700","column_2":"Kolmont","column_3":5.4206775,"column_4":50.8027416,"municipality_name_french":null,"arrondissement":"Arrondissement de Tongres","province":"Province du Limbourg"}},{"type":"Feature","geometry":{"type":"Point","coordinates":[5.4147831,50.7399124]},"properties":{"column_1":"3700","column_2":"Lauw","column_3":5.4147831,"column_4":50.7399124,"municipality_name_french":null,"arrondissement":"Arrondissement de Tongres","province":"Province du Limbourg"}},{"type":"Feature","geometry":{"type":"Point","coordinates":[2.7568247,51.133268]},"properties":{"column_1":"3700","column_2":"Sluizen","column_3":2.7568247,"column_4":51.133268,"municipality_name_french":null,"arrondissement":"Arrondissement de Furnes","province":"Province de Flandre occidentale"}},{"type":"Feature","geometry":{"type":"Point","coordinates":[5.4648131,50.7810151]},"properties":{"column_1":"3700","column_2":"Tongeren","column_3":5.4648131,"column_4":50.7810151,"municipality_name_french":null,"arrondissement":"Arrondissement de Tongres","province":"Province du Limbourg"}},{"type":"Feature","geometry":{"type":"Point","coordinates":[5.4260923,50.7273829]},"properties":{"column_1":"3717","column_2":"Herstappe","column_3":5.4260923,"column_4":50.7273829,"municipality_name_french":"Herstappe","arrondissement":"Arrondissement de Tongres","province":"Province du Limbourg"}},{"type":"Feature","geometry":{"type":"Point","coordinates":[5.4298574663068,50.8667966]},"properties":{"column_1":"3721","column_2":"Vliermaalroot","column_3":5.4298574663068,"column_4":50.8667966,"municipality_name_french":null,"arrondissement":"Arrondissement de Hasselt","province":"Province du Limbourg"}},{"type":"Feature","geometry":{"type":"Point","coordinates":[5.4073456316551,50.85566395]},"properties":{"column_1":"3722","column_2":"Wintershoven","column_3":5.4073456316551,"column_4":50.85566395,"municipality_name_french":null,"arrondissement":"Arrondissement de Hasselt","province":"Province du Limbourg"}},{"type":"Feature","geometry":{"type":"Point","coordinates":[5.4259091735787,50.8326029]},"properties":{"column_1":"3724","column_2":"Vliermaal","column_3":5.4259091735787,"column_4":50.8326029,"municipality_name_french":null,"arrondissement":"Arrondissement de Hasselt","province":"Province du Limbourg"}},{"type":"Feature","geometry":{"type":"Point","coordinates":[5.4865309,50.8500788]},"properties":{"column_1":"3730","column_2":"Hoeselt","column_3":5.4865309,"column_4":50.8500788,"municipality_name_french":null,"arrondissement":"Arrondissement de Tongres","province":"Province du Limbourg"}},{"type":"Feature","geometry":{"type":"Point","coordinates":[5.4487057,50.8292918]},"properties":{"column_1":"3730","column_2":"Sint-Huibrechts-Hern","column_3":5.4487057,"column_4":50.8292918,"municipality_name_french":null,"arrondissement":"Arrondissement de Tongres","province":"Province du Limbourg"}},{"type":"Feature","geometry":{"type":"Point","coordinates":[5.5163495,50.8342984]},"properties":{"column_1":"3740","column_2":"Rijkhoven","column_3":5.5163495,"column_4":50.8342984,"municipality_name_french":null,"arrondissement":"Arrondissement de Tongres","province":"Province du Limbourg"}},{"type":"Feature","geometry":{"type":"Point","coordinates":[5.5753682,50.8458315]},"properties":{"column_1":"3740","column_2":"Rosmeer","column_3":5.5753682,"column_4":50.8458315,"municipality_name_french":null,"arrondissement":"Arrondissement de Tongres","province":"Province du Limbourg"}},{"type":"Feature","geometry":{"type":"Point","coordinates":[5.5340486411054,50.8523326]},"properties":{"column_1":"3742","column_2":"Martenslinde","column_3":5.5340486411054,"column_4":50.8523326,"municipality_name_french":null,"arrondissement":"Arrondissement de Tongres","province":"Province du Limbourg"}},{"type":"Feature","geometry":{"type":"Point","coordinates":[5.556142701219,50.883259]},"properties":{"column_1":"3746","column_2":"Hoelbeek","column_3":5.556142701219,"column_4":50.883259,"municipality_name_french":null,"arrondissement":"Arrondissement de Tongres","province":"Province du Limbourg"}},{"type":"Feature","geometry":{"type":"Point","coordinates":[5.5744881,50.8071071]},"properties":{"column_1":"3770","column_2":"Herderen","column_3":5.5744881,"column_4":50.8071071,"municipality_name_french":null,"arrondissement":"Arrondissement de Tongres","province":"Province du Limbourg"}},{"type":"Feature","geometry":{"type":"Point","coordinates":[5.6692203,50.8141622]},"properties":{"column_1":"3770","column_2":"Kanne","column_3":5.6692203,"column_4":50.8141622,"municipality_name_french":null,"arrondissement":"Arrondissement de Tongres","province":"Province du Limbourg"}},{"type":"Feature","geometry":{"type":"Point","coordinates":[5.560302,50.7844721]},"properties":{"column_1":"3770","column_2":"Millen","column_3":5.560302,"column_4":50.7844721,"municipality_name_french":null,"arrondissement":"Arrondissement de Tongres","province":"Province du Limbourg"}},{"type":"Feature","geometry":{"type":"Point","coordinates":[5.5971013,50.7871228]},"properties":{"column_1":"3770","column_2":"Val-Meer","column_3":5.5971013,"column_4":50.7871228,"municipality_name_french":null,"arrondissement":"Arrondissement de Tongres","province":"Province du Limbourg"}},{"type":"Feature","geometry":{"type":"Point","coordinates":[5.7148469912943,50.7551858]},"properties":{"column_1":"3790","column_2":"Mouland","column_3":5.7148469912943,"column_4":50.7551858,"municipality_name_french":"Fourons","arrondissement":"Arrondissement de Tongres","province":"Province du Limbourg"}},{"type":"Feature","geometry":{"type":"Point","coordinates":[5.7719461900567,50.7611375]},"properties":{"column_1":"3798","column_2":"Fouron-Le-Comte","column_3":5.7719461900567,"column_4":50.7611375,"municipality_name_french":"Fourons","arrondissement":"Arrondissement de Tongres","province":"Province du Limbourg"}},{"type":"Feature","geometry":{"type":"Point","coordinates":[5.1787834432079,50.77333875]},"properties":{"column_1":"3800","column_2":"Kerkom-Bij-Sint-Truiden","column_3":5.1787834432079,"column_4":50.77333875,"municipality_name_french":null,"arrondissement":"Arrondissement de Hasselt","province":"Province du Limbourg"}},{"type":"Feature","geometry":{"type":"Point","coordinates":[5.1658988739064,50.8380493]},"properties":{"column_1":"3803","column_2":"Gorsem","column_3":5.1658988739064,"column_4":50.8380493,"municipality_name_french":null,"arrondissement":"Arrondissement de Hasselt","province":"Province du Limbourg"}},{"type":"Feature","geometry":{"type":"Point","coordinates":[5.1519921,50.8477735]},"properties":{"column_1":"3803","column_2":"Runkelen","column_3":5.1519921,"column_4":50.8477735,"municipality_name_french":null,"arrondissement":"Arrondissement de Hasselt","province":"Province du Limbourg"}},{"type":"Feature","geometry":{"type":"Point","coordinates":[5.3569929252994,50.8004351]},"properties":{"column_1":"3840","column_2":"Borgloon","column_3":5.3569929252994,"column_4":50.8004351,"municipality_name_french":null,"arrondissement":"Arrondissement de Tongres","province":"Province du Limbourg"}},{"type":"Feature","geometry":{"type":"Point","coordinates":[5.3324575,50.7819071]},"properties":{"column_1":"3840","column_2":"Broekom","column_3":5.3324575,"column_4":50.7819071,"municipality_name_french":null,"arrondissement":"Arrondissement de Tongres","province":"Province du Limbourg"}},{"type":"Feature","geometry":{"type":"Point","coordinates":[5.3287966873717,50.797246]},"properties":{"column_1":"3840","column_2":"Hendrieken","column_3":5.3287966873717,"column_4":50.797246,"municipality_name_french":null,"arrondissement":"Arrondissement de Tongres","province":"Province du Limbourg"}},{"type":"Feature","geometry":{"type":"Point","coordinates":[5.2852748851765,50.81158915]},"properties":{"column_1":"3840","column_2":"Hoepertingen","column_3":5.2852748851765,"column_4":50.81158915,"municipality_name_french":null,"arrondissement":"Arrondissement de Tongres","province":"Province du Limbourg"}},{"type":"Feature","geometry":{"type":"Point","coordinates":[4.6797906,51.1674467]},"properties":{"column_1":"3840","column_2":"Voort","column_3":4.6797906,"column_4":51.1674467,"municipality_name_french":null,"arrondissement":"Arrondissement de Malines","province":"Province d\u2019Anvers"}},{"type":"Feature","geometry":{"type":"Point","coordinates":[5.1684479293466,50.86548295]},"properties":{"column_1":"3850","column_2":"Binderveld","column_3":5.1684479293466,"column_4":50.86548295,"municipality_name_french":null,"arrondissement":"Arrondissement de Hasselt","province":"Province du Limbourg"}},{"type":"Feature","geometry":{"type":"Point","coordinates":[5.1909741787579,50.87457545]},"properties":{"column_1":"3850","column_2":"Nieuwerkerken","column_3":5.1909741787579,"column_4":50.87457545,"municipality_name_french":null,"arrondissement":"Arrondissement de Hasselt","province":"Province du Limbourg"}},{"type":"Feature","geometry":{"type":"Point","coordinates":[5.2629291,50.7427937]},"properties":{"column_1":"3870","column_2":"Mechelen-Bovelingen","column_3":5.2629291,"column_4":50.7427937,"municipality_name_french":null,"arrondissement":"Arrondissement de Tongres","province":"Province du Limbourg"}},{"type":"Feature","geometry":{"type":"Point","coordinates":[5.2095391018082,50.73257605]},"properties":{"column_1":"3890","column_2":"Jeuk","column_3":5.2095391018082,"column_4":50.73257605,"municipality_name_french":null,"arrondissement":"Arrondissement de Hasselt","province":"Province du Limbourg"}},{"type":"Feature","geometry":{"type":"Point","coordinates":[5.1485502564418,50.7052793]},"properties":{"column_1":"3890","column_2":"Kortijs","column_3":5.1485502564418,"column_4":50.7052793,"municipality_name_french":null,"arrondissement":"Arrondissement de Hasselt","province":"Province du Limbourg"}},{"type":"Feature","geometry":{"type":"Point","coordinates":[5.1386239079133,50.71838125]},"properties":{"column_1":"3890","column_2":"Montenaken","column_3":5.1386239079133,"column_4":50.71838125,"municipality_name_french":null,"arrondissement":"Arrondissement de Hasselt","province":"Province du Limbourg"}},{"type":"Feature","geometry":{"type":"Point","coordinates":[5.1713288748516,50.705232]},"properties":{"column_1":"3890","column_2":"Vorsen","column_3":5.1713288748516,"column_4":50.705232,"municipality_name_french":null,"arrondissement":"Arrondissement de Hasselt","province":"Province du Limbourg"}},{"type":"Feature","geometry":{"type":"Point","coordinates":[5.1743785728014,50.7345174]},"properties":{"column_1":"3891","column_2":"Borlo","column_3":5.1743785728014,"column_4":50.7345174,"municipality_name_french":null,"arrondissement":"Arrondissement de Hasselt","province":"Province du Limbourg"}},{"type":"Feature","geometry":{"type":"Point","coordinates":[5.4314419,51.2289746]},"properties":{"column_1":"3910","column_2":"Neerpelt","column_3":5.4314419,"column_4":51.2289746,"municipality_name_french":null,"arrondissement":"Arrondissement de Maaseik","province":"Province du Limbourg"}},{"type":"Feature","geometry":{"type":"Point","coordinates":[5.3415643775263,51.11664635]},"properties":{"column_1":"3940","column_2":"Hechtel","column_3":5.3415643775263,"column_4":51.11664635,"municipality_name_french":null,"arrondissement":"Arrondissement de Maaseik","province":"Province du Limbourg"}},{"type":"Feature","geometry":{"type":"Point","coordinates":[5.5172805548337,51.19391715]},"properties":{"column_1":"3950","column_2":"Kaulille","column_3":5.5172805548337,"column_4":51.19391715,"municipality_name_french":null,"arrondissement":"Arrondissement de Maaseik","province":"Province du Limbourg"}},{"type":"Feature","geometry":{"type":"Point","coordinates":[5.6477954812084,51.1184171]},"properties":{"column_1":"3960","column_2":"Opitter","column_3":5.6477954812084,"column_4":51.1184171,"municipality_name_french":null,"arrondissement":"Arrondissement de Maaseik","province":"Province du Limbourg"}},{"type":"Feature","geometry":{"type":"Point","coordinates":[5.4623610101885,51.1726086]},"properties":{"column_1":"3990","column_2":"Kleine-Brogel","column_3":5.4623610101885,"column_4":51.1726086,"municipality_name_french":null,"arrondissement":"Arrondissement de Maaseik","province":"Province du Limbourg"}},{"type":"Feature","geometry":{"type":"Point","coordinates":[5.4491572190061,51.10874]},"properties":{"column_1":"3990","column_2":"Peer","column_3":5.4491572190061,"column_4":51.10874,"municipality_name_french":null,"arrondissement":"Arrondissement de Maaseik","province":"Province du Limbourg"}},{"type":"Feature","geometry":{"type":"Point","coordinates":[5.6403906,50.6701887]},"properties":{"column_1":"4040","column_2":"Herstal","column_3":5.6403906,"column_4":50.6701887,"municipality_name_french":"Herstal","arrondissement":"Arrondissement de Li\u00e8ge","province":"Province de Li\u00e8ge"}},{"type":"Feature","geometry":{"type":"Point","coordinates":[5.5929155,50.6904632]},"properties":{"column_1":"4041","column_2":"Milmort","column_3":5.5929155,"column_4":50.6904632,"municipality_name_french":"Herstal","arrondissement":"Arrondissement de Li\u00e8ge","province":"Province de Li\u00e8ge"}},{"type":"Feature","geometry":{"type":"Point","coordinates":[5.6469688,50.5847922]},"properties":{"column_1":"4050","column_2":"Chaudfontaine","column_3":5.6469688,"column_4":50.5847922,"municipality_name_french":"Chaudfontaine","arrondissement":"Arrondissement de Li\u00e8ge","province":"Province de Li\u00e8ge"}},{"type":"Feature","geometry":{"type":"Point","coordinates":[5.6387759,50.5589633]},"properties":{"column_1":"4052","column_2":"Beaufays","column_3":5.6387759,"column_4":50.5589633,"municipality_name_french":"Chaudfontaine","arrondissement":"Arrondissement de Li\u00e8ge","province":"Province de Li\u00e8ge"}},{"type":"Feature","geometry":{"type":"Point","coordinates":[5.5389943,50.5992632]},"properties":{"column_1":"4102","column_2":"Ougr\u00e9e","column_3":5.5389943,"column_4":50.5992632,"municipality_name_french":"Seraing","arrondissement":"Arrondissement de Li\u00e8ge","province":"Province de Li\u00e8ge"}},{"type":"Feature","geometry":{"type":"Point","coordinates":[5.4444346,50.5445135]},"properties":{"column_1":"4120","column_2":"Ehein","column_3":5.4444346,"column_4":50.5445135,"municipality_name_french":"Neupr\u00e9","arrondissement":"Arrondissement de Li\u00e8ge","province":"Province de Li\u00e8ge"}},{"type":"Feature","geometry":{"type":"Point","coordinates":[5.6642552366155,50.4893408]},"properties":{"column_1":"4140","column_2":"Rouvreux","column_3":5.6642552366155,"column_4":50.4893408,"municipality_name_french":"Sprimont","arrondissement":"Arrondissement de Li\u00e8ge","province":"Province de Li\u00e8ge"}},{"type":"Feature","geometry":{"type":"Point","coordinates":[5.5328465,50.4253958]},"properties":{"column_1":"4180","column_2":"Hamoir","column_3":5.5328465,"column_4":50.4253958,"municipality_name_french":"Hamoir","arrondissement":"Arrondissement de Huy","province":"Province de Li\u00e8ge"}},{"type":"Feature","geometry":{"type":"Point","coordinates":[5.686798,50.3800099]},"properties":{"column_1":"4190","column_2":"Werbomont","column_3":5.686798,"column_4":50.3800099,"municipality_name_french":"Ferri\u00e8res","arrondissement":"Arrondissement de Huy","province":"Province de Li\u00e8ge"}},{"type":"Feature","geometry":{"type":"Point","coordinates":[5.072436,50.5812607]},"properties":{"column_1":"4210","column_2":"Burdinne","column_3":5.072436,"column_4":50.5812607,"municipality_name_french":"Burdinne","arrondissement":"Arrondissement de Huy","province":"Province de Li\u00e8ge"}},{"type":"Feature","geometry":{"type":"Point","coordinates":[5.0971783,50.5508203]},"properties":{"column_1":"4217","column_2":"H\u00e9ron","column_3":5.0971783,"column_4":50.5508203,"municipality_name_french":"H\u00e9ron","arrondissement":"Arrondissement de Huy","province":"Province de Li\u00e8ge"}},{"type":"Feature","geometry":{"type":"Point","coordinates":[5.1738356,50.6093088]},"properties":{"column_1":"4260","column_2":"Fallais","column_3":5.1738356,"column_4":50.6093088,"municipality_name_french":"Braives","arrondissement":"Arrondissement de Waremme","province":"Province de Li\u00e8ge"}},{"type":"Feature","geometry":{"type":"Point","coordinates":[5.184607,50.586887]},"properties":{"column_1":"4260","column_2":"Fumal","column_3":5.184607,"column_4":50.586887,"municipality_name_french":"Braives","arrondissement":"Arrondissement de Waremme","province":"Province de Li\u00e8ge"}},{"type":"Feature","geometry":{"type":"Point","coordinates":[5.1157512,50.6182889]},"properties":{"column_1":"4260","column_2":"Ville-En-Hesbaye","column_3":5.1157512,"column_4":50.6182889,"municipality_name_french":"Braives","arrondissement":"Arrondissement de Waremme","province":"Province de Li\u00e8ge"}},{"type":"Feature","geometry":{"type":"Point","coordinates":[5.1632447,50.6242037]},"properties":{"column_1":"4261","column_2":"Latinne","column_3":5.1632447,"column_4":50.6242037,"municipality_name_french":"Braives","arrondissement":"Arrondissement de Waremme","province":"Province de Li\u00e8ge"}},{"type":"Feature","geometry":{"type":"Point","coordinates":[5.122837,50.6978983]},"properties":{"column_1":"4280","column_2":"Cras-Avernas","column_3":5.122837,"column_4":50.6978983,"municipality_name_french":"Hannut","arrondissement":"Arrondissement de Waremme","province":"Province de Li\u00e8ge"}},{"type":"Feature","geometry":{"type":"Point","coordinates":[5.0340611,50.6941211]},"properties":{"column_1":"4280","column_2":"Grand-Hallet","column_3":5.0340611,"column_4":50.6941211,"municipality_name_french":"Hannut","arrondissement":"Arrondissement de Waremme","province":"Province de Li\u00e8ge"}},{"type":"Feature","geometry":{"type":"Point","coordinates":[5.02018,50.678627]},"properties":{"column_1":"4280","column_2":"Wansin","column_3":5.02018,"column_4":50.678627,"municipality_name_french":"Hannut","arrondissement":"Arrondissement de Waremme","province":"Province de Li\u00e8ge"}},{"type":"Feature","geometry":{"type":"Point","coordinates":[5.2888884,50.6893285]},"properties":{"column_1":"4300","column_2":"Bleret","column_3":5.2888884,"column_4":50.6893285,"municipality_name_french":"Waremme","arrondissement":"Arrondissement de Waremme","province":"Province de Li\u00e8ge"}},{"type":"Feature","geometry":{"type":"Point","coordinates":[5.245072,50.632984]},"properties":{"column_1":"4317","column_2":"Borlez","column_3":5.245072,"column_4":50.632984,"municipality_name_french":"Faimes","arrondissement":"Arrondissement de Waremme","province":"Province de Li\u00e8ge"}},{"type":"Feature","geometry":{"type":"Point","coordinates":[5.4680939,50.7159281]},"properties":{"column_1":"4340","column_2":"Oth\u00e9e","column_3":5.4680939,"column_4":50.7159281,"municipality_name_french":"Awans","arrondissement":"Arrondissement de Li\u00e8ge","province":"Province de Li\u00e8ge"}},{"type":"Feature","geometry":{"type":"Point","coordinates":[5.4066762,50.6803347]},"properties":{"column_1":"4347","column_2":"Freloux","column_3":5.4066762,"column_4":50.6803347,"municipality_name_french":"Fexhe-le-Haut-Clocher","arrondissement":"Arrondissement de Waremme","province":"Province de Li\u00e8ge"}},{"type":"Feature","geometry":{"type":"Point","coordinates":[5.3192131,50.6387144]},"properties":{"column_1":"4357","column_2":"Haneffe","column_3":5.3192131,"column_4":50.6387144,"municipality_name_french":"Donceel","arrondissement":"Arrondissement de Waremme","province":"Province de Li\u00e8ge"}},{"type":"Feature","geometry":{"type":"Point","coordinates":[5.386298,50.701353]},"properties":{"column_1":"4367","column_2":"Fize-Le-Marsal","column_3":5.386298,"column_4":50.701353,"municipality_name_french":"Crisn\u00e9e","arrondissement":"Arrondissement de Waremme","province":"Province de Li\u00e8ge"}},{"type":"Feature","geometry":{"type":"Point","coordinates":[5.4757847,50.6385937]},"properties":{"column_1":"4460","column_2":"Hollogne-Aux-Pierres","column_3":5.4757847,"column_4":50.6385937,"municipality_name_french":"Gr\u00e2ce-Hollogne","arrondissement":"Arrondissement de Li\u00e8ge","province":"Province de Li\u00e8ge"}},{"type":"Feature","geometry":{"type":"Point","coordinates":[5.3886713,50.6149668]},"properties":{"column_1":"4460","column_2":"Horion-Hoz\u00e9mont","column_3":5.3886713,"column_4":50.6149668,"municipality_name_french":"Gr\u00e2ce-Hollogne","arrondissement":"Arrondissement de Li\u00e8ge","province":"Province de Li\u00e8ge"}},{"type":"Feature","geometry":{"type":"Point","coordinates":[5.1647622,50.56759]},"properties":{"column_1":"4520","column_2":"Huccorgne","column_3":5.1647622,"column_4":50.56759,"municipality_name_french":"Wanze","arrondissement":"Arrondissement de Huy","province":"Province de Li\u00e8ge"}},{"type":"Feature","geometry":{"type":"Point","coordinates":[5.1878867,50.5471619]},"properties":{"column_1":"4520","column_2":"Moha","column_3":5.1878867,"column_4":50.5471619,"municipality_name_french":"Wanze","arrondissement":"Arrondissement de Huy","province":"Province de Li\u00e8ge"}},{"type":"Feature","geometry":{"type":"Point","coordinates":[5.2261382,50.5627464]},"properties":{"column_1":"4520","column_2":"Vinalmont","column_3":5.2261382,"column_4":50.5627464,"municipality_name_french":"Wanze","arrondissement":"Arrondissement de Huy","province":"Province de Li\u00e8ge"}},{"type":"Feature","geometry":{"type":"Point","coordinates":[5.2989318,50.6216405]},"properties":{"column_1":"4537","column_2":"Seraing-Le-Ch\u00e2teau","column_3":5.2989318,"column_4":50.6216405,"municipality_name_french":"Verlaine","arrondissement":"Arrondissement de Huy","province":"Province de Li\u00e8ge"}},{"type":"Feature","geometry":{"type":"Point","coordinates":[5.3202782,50.575487]},"properties":{"column_1":"4540","column_2":"Jehay","column_3":5.3202782,"column_4":50.575487,"municipality_name_french":"Amay","arrondissement":"Arrondissement de Huy","province":"Province de Li\u00e8ge"}},{"type":"Feature","geometry":{"type":"Point","coordinates":[5.3286278,50.4644497]},"properties":{"column_1":"4557","column_2":"Ramelot","column_3":5.3286278,"column_4":50.4644497,"municipality_name_french":"Tinlot","arrondissement":"Arrondissement de Huy","province":"Province de Li\u00e8ge"}},{"type":"Feature","geometry":{"type":"Point","coordinates":[5.3575692,50.4115085]},"properties":{"column_1":"4560","column_2":"Clavier","column_3":5.3575692,"column_4":50.4115085,"municipality_name_french":"Clavier","arrondissement":"Arrondissement de Huy","province":"Province de Li\u00e8ge"}},{"type":"Feature","geometry":{"type":"Point","coordinates":[5.2263372,50.4802051]},"properties":{"column_1":"4570","column_2":"Marchin","column_3":5.2263372,"column_4":50.4802051,"municipality_name_french":"Marchin","arrondissement":"Arrondissement de Huy","province":"Province de Li\u00e8ge"}},{"type":"Feature","geometry":{"type":"Point","coordinates":[5.6944381,50.7806558]},"properties":{"column_1":"4600","column_2":"Lanaye","column_3":5.6944381,"column_4":50.7806558,"municipality_name_french":"Vis\u00e9","arrondissement":"Arrondissement de Li\u00e8ge","province":"Province de Li\u00e8ge"}},{"type":"Feature","geometry":{"type":"Point","coordinates":[5.670164,50.682809]},"properties":{"column_1":"4602","column_2":"Cheratte","column_3":5.670164,"column_4":50.682809,"municipality_name_french":"Vis\u00e9","arrondissement":"Arrondissement de Li\u00e8ge","province":"Province de Li\u00e8ge"}},{"type":"Feature","geometry":{"type":"Point","coordinates":[5.7138885,50.7041818]},"properties":{"column_1":"4607","column_2":"Feneur","column_3":5.7138885,"column_4":50.7041818,"municipality_name_french":"Dalhem","arrondissement":"Arrondissement de Li\u00e8ge","province":"Province de Li\u00e8ge"}},{"type":"Feature","geometry":{"type":"Point","coordinates":[5.6832219,50.6168354]},"properties":{"column_1":"4620","column_2":"Fl\u00e9ron","column_3":5.6832219,"column_4":50.6168354,"municipality_name_french":"Fl\u00e9ron","arrondissement":"Arrondissement de Li\u00e8ge","province":"Province de Li\u00e8ge"}},{"type":"Feature","geometry":{"type":"Point","coordinates":[5.6655488,50.6068155]},"properties":{"column_1":"4624","column_2":"Roms\u00e9e","column_3":5.6655488,"column_4":50.6068155,"municipality_name_french":"Fl\u00e9ron","arrondissement":"Arrondissement de Li\u00e8ge","province":"Province de Li\u00e8ge"}},{"type":"Feature","geometry":{"type":"Point","coordinates":[5.7147473,50.6087645]},"properties":{"column_1":"4630","column_2":"Ayeneux","column_3":5.7147473,"column_4":50.6087645,"municipality_name_french":"Soumagne","arrondissement":"Arrondissement de Li\u00e8ge","province":"Province de Li\u00e8ge"}},{"type":"Feature","geometry":{"type":"Point","coordinates":[5.7355403,50.6315865]},"properties":{"column_1":"4630","column_2":"Micheroux","column_3":5.7355403,"column_4":50.6315865,"municipality_name_french":"Soumagne","arrondissement":"Arrondissement de Li\u00e8ge","province":"Province de Li\u00e8ge"}},{"type":"Feature","geometry":{"type":"Point","coordinates":[5.8342711,50.6319367]},"properties":{"column_1":"4650","column_2":"Chaineux","column_3":5.8342711,"column_4":50.6319367,"municipality_name_french":"Herve","arrondissement":"Arrondissement de Verviers","province":"Province de Li\u00e8ge"}},{"type":"Feature","geometry":{"type":"Point","coordinates":[5.8048204,50.669117]},"properties":{"column_1":"4654","column_2":"Charneux","column_3":5.8048204,"column_4":50.669117,"municipality_name_french":"Herve","arrondissement":"Arrondissement de Verviers","province":"Province de Li\u00e8ge"}},{"type":"Feature","geometry":{"type":"Point","coordinates":[5.7268086,50.6953295]},"properties":{"column_1":"4670","column_2":"Trembleur","column_3":5.7268086,"column_4":50.6953295,"municipality_name_french":"Blegny","arrondissement":"Arrondissement de Li\u00e8ge","province":"Province de Li\u00e8ge"}},{"type":"Feature","geometry":{"type":"Point","coordinates":[5.700802,50.6958409]},"properties":{"column_1":"4672","column_2":"Saint-Remy","column_3":5.700802,"column_4":50.6958409,"municipality_name_french":"Blegny","arrondissement":"Arrondissement de Li\u00e8ge","province":"Province de Li\u00e8ge"}},{"type":"Feature","geometry":{"type":"Point","coordinates":[5.6450671,50.7091889]},"properties":{"column_1":"4680","column_2":"Oupeye","column_3":5.6450671,"column_4":50.7091889,"municipality_name_french":"Oupeye","arrondissement":"Arrondissement de Li\u00e8ge","province":"Province de Li\u00e8ge"}},{"type":"Feature","geometry":{"type":"Point","coordinates":[5.5398432,50.7518981]},"properties":{"column_1":"4690","column_2":"Glons","column_3":5.5398432,"column_4":50.7518981,"municipality_name_french":"Bassenge","arrondissement":"Arrondissement de Li\u00e8ge","province":"Province de Li\u00e8ge"}},{"type":"Feature","geometry":{"type":"Point","coordinates":[6.0073447,50.6804233]},"properties":{"column_1":"4710","column_2":"Lontzen","column_3":6.0073447,"column_4":50.6804233,"municipality_name_french":"Lontzen","arrondissement":"Arrondissement de Verviers","province":"Province de Li\u00e8ge"}},{"type":"Feature","geometry":{"type":"Point","coordinates":[6.0708402,50.7080172]},"properties":{"column_1":"4730","column_2":"Hauset","column_3":6.0708402,"column_4":50.7080172,"municipality_name_french":"Raeren","arrondissement":"Arrondissement de Verviers","province":"Province de Li\u00e8ge"}},{"type":"Feature","geometry":{"type":"Point","coordinates":[6.081697,50.6935863]},"properties":{"column_1":"4731","column_2":"Eynatten","column_3":6.081697,"column_4":50.6935863,"municipality_name_french":"Raeren","arrondissement":"Arrondissement de Verviers","province":"Province de Li\u00e8ge"}},{"type":"Feature","geometry":{"type":"Point","coordinates":[6.2053573,50.4267259]},"properties":{"column_1":"4750","column_2":"Butgenbach","column_3":6.2053573,"column_4":50.4267259,"municipality_name_french":"Butgenbach","arrondissement":"Arrondissement de Verviers","province":"Province de Li\u00e8ge"}},{"type":"Feature","geometry":{"type":"Point","coordinates":[6.2642498,50.2888095]},"properties":{"column_1":"4782","column_2":"Schoenberg","column_3":6.2642498,"column_4":50.2888095,"municipality_name_french":"Saint-Vith","arrondissement":"Arrondissement de Verviers","province":"Province de Li\u00e8ge"}},{"type":"Feature","geometry":{"type":"Point","coordinates":[6.1216793580592,50.174780874297]},"properties":{"column_1":"4790","column_2":"Burg-Reuland","column_3":6.1216793580592,"column_4":50.174780874297,"municipality_name_french":"Burg-Reuland","arrondissement":"Arrondissement de Verviers","province":"Province de Li\u00e8ge"}},{"type":"Feature","geometry":{"type":"Point","coordinates":[5.867539,50.57804]},"properties":{"column_1":"4802","column_2":"Heusy","column_3":5.867539,"column_4":50.57804,"municipality_name_french":"Verviers","arrondissement":"Arrondissement de Verviers","province":"Province de Li\u00e8ge"}},{"type":"Feature","geometry":{"type":"Point","coordinates":[5.9562188,50.6086202]},"properties":{"column_1":"4834","column_2":"Go\u00e9","column_3":5.9562188,"column_4":50.6086202,"municipality_name_french":"Limbourg","arrondissement":"Arrondissement de Verviers","province":"Province de Li\u00e8ge"}},{"type":"Feature","geometry":{"type":"Point","coordinates":[5.9715011,50.6311898]},"properties":{"column_1":"4837","column_2":"Baelen","column_3":5.9715011,"column_4":50.6311898,"municipality_name_french":"Baelen","arrondissement":"Arrondissement de Verviers","province":"Province de Li\u00e8ge"}},{"type":"Feature","geometry":{"type":"Point","coordinates":[5.883668,50.6589677]},"properties":{"column_1":"4890","column_2":"Clermont","column_3":5.883668,"column_4":50.6589677,"municipality_name_french":"Thimister-Clermont","arrondissement":"Arrondissement de Verviers","province":"Province de Li\u00e8ge"}},{"type":"Feature","geometry":{"type":"Point","coordinates":[5.873929354985,50.542907]},"properties":{"column_1":"4910","column_2":"Polleur","column_3":5.873929354985,"column_4":50.542907,"municipality_name_french":"Theux","arrondissement":"Arrondissement de Verviers","province":"Province de Li\u00e8ge"}},{"type":"Feature","geometry":{"type":"Point","coordinates":[5.6742167,50.4734827]},"properties":{"column_1":"4920","column_2":"Aywaille","column_3":5.6742167,"column_4":50.4734827,"municipality_name_french":"Aywaille","arrondissement":"Arrondissement de Li\u00e8ge","province":"Province de Li\u00e8ge"}},{"type":"Feature","geometry":{"type":"Point","coordinates":[5.9213974,50.3557319]},"properties":{"column_1":"4980","column_2":"Wanne","column_3":5.9213974,"column_4":50.3557319,"municipality_name_french":"Trois-Ponts","arrondissement":"Arrondissement de Verviers","province":"Province de Li\u00e8ge"}},{"type":"Feature","geometry":{"type":"Point","coordinates":[5.826789,50.3579736]},"properties":{"column_1":"4983","column_2":"Basse-Bodeux","column_3":5.826789,"column_4":50.3579736,"municipality_name_french":"Trois-Ponts","arrondissement":"Arrondissement de Verviers","province":"Province de Li\u00e8ge"}},{"type":"Feature","geometry":{"type":"Point","coordinates":[5.7309407,50.3208964]},"properties":{"column_1":"4990","column_2":"Bra","column_3":5.7309407,"column_4":50.3208964,"municipality_name_french":"Lierneux","arrondissement":"Arrondissement de Verviers","province":"Province de Li\u00e8ge"}},{"type":"Feature","geometry":{"type":"Point","coordinates":[4.7966661,50.4382517]},"properties":{"column_1":"5020","column_2":"Malonne","column_3":4.7966661,"column_4":50.4382517,"municipality_name_french":"Namur","arrondissement":"Arrondissement de Namur","province":"Province de Namur"}},{"type":"Feature","geometry":{"type":"Point","coordinates":[4.9615056,50.4864453]},"properties":{"column_1":"5024","column_2":"Marche-Les-Dames","column_3":4.9615056,"column_4":50.4864453,"municipality_name_french":"Namur","arrondissement":"Arrondissement de Namur","province":"Province de Namur"}},{"type":"Feature","geometry":{"type":"Point","coordinates":[4.6986933030313,50.5621964]},"properties":{"column_1":"5030","column_2":"Gembloux","column_3":4.6986933030313,"column_4":50.5621964,"municipality_name_french":"Gembloux","arrondissement":"Arrondissement de Namur","province":"Province de Namur"}},{"type":"Feature","geometry":{"type":"Point","coordinates":[4.683029,50.556923]},"properties":{"column_1":"5030","column_2":"Grand-Manil","column_3":4.683029,"column_4":50.556923,"municipality_name_french":"Gembloux","arrondissement":"Arrondissement de Namur","province":"Province de Namur"}},{"type":"Feature","geometry":{"type":"Point","coordinates":[4.6919946070362,50.52340745]},"properties":{"column_1":"5032","column_2":"Bossi\u00e8re","column_3":4.6919946070362,"column_4":50.52340745,"municipality_name_french":"Gembloux","arrondissement":"Arrondissement de Namur","province":"Province de Namur"}},{"type":"Feature","geometry":{"type":"Point","coordinates":[4.7406918,50.5105186]},"properties":{"column_1":"5032","column_2":"Isnes","column_3":4.7406918,"column_4":50.5105186,"municipality_name_french":"Gembloux","arrondissement":"Arrondissement de Namur","province":"Province de Namur"}},{"type":"Feature","geometry":{"type":"Point","coordinates":[4.6354624,50.4470193]},"properties":{"column_1":"5060","column_2":"Auvelais","column_3":4.6354624,"column_4":50.4470193,"municipality_name_french":"Sambreville","arrondissement":"Arrondissement de Namur","province":"Province de Namur"}},{"type":"Feature","geometry":{"type":"Point","coordinates":[4.5960062,50.4655148]},"properties":{"column_1":"5060","column_2":"Keumi\u00e9e","column_3":4.5960062,"column_4":50.4655148,"municipality_name_french":"Sambreville","arrondissement":"Arrondissement de Namur","province":"Province de Namur"}},{"type":"Feature","geometry":{"type":"Point","coordinates":[4.6196692,50.4409806]},"properties":{"column_1":"5060","column_2":"Sambreville","column_3":4.6196692,"column_4":50.4409806,"municipality_name_french":"Sambreville","arrondissement":"Arrondissement de Namur","province":"Province de Namur"}},{"type":"Feature","geometry":{"type":"Point","coordinates":[4.607595,50.4340969]},"properties":{"column_1":"5060","column_2":"Tamines","column_3":4.607595,"column_4":50.4340969,"municipality_name_french":"Sambreville","arrondissement":"Arrondissement de Namur","province":"Province de Namur"}},{"type":"Feature","geometry":{"type":"Point","coordinates":[4.6978935,50.3959512]},"properties":{"column_1":"5070","column_2":"Fosses-La-Ville","column_3":4.6978935,"column_4":50.3959512,"municipality_name_french":"Fosses-la-Ville","arrondissement":"Arrondissement de Namur","province":"Province de Namur"}},{"type":"Feature","geometry":{"type":"Point","coordinates":[5.7266989,50.4133942]},"properties":{"column_1":"5080","column_2":"La Bruy\u00e8re","column_3":5.7266989,"column_4":50.4133942,"municipality_name_french":"La Bruy\u00e8re","arrondissement":"Arrondissement de Verviers","province":"Province de Li\u00e8ge"}},{"type":"Feature","geometry":{"type":"Point","coordinates":[4.7909700280289,50.5005948]},"properties":{"column_1":"5080","column_2":"Rhisnes","column_3":4.7909700280289,"column_4":50.5005948,"municipality_name_french":"La Bruy\u00e8re","arrondissement":"Arrondissement de Namur","province":"Province de Namur"}},{"type":"Feature","geometry":{"type":"Point","coordinates":[4.8785294244785,50.458883332027]},"properties":{"column_1":"5100","column_2":"Jambes","column_3":4.8785294244785,"column_4":50.458883332027,"municipality_name_french":"Namur","arrondissement":"Arrondissement de Namur","province":"Province de Namur"}},{"type":"Feature","geometry":{"type":"Point","coordinates":[4.9497445929374,50.4286275]},"properties":{"column_1":"5100","column_2":"Wierde","column_3":4.9497445929374,"column_4":50.4286275,"municipality_name_french":"Namur","arrondissement":"Arrondissement de Namur","province":"Province de Namur"}},{"type":"Feature","geometry":{"type":"Point","coordinates":[4.9384059263709,50.47132665]},"properties":{"column_1":"5101","column_2":"Lives-Sur-Meuse","column_3":4.9384059263709,"column_4":50.47132665,"municipality_name_french":"Namur","arrondissement":"Arrondissement de Namur","province":"Province de Namur"}},{"type":"Feature","geometry":{"type":"Point","coordinates":[4.7317891,50.4389093]},"properties":{"column_1":"5150","column_2":"Frani\u00e8re","column_3":4.7317891,"column_4":50.4389093,"municipality_name_french":"Floreffe","arrondissement":"Arrondissement de Namur","province":"Province de Namur"}},{"type":"Feature","geometry":{"type":"Point","coordinates":[4.8724268,50.3580729]},"properties":{"column_1":"5170","column_2":"Rivi\u00e8re","column_3":4.8724268,"column_4":50.3580729,"municipality_name_french":"Profondeville","arrondissement":"Arrondissement de Namur","province":"Province de Namur"}},{"type":"Feature","geometry":{"type":"Point","coordinates":[4.9947316,50.4712487]},"properties":{"column_1":"5300","column_2":"Nam\u00eache","column_3":4.9947316,"column_4":50.4712487,"municipality_name_french":"Andenne","arrondissement":"Arrondissement de Namur","province":"Province de Namur"}},{"type":"Feature","geometry":{"type":"Point","coordinates":[4.9299565,50.6003478]},"properties":{"column_1":"5310","column_2":"Bolinne","column_3":4.9299565,"column_4":50.6003478,"municipality_name_french":"\u00c9ghez\u00e9e","arrondissement":"Arrondissement de Namur","province":"Province de Namur"}},{"type":"Feature","geometry":{"type":"Point","coordinates":[4.971969,50.629691]},"properties":{"column_1":"5310","column_2":"Branchon","column_3":4.971969,"column_4":50.629691,"municipality_name_french":"\u00c9ghez\u00e9e","arrondissement":"Arrondissement de Namur","province":"Province de Namur"}},{"type":"Feature","geometry":{"type":"Point","coordinates":[4.8311032,50.5821124]},"properties":{"column_1":"5310","column_2":"Liernu","column_3":4.8311032,"column_4":50.5821124,"municipality_name_french":"\u00c9ghez\u00e9e","arrondissement":"Arrondissement de Namur","province":"Province de Namur"}},{"type":"Feature","geometry":{"type":"Point","coordinates":[4.9217571,50.5417091]},"properties":{"column_1":"5310","column_2":"Waret-La-Chauss\u00e9e","column_3":4.9217571,"column_4":50.5417091,"municipality_name_french":"\u00c9ghez\u00e9e","arrondissement":"Arrondissement de Namur","province":"Province de Namur"}},{"type":"Feature","geometry":{"type":"Point","coordinates":[5.0191438,50.4272928]},"properties":{"column_1":"5340","column_2":"Faulx-Les-Tombes","column_3":5.0191438,"column_4":50.4272928,"municipality_name_french":"Gesves","arrondissement":"Arrondissement de Namur","province":"Province de Namur"}},{"type":"Feature","geometry":{"type":"Point","coordinates":[5.1237159,50.3579006]},"properties":{"column_1":"5364","column_2":"Schaltin","column_3":5.1237159,"column_4":50.3579006,"municipality_name_french":"Hamois","arrondissement":"Arrondissement de Dinant","province":"Province de Namur"}},{"type":"Feature","geometry":{"type":"Point","coordinates":[5.1845059,50.3883757]},"properties":{"column_1":"5370","column_2":"Flostoy","column_3":5.1845059,"column_4":50.3883757,"municipality_name_french":"Havelange","arrondissement":"Arrondissement de Dinant","province":"Province de Namur"}},{"type":"Feature","geometry":{"type":"Point","coordinates":[5.23958,50.3870946]},"properties":{"column_1":"5370","column_2":"Havelange","column_3":5.23958,"column_4":50.3870946,"municipality_name_french":"Havelange","arrondissement":"Arrondissement de Dinant","province":"Province de Namur"}},{"type":"Feature","geometry":{"type":"Point","coordinates":[5.2451952,50.3563281]},"properties":{"column_1":"5370","column_2":"Jeneffe","column_3":5.2451952,"column_4":50.3563281,"municipality_name_french":"Havelange","arrondissement":"Arrondissement de Dinant","province":"Province de Namur"}},{"type":"Feature","geometry":{"type":"Point","coordinates":[5.2795649,50.3675402]},"properties":{"column_1":"5370","column_2":"Verl\u00e9e","column_3":5.2795649,"column_4":50.3675402,"municipality_name_french":"Havelange","arrondissement":"Arrondissement de Dinant","province":"Province de Namur"}},{"type":"Feature","geometry":{"type":"Point","coordinates":[5.2612996,50.2910362]},"properties":{"column_1":"5377","column_2":"Nettinne","column_3":5.2612996,"column_4":50.2910362,"municipality_name_french":"Somme-Leuze","arrondissement":"Arrondissement de Dinant","province":"Province de Namur"}},{"type":"Feature","geometry":{"type":"Point","coordinates":[4.9759589,50.5210841]},"properties":{"column_1":"5380","column_2":"Franc-Waret","column_3":4.9759589,"column_4":50.5210841,"municipality_name_french":"Fernelmont","arrondissement":"Arrondissement de Namur","province":"Province de Namur"}},{"type":"Feature","geometry":{"type":"Point","coordinates":[4.907923,50.23791]},"properties":{"column_1":"5500","column_2":"Anseremme","column_3":4.907923,"column_4":50.23791,"municipality_name_french":"Dinant","arrondissement":"Arrondissement de Dinant","province":"Province de Namur"}},{"type":"Feature","geometry":{"type":"Point","coordinates":[4.8971396,50.2003101]},"properties":{"column_1":"5500","column_2":"Falmagne","column_3":4.8971396,"column_4":50.2003101,"municipality_name_french":"Dinant","arrondissement":"Arrondissement de Dinant","province":"Province de Namur"}},{"type":"Feature","geometry":{"type":"Point","coordinates":[4.8245344,50.2596445]},"properties":{"column_1":"5523","column_2":"Weillen","column_3":4.8245344,"column_4":50.2596445,"municipality_name_french":"Onhaye","arrondissement":"Arrondissement de Dinant","province":"Province de Namur"}},{"type":"Feature","geometry":{"type":"Point","coordinates":[4.97325,50.3173377]},"properties":{"column_1":"5530","column_2":"Dorinne","column_3":4.97325,"column_4":50.3173377,"municipality_name_french":"Yvoir","arrondissement":"Arrondissement de Dinant","province":"Province de Namur"}},{"type":"Feature","geometry":{"type":"Point","coordinates":[5.7909538,50.5341607]},"properties":{"column_1":"5530","column_2":"Mont","column_3":5.7909538,"column_4":50.5341607,"municipality_name_french":"Yvoir","arrondissement":"Arrondissement de Verviers","province":"Province de Li\u00e8ge"}},{"type":"Feature","geometry":{"type":"Point","coordinates":[4.7815722,50.2955787]},"properties":{"column_1":"5537","column_2":"Sosoye","column_3":4.7815722,"column_4":50.2955787,"municipality_name_french":"Anh\u00e9e","arrondissement":"Arrondissement de Dinant","province":"Province de Namur"}},{"type":"Feature","geometry":{"type":"Point","coordinates":[4.8242423,50.216541]},"properties":{"column_1":"5540","column_2":"Hasti\u00e8re-Lavaux","column_3":4.8242423,"column_4":50.216541,"municipality_name_french":"Hasti\u00e8re","arrondissement":"Arrondissement de Dinant","province":"Province de Namur"}},{"type":"Feature","geometry":{"type":"Point","coordinates":[4.8632452,50.2032886]},"properties":{"column_1":"5540","column_2":"Waulsort","column_3":4.8632452,"column_4":50.2032886,"municipality_name_french":"Hasti\u00e8re","arrondissement":"Arrondissement de Dinant","province":"Province de Namur"}},{"type":"Feature","geometry":{"type":"Point","coordinates":[4.9489546,49.8612272]},"properties":{"column_1":"5550","column_2":"Chairi\u00e8re","column_3":4.9489546,"column_4":49.8612272,"municipality_name_french":"Vresse-sur-Semois","arrondissement":"Arrondissement de Dinant","province":"Province de Namur"}},{"type":"Feature","geometry":{"type":"Point","coordinates":[4.9172157,49.9106502]},"properties":{"column_1":"5550","column_2":"Nafraiture","column_3":4.9172157,"column_4":49.9106502,"municipality_name_french":"Vresse-sur-Semois","arrondissement":"Arrondissement de Dinant","province":"Province de Namur"}},{"type":"Feature","geometry":{"type":"Point","coordinates":[5.0267634,49.8994469]},"properties":{"column_1":"5555","column_2":"Baillamont","column_3":5.0267634,"column_4":49.8994469,"municipality_name_french":"Bi\u00e8vre","arrondissement":"Arrondissement de Dinant","province":"Province de Namur"}},{"type":"Feature","geometry":{"type":"Point","coordinates":[4.9675442,49.9015726]},"properties":{"column_1":"5555","column_2":"Petit-Fays","column_3":4.9675442,"column_4":49.9015726,"municipality_name_french":"Bi\u00e8vre","arrondissement":"Arrondissement de Dinant","province":"Province de Namur"}},{"type":"Feature","geometry":{"type":"Point","coordinates":[4.947825,50.201583]},"properties":{"column_1":"5560","column_2":"Hulsonniaux","column_3":4.947825,"column_4":50.201583,"municipality_name_french":"Houyet","arrondissement":"Arrondissement de Dinant","province":"Province de Namur"}},{"type":"Feature","geometry":{"type":"Point","coordinates":[5.0058339,50.2312617]},"properties":{"column_1":"5561","column_2":"Celles","column_3":5.0058339,"column_4":50.2312617,"municipality_name_french":"Houyet","arrondissement":"Arrondissement de Dinant","province":"Province de Namur"}},{"type":"Feature","geometry":{"type":"Point","coordinates":[5.061512,50.1593381]},"properties":{"column_1":"5564","column_2":"Wanlin","column_3":5.061512,"column_4":50.1593381,"municipality_name_french":"Houyet","arrondissement":"Arrondissement de Dinant","province":"Province de Namur"}},{"type":"Feature","geometry":{"type":"Point","coordinates":[4.8883798,50.1178162]},"properties":{"column_1":"5570","column_2":"Dion","column_3":4.8883798,"column_4":50.1178162,"municipality_name_french":"Beauraing","arrondissement":"Arrondissement de Dinant","province":"Province de Namur"}},{"type":"Feature","geometry":{"type":"Point","coordinates":[4.961015,50.0920374]},"properties":{"column_1":"5570","column_2":"Wancennes","column_3":4.961015,"column_4":50.0920374,"municipality_name_french":"Beauraing","arrondissement":"Arrondissement de Dinant","province":"Province de Namur"}},{"type":"Feature","geometry":{"type":"Point","coordinates":[5.0408552,50.1314538]},"properties":{"column_1":"5572","column_2":"Focant","column_3":5.0408552,"column_4":50.1314538,"municipality_name_french":"Beauraing","arrondissement":"Arrondissement de Dinant","province":"Province de Namur"}},{"type":"Feature","geometry":{"type":"Point","coordinates":[4.855026,50.0250695]},"properties":{"column_1":"5575","column_2":"Bourseigne-Neuve","column_3":4.855026,"column_4":50.0250695,"municipality_name_french":"Gedinne","arrondissement":"Arrondissement de Dinant","province":"Province de Namur"}},{"type":"Feature","geometry":{"type":"Point","coordinates":[5.000634,50.0604028]},"properties":{"column_1":"5576","column_2":"Froidfontaine","column_3":5.000634,"column_4":50.0604028,"municipality_name_french":"Beauraing","arrondissement":"Arrondissement de Dinant","province":"Province de Namur"}},{"type":"Feature","geometry":{"type":"Point","coordinates":[5.1713525249725,50.1502721]},"properties":{"column_1":"5580","column_2":"Eprave","column_3":5.1713525249725,"column_4":50.1502721,"municipality_name_french":"Rochefort","arrondissement":"Arrondissement de Dinant","province":"Province de Namur"}},{"type":"Feature","geometry":{"type":"Point","coordinates":[5.120824,50.2092771]},"properties":{"column_1":"5580","column_2":"Mont-Gauthier","column_3":5.120824,"column_4":50.2092771,"municipality_name_french":"Rochefort","arrondissement":"Arrondissement de Dinant","province":"Province de Namur"}},{"type":"Feature","geometry":{"type":"Point","coordinates":[5.0974251,50.2949558]},"properties":{"column_1":"5590","column_2":"Ciney","column_3":5.0974251,"column_4":50.2949558,"municipality_name_french":"Ciney","arrondissement":"Arrondissement de Dinant","province":"Province de Namur"}},{"type":"Feature","geometry":{"type":"Point","coordinates":[4.5079027,50.2122411]},"properties":{"column_1":"5600","column_2":"Jamiolle","column_3":4.5079027,"column_4":50.2122411,"municipality_name_french":"Philippeville","arrondissement":"Arrondissement de Philippeville","province":"Province de Namur"}},{"type":"Feature","geometry":{"type":"Point","coordinates":[4.5449033,50.195588]},"properties":{"column_1":"5600","column_2":"Philippeville","column_3":4.5449033,"column_4":50.195588,"municipality_name_french":"Philippeville","arrondissement":"Arrondissement de Philippeville","province":"Province de Namur"}},{"type":"Feature","geometry":{"type":"Point","coordinates":[4.5381501,50.1356527]},"properties":{"column_1":"5600","column_2":"Roly","column_3":4.5381501,"column_4":50.1356527,"municipality_name_french":"Philippeville","arrondissement":"Arrondissement de Philippeville","province":"Province de Namur"}},{"type":"Feature","geometry":{"type":"Point","coordinates":[4.5846227,50.1457902]},"properties":{"column_1":"5600","column_2":"Villers-En-Fagne","column_3":4.5846227,"column_4":50.1457902,"municipality_name_french":"Philippeville","arrondissement":"Arrondissement de Philippeville","province":"Province de Namur"}},{"type":"Feature","geometry":{"type":"Point","coordinates":[4.5920788,50.1972001]},"properties":{"column_1":"5600","column_2":"Vodec\u00e9e","column_3":4.5920788,"column_4":50.1972001,"municipality_name_french":"Philippeville","arrondissement":"Arrondissement de Philippeville","province":"Province de Namur"}},{"type":"Feature","geometry":{"type":"Point","coordinates":[4.6876566,50.2323028]},"properties":{"column_1":"5620","column_2":"Ros\u00e9e","column_3":4.6876566,"column_4":50.2323028,"municipality_name_french":"Florennes","arrondissement":"Arrondissement de Philippeville","province":"Province de Namur"}},{"type":"Feature","geometry":{"type":"Point","coordinates":[4.4103561,50.2251302]},"properties":{"column_1":"5630","column_2":"Silenrieux","column_3":4.4103561,"column_4":50.2251302,"municipality_name_french":"Cerfontaine","arrondissement":"Arrondissement de Philippeville","province":"Province de Namur"}},{"type":"Feature","geometry":{"type":"Point","coordinates":[4.4366472,50.1896906]},"properties":{"column_1":"5630","column_2":"Soumoy","column_3":4.4366472,"column_4":50.1896906,"municipality_name_french":"Cerfontaine","arrondissement":"Arrondissement de Philippeville","province":"Province de Namur"}},{"type":"Feature","geometry":{"type":"Point","coordinates":[4.7203188,50.325597]},"properties":{"column_1":"5640","column_2":"Graux","column_3":4.7203188,"column_4":50.325597,"municipality_name_french":"Mettet","arrondissement":"Arrondissement de Namur","province":"Province de Namur"}},{"type":"Feature","geometry":{"type":"Point","coordinates":[4.615806,50.3004056]},"properties":{"column_1":"5640","column_2":"Oret","column_3":4.615806,"column_4":50.3004056,"municipality_name_french":"Mettet","arrondissement":"Arrondissement de Namur","province":"Province de Namur"}},{"type":"Feature","geometry":{"type":"Point","coordinates":[4.7395306,50.3463414]},"properties":{"column_1":"5640","column_2":"Saint-G\u00e9rard","column_3":4.7395306,"column_4":50.3463414,"municipality_name_french":"Mettet","arrondissement":"Arrondissement de Namur","province":"Province de Namur"}},{"type":"Feature","geometry":{"type":"Point","coordinates":[4.3173399,50.2598853]},"properties":{"column_1":"5650","column_2":"Clermont","column_3":4.3173399,"column_4":50.2598853,"municipality_name_french":"Walcourt","arrondissement":"Arrondissement de Philippeville","province":"Province de Namur"}},{"type":"Feature","geometry":{"type":"Point","coordinates":[4.456597,50.2899588]},"properties":{"column_1":"5651","column_2":"Gourdinne","column_3":4.456597,"column_4":50.2899588,"municipality_name_french":"Walcourt","arrondissement":"Arrondissement de Philippeville","province":"Province de Namur"}},{"type":"Feature","geometry":{"type":"Point","coordinates":[4.4278716,50.2827004]},"properties":{"column_1":"5651","column_2":"Thy-Le-Ch\u00e2teau","column_3":4.4278716,"column_4":50.2827004,"municipality_name_french":"Walcourt","arrondissement":"Arrondissement de Philippeville","province":"Province de Namur"}},{"type":"Feature","geometry":{"type":"Point","coordinates":[4.4955009,50.0524906]},"properties":{"column_1":"5660","column_2":"Couvin","column_3":4.4955009,"column_4":50.0524906,"municipality_name_french":"Couvin","arrondissement":"Arrondissement de Philippeville","province":"Province de Namur"}},{"type":"Feature","geometry":{"type":"Point","coordinates":[4.4236449,50.0374018]},"properties":{"column_1":"5660","column_2":"Gonrieux","column_3":4.4236449,"column_4":50.0374018,"municipality_name_french":"Couvin","arrondissement":"Arrondissement de Philippeville","province":"Province de Namur"}},{"type":"Feature","geometry":{"type":"Point","coordinates":[4.634249,50.080269]},"properties":{"column_1":"5670","column_2":"Vierves-Sur-Viroin","column_3":4.634249,"column_4":50.080269,"municipality_name_french":"Viroinval","arrondissement":"Arrondissement de Philippeville","province":"Province de Namur"}},{"type":"Feature","geometry":{"type":"Point","coordinates":[4.7458219,50.1357152]},"properties":{"column_1":"5680","column_2":"Doische","column_3":4.7458219,"column_4":50.1357152,"municipality_name_french":"Doische","arrondissement":"Arrondissement de Philippeville","province":"Province de Namur"}},{"type":"Feature","geometry":{"type":"Point","coordinates":[4.7141334,50.1315986]},"properties":{"column_1":"5680","column_2":"Gimn\u00e9e","column_3":4.7141334,"column_4":50.1315986,"municipality_name_french":"Doische","arrondissement":"Arrondissement de Philippeville","province":"Province de Namur"}},{"type":"Feature","geometry":{"type":"Point","coordinates":[4.6236448,50.1171293]},"properties":{"column_1":"5680","column_2":"Matagne-La-Grande","column_3":4.6236448,"column_4":50.1171293,"municipality_name_french":"Doische","arrondissement":"Arrondissement de Philippeville","province":"Province de Namur"}},{"type":"Feature","geometry":{"type":"Point","coordinates":[4.3611946147288,50.41684425]},"properties":{"column_1":"6030","column_2":"Goutroux","column_3":4.3611946147288,"column_4":50.41684425,"municipality_name_french":"Charleroi","arrondissement":"Arrondissement de Charleroi","province":"Province du Hainaut"}},{"type":"Feature","geometry":{"type":"Point","coordinates":[4.4046365,50.3902046]},"properties":{"column_1":"6032","column_2":"Mont-Sur-Marchienne","column_3":4.4046365,"column_4":50.3902046,"municipality_name_french":"Charleroi","arrondissement":"Arrondissement de Charleroi","province":"Province du Hainaut"}},{"type":"Feature","geometry":{"type":"Point","coordinates":[4.4127635,50.3528702]},"properties":{"column_1":"6120","column_2":"Jamioulx","column_3":4.4127635,"column_4":50.3528702,"municipality_name_french":"Ham-sur-Heure-Nalinnes","arrondissement":"Arrondissement de Thuin","province":"Province du Hainaut"}},{"type":"Feature","geometry":{"type":"Point","coordinates":[4.4466922,50.3249486]},"properties":{"column_1":"6120","column_2":"Nalinnes","column_3":4.4466922,"column_4":50.3249486,"municipality_name_french":"Ham-sur-Heure-Nalinnes","arrondissement":"Arrondissement de Thuin","province":"Province du Hainaut"}},{"type":"Feature","geometry":{"type":"Point","coordinates":[4.3317415,50.4665295]},"properties":{"column_1":"6183","column_2":"Trazegnies","column_3":4.3317415,"column_4":50.4665295,"municipality_name_french":"Courcelles","arrondissement":"Arrondissement de Charleroi","province":"Province du Hainaut"}},{"type":"Feature","geometry":{"type":"Point","coordinates":[4.5151961,50.390213]},"properties":{"column_1":"6200","column_2":"Bouffioulx","column_3":4.5151961,"column_4":50.390213,"municipality_name_french":"Ch\u00e2telet","arrondissement":"Arrondissement de Charleroi","province":"Province du Hainaut"}},{"type":"Feature","geometry":{"type":"Point","coordinates":[4.5243511,50.4046075]},"properties":{"column_1":"6200","column_2":"Ch\u00e2telet","column_3":4.5243511,"column_4":50.4046075,"municipality_name_french":"Ch\u00e2telet","arrondissement":"Arrondissement de Charleroi","province":"Province du Hainaut"}},{"type":"Feature","geometry":{"type":"Point","coordinates":[4.4501525,50.5376477]},"properties":{"column_1":"6210","column_2":"Frasnes-Lez-Gosselies","column_3":4.4501525,"column_4":50.5376477,"municipality_name_french":"Les Bons Villers","arrondissement":"Arrondissement de Charleroi","province":"Province du Hainaut"}},{"type":"Feature","geometry":{"type":"Point","coordinates":[4.5273110200086,50.52262195]},"properties":{"column_1":"6223","column_2":"Wagnel\u00e9e","column_3":4.5273110200086,"column_4":50.52262195,"municipality_name_french":"Fleurus","arrondissement":"Arrondissement de Charleroi","province":"Province du Hainaut"}},{"type":"Feature","geometry":{"type":"Point","coordinates":[4.3401322241149,50.53439825]},"properties":{"column_1":"6230","column_2":"Obaix","column_3":4.3401322241149,"column_4":50.53439825,"municipality_name_french":"Pont-\u00e0-Celles","arrondissement":"Arrondissement de Charleroi","province":"Province du Hainaut"}},{"type":"Feature","geometry":{"type":"Point","coordinates":[4.4243830944654,50.5152429]},"properties":{"column_1":"6238","column_2":"Liberchies","column_3":4.4243830944654,"column_4":50.5152429,"municipality_name_french":"Pont-\u00e0-Celles","arrondissement":"Arrondissement de Charleroi","province":"Province du Hainaut"}},{"type":"Feature","geometry":{"type":"Point","coordinates":[4.5459892,50.4173702]},"properties":{"column_1":"6250","column_2":"Pont-De-Loup","column_3":4.5459892,"column_4":50.4173702,"municipality_name_french":"Aiseau-Presles","arrondissement":"Arrondissement de Charleroi","province":"Province du Hainaut"}},{"type":"Feature","geometry":{"type":"Point","coordinates":[4.5786617,50.3850088]},"properties":{"column_1":"6250","column_2":"Presles","column_3":4.5786617,"column_4":50.3850088,"municipality_name_french":"Aiseau-Presles","arrondissement":"Arrondissement de Charleroi","province":"Province du Hainaut"}},{"type":"Feature","geometry":{"type":"Point","coordinates":[4.3173338,50.0479266]},"properties":{"column_1":"6460","column_2":"Chimay","column_3":4.3173338,"column_4":50.0479266,"municipality_name_french":"Chimay","arrondissement":"Arrondissement de Thuin","province":"Province du Hainaut"}},{"type":"Feature","geometry":{"type":"Point","coordinates":[4.2383115,50.2355294]},"properties":{"column_1":"6500","column_2":"Beaumont","column_3":4.2383115,"column_4":50.2355294,"municipality_name_french":"Beaumont","arrondissement":"Arrondissement de Thuin","province":"Province du Hainaut"}},{"type":"Feature","geometry":{"type":"Point","coordinates":[4.2837674,50.3081977]},"properties":{"column_1":"6532","column_2":"Ragnies","column_3":4.2837674,"column_4":50.3081977,"municipality_name_french":"Thuin","arrondissement":"Arrondissement de Thuin","province":"Province du Hainaut"}},{"type":"Feature","geometry":{"type":"Point","coordinates":[4.329007,50.2947304]},"properties":{"column_1":"6536","column_2":"Thuillies","column_3":4.329007,"column_4":50.2947304,"municipality_name_french":"Thuin","arrondissement":"Arrondissement de Thuin","province":"Province du Hainaut"}},{"type":"Feature","geometry":{"type":"Point","coordinates":[4.1783639,50.3057605]},"properties":{"column_1":"6560","column_2":"Hantes-Wih\u00e9ries","column_3":4.1783639,"column_4":50.3057605,"municipality_name_french":"Erquelinnes","arrondissement":"Arrondissement de Thuin","province":"Province du Hainaut"}},{"type":"Feature","geometry":{"type":"Point","coordinates":[4.1649981,50.0286317]},"properties":{"column_1":"6590","column_2":"Momignies","column_3":4.1649981,"column_4":50.0286317,"municipality_name_french":"Momignies","arrondissement":"Arrondissement de Thuin","province":"Province du Hainaut"}},{"type":"Feature","geometry":{"type":"Point","coordinates":[4.2096331,50.052122]},"properties":{"column_1":"6591","column_2":"Macon","column_3":4.2096331,"column_4":50.052122,"municipality_name_french":"Momignies","arrondissement":"Arrondissement de Thuin","province":"Province du Hainaut"}},{"type":"Feature","geometry":{"type":"Point","coordinates":[4.1802891,49.9755399]},"properties":{"column_1":"6593","column_2":"Macquenoise","column_3":4.1802891,"column_4":49.9755399,"municipality_name_french":"Momignies","arrondissement":"Arrondissement de Thuin","province":"Province du Hainaut"}},{"type":"Feature","geometry":{"type":"Point","coordinates":[5.7376366,49.8313323]},"properties":{"column_1":"6630","column_2":"Martelange","column_3":5.7376366,"column_4":49.8313323,"municipality_name_french":"Martelange","arrondissement":"Arrondissement d\u2019Arlon","province":"Province du Luxembourg"}},{"type":"Feature","geometry":{"type":"Point","coordinates":[5.7518438,49.878638]},"properties":{"column_1":"6637","column_2":"Tintange","column_3":5.7518438,"column_4":49.878638,"municipality_name_french":"Fauvillers","arrondissement":"Arrondissement de Bastogne","province":"Province du Luxembourg"}},{"type":"Feature","geometry":{"type":"Point","coordinates":[5.6866728,49.9437838]},"properties":{"column_1":"6640","column_2":"Hompr\u00e9","column_3":5.6866728,"column_4":49.9437838,"municipality_name_french":"Vaux-sur-S\u00fbre","arrondissement":"Arrondissement de Bastogne","province":"Province du Luxembourg"}},{"type":"Feature","geometry":{"type":"Point","coordinates":[5.602746,49.9121387]},"properties":{"column_1":"6640","column_2":"Nives","column_3":5.602746,"column_4":49.9121387,"municipality_name_french":"Vaux-sur-S\u00fbre","arrondissement":"Arrondissement de Bastogne","province":"Province du Luxembourg"}},{"type":"Feature","geometry":{"type":"Point","coordinates":[5.5908285596978,49.908755829225]},"properties":{"column_1":"6640","column_2":"Vaux-Sur-S\u00fbre","column_3":5.5908285596978,"column_4":49.908755829225,"municipality_name_french":"Vaux-sur-S\u00fbre","arrondissement":"Arrondissement de Bastogne","province":"Province du Luxembourg"}},{"type":"Feature","geometry":{"type":"Point","coordinates":[5.9672766,50.3074461]},"properties":{"column_1":"6692","column_2":"Petit-Thier","column_3":5.9672766,"column_4":50.3074461,"municipality_name_french":"Vielsalm","arrondissement":"Arrondissement de Bastogne","province":"Province du Luxembourg"}},{"type":"Feature","geometry":{"type":"Point","coordinates":[5.8190143,49.7107729]},"properties":{"column_1":"6700","column_2":"Bonnert","column_3":5.8190143,"column_4":49.7107729,"municipality_name_french":"Arlon","arrondissement":"Arrondissement d\u2019Arlon","province":"Province du Luxembourg"}},{"type":"Feature","geometry":{"type":"Point","coordinates":[5.8675666,49.6499559]},"properties":{"column_1":"6706","column_2":"Autelbas","column_3":5.8675666,"column_4":49.6499559,"municipality_name_french":"Arlon","arrondissement":"Arrondissement d\u2019Arlon","province":"Province du Luxembourg"}},{"type":"Feature","geometry":{"type":"Point","coordinates":[5.8099377,49.7266352]},"properties":{"column_1":"6717","column_2":"Tontelange","column_3":5.8099377,"column_4":49.7266352,"municipality_name_french":"Attert","arrondissement":"Arrondissement d\u2019Arlon","province":"Province du Luxembourg"}},{"type":"Feature","geometry":{"type":"Point","coordinates":[5.620414,49.772082]},"properties":{"column_1":"6721","column_2":"Anlier","column_3":5.620414,"column_4":49.772082,"municipality_name_french":"Habay","arrondissement":"Arrondissement de Virton","province":"Province du Luxembourg"}},{"type":"Feature","geometry":{"type":"Point","coordinates":[5.558116,49.7181041]},"properties":{"column_1":"6724","column_2":"Rulles","column_3":5.558116,"column_4":49.7181041,"municipality_name_french":"Habay","arrondissement":"Arrondissement de Virton","province":"Province du Luxembourg"}},{"type":"Feature","geometry":{"type":"Point","coordinates":[5.4979103,49.6649541]},"properties":{"column_1":"6730","column_2":"Bellefontaine","column_3":5.4979103,"column_4":49.6649541,"municipality_name_french":"Tintigny","arrondissement":"Arrondissement de Virton","province":"Province du Luxembourg"}},{"type":"Feature","geometry":{"type":"Point","coordinates":[5.6617004,49.5714143]},"properties":{"column_1":"6750","column_2":"Mussy-La-Ville","column_3":5.6617004,"column_4":49.5714143,"municipality_name_french":"Musson","arrondissement":"Arrondissement de Virton","province":"Province du Luxembourg"}},{"type":"Feature","geometry":{"type":"Point","coordinates":[5.5766897,49.5814209]},"properties":{"column_1":"6760","column_2":"Ethe","column_3":5.5766897,"column_4":49.5814209,"municipality_name_french":"Virton","arrondissement":"Arrondissement de Virton","province":"Province du Luxembourg"}},{"type":"Feature","geometry":{"type":"Point","coordinates":[5.5704642,49.5581925]},"properties":{"column_1":"6761","column_2":"Latour","column_3":5.5704642,"column_4":49.5581925,"municipality_name_french":"Virton","arrondissement":"Arrondissement de Virton","province":"Province du Luxembourg"}},{"type":"Feature","geometry":{"type":"Point","coordinates":[5.4795124,49.5262083]},"properties":{"column_1":"6767","column_2":"Lamorteau","column_3":5.4795124,"column_4":49.5262083,"municipality_name_french":"Rouvroy","arrondissement":"Arrondissement de Virton","province":"Province du Luxembourg"}},{"type":"Feature","geometry":{"type":"Point","coordinates":[5.8317661,49.5642065]},"properties":{"column_1":"6791","column_2":"Athus","column_3":5.8317661,"column_4":49.5642065,"municipality_name_french":"Aubange","arrondissement":"Arrondissement d\u2019Arlon","province":"Province du Luxembourg"}},{"type":"Feature","geometry":{"type":"Point","coordinates":[5.7422467,49.5590364]},"properties":{"column_1":"6792","column_2":"Halanzy","column_3":5.7422467,"column_4":49.5590364,"municipality_name_french":"Aubange","arrondissement":"Arrondissement d\u2019Arlon","province":"Province du Luxembourg"}},{"type":"Feature","geometry":{"type":"Point","coordinates":[5.3823537,49.9197154]},"properties":{"column_1":"6800","column_2":"Libramont-Chevigny","column_3":5.3823537,"column_4":49.9197154,"municipality_name_french":"Libramont-Chevigny","arrondissement":"Arrondissement de Neufch\u00e2teau","province":"Province du Luxembourg"}},{"type":"Feature","geometry":{"type":"Point","coordinates":[5.494626,49.9764499]},"properties":{"column_1":"6800","column_2":"Remagne","column_3":5.494626,"column_4":49.9764499,"municipality_name_french":"Libramont-Chevigny","arrondissement":"Arrondissement de Neufch\u00e2teau","province":"Province du Luxembourg"}},{"type":"Feature","geometry":{"type":"Point","coordinates":[5.4579753,49.7071328]},"properties":{"column_1":"6813","column_2":"Termes","column_3":5.4579753,"column_4":49.7071328,"municipality_name_french":"Chiny","arrondissement":"Arrondissement de Virton","province":"Province du Luxembourg"}},{"type":"Feature","geometry":{"type":"Point","coordinates":[5.234469,49.71508]},"properties":{"column_1":"6820","column_2":"Fontenoille","column_3":5.234469,"column_4":49.71508,"municipality_name_french":"Florenville","arrondissement":"Arrondissement de Virton","province":"Province du Luxembourg"}},{"type":"Feature","geometry":{"type":"Point","coordinates":[5.331466,49.6185771]},"properties":{"column_1":"6823","column_2":"Villers-Devant-Orval","column_3":5.331466,"column_4":49.6185771,"municipality_name_french":"Florenville","arrondissement":"Arrondissement de Virton","province":"Province du Luxembourg"}},{"type":"Feature","geometry":{"type":"Point","coordinates":[5.0065337,49.7976297]},"properties":{"column_1":"6838","column_2":"Corbion","column_3":5.0065337,"column_4":49.7976297,"municipality_name_french":"Bouillon","arrondissement":"Arrondissement de Neufch\u00e2teau","province":"Province du Luxembourg"}},{"type":"Feature","geometry":{"type":"Point","coordinates":[5.3717959,49.8576034]},"properties":{"column_1":"6840","column_2":"Grandvoir","column_3":5.3717959,"column_4":49.8576034,"municipality_name_french":"Neufch\u00e2teau","arrondissement":"Arrondissement de Neufch\u00e2teau","province":"Province du Luxembourg"}},{"type":"Feature","geometry":{"type":"Point","coordinates":[5.4076005,49.8215033]},"properties":{"column_1":"6840","column_2":"Grapfontaine","column_3":5.4076005,"column_4":49.8215033,"municipality_name_french":"Neufch\u00e2teau","arrondissement":"Arrondissement de Neufch\u00e2teau","province":"Province du Luxembourg"}},{"type":"Feature","geometry":{"type":"Point","coordinates":[5.4564462,49.8359615]},"properties":{"column_1":"6840","column_2":"Hamipr\u00e9","column_3":5.4564462,"column_4":49.8359615,"municipality_name_french":"Neufch\u00e2teau","arrondissement":"Arrondissement de Neufch\u00e2teau","province":"Province du Luxembourg"}},{"type":"Feature","geometry":{"type":"Point","coordinates":[5.4609005,49.8562222]},"properties":{"column_1":"6840","column_2":"Longlier","column_3":5.4609005,"column_4":49.8562222,"municipality_name_french":"Neufch\u00e2teau","arrondissement":"Arrondissement de Neufch\u00e2teau","province":"Province du Luxembourg"}},{"type":"Feature","geometry":{"type":"Point","coordinates":[5.1607144,49.8662058]},"properties":{"column_1":"6856","column_2":"Fays-Les-Veneurs","column_3":5.1607144,"column_4":49.8662058,"municipality_name_french":"Paliseul","arrondissement":"Arrondissement de Neufch\u00e2teau","province":"Province du Luxembourg"}},{"type":"Feature","geometry":{"type":"Point","coordinates":[5.4625426,49.8029977]},"properties":{"column_1":"6860","column_2":"Assenois","column_3":5.4625426,"column_4":49.8029977,"municipality_name_french":"L\u00e9glise","arrondissement":"Arrondissement de Neufch\u00e2teau","province":"Province du Luxembourg"}},{"type":"Feature","geometry":{"type":"Point","coordinates":[5.6138516,49.8589203]},"properties":{"column_1":"6860","column_2":"Witry","column_3":5.6138516,"column_4":49.8589203,"municipality_name_french":"L\u00e9glise","arrondissement":"Arrondissement de Neufch\u00e2teau","province":"Province du Luxembourg"}},{"type":"Feature","geometry":{"type":"Point","coordinates":[5.3277128,49.8158829]},"properties":{"column_1":"6887","column_2":"Saint-M\u00e9dard","column_3":5.3277128,"column_4":49.8158829,"municipality_name_french":"Herbeumont","arrondissement":"Arrondissement de Neufch\u00e2teau","province":"Province du Luxembourg"}},{"type":"Feature","geometry":{"type":"Point","coordinates":[5.2215609,49.9499043]},"properties":{"column_1":"6890","column_2":"Anloy","column_3":5.2215609,"column_4":49.9499043,"municipality_name_french":"Libin","arrondissement":"Arrondissement de Neufch\u00e2teau","province":"Province du Luxembourg"}},{"type":"Feature","geometry":{"type":"Point","coordinates":[5.092143,50.0762474]},"properties":{"column_1":"6924","column_2":"Lomprez","column_3":5.092143,"column_4":50.0762474,"municipality_name_french":"Wellin","arrondissement":"Arrondissement de Neufch\u00e2teau","province":"Province du Luxembourg"}},{"type":"Feature","geometry":{"type":"Point","coordinates":[5.261162,50.0885262]},"properties":{"column_1":"6927","column_2":"Bure","column_3":5.261162,"column_4":50.0885262,"municipality_name_french":"Tellin","arrondissement":"Arrondissement de Neufch\u00e2teau","province":"Province du Luxembourg"}},{"type":"Feature","geometry":{"type":"Point","coordinates":[5.5764092,50.3619168]},"properties":{"column_1":"6941","column_2":"Villers-Sainte-Gertrude","column_3":5.5764092,"column_4":50.3619168,"municipality_name_french":"Durbuy","arrondissement":"Arrondissement de Marche-en-Famenne","province":"Province du Luxembourg"}},{"type":"Feature","geometry":{"type":"Point","coordinates":[5.3142288,50.1441815]},"properties":{"column_1":"6953","column_2":"Ambly","column_3":5.3142288,"column_4":50.1441815,"municipality_name_french":"Nassogne","arrondissement":"Arrondissement de Marche-en-Famenne","province":"Province du Luxembourg"}},{"type":"Feature","geometry":{"type":"Point","coordinates":[5.5532565,50.170322]},"properties":{"column_1":"6980","column_2":"Beausaint","column_3":5.5532565,"column_4":50.170322,"municipality_name_french":"La Roche-en-Ardenne","arrondissement":"Arrondissement de Marche-en-Famenne","province":"Province du Luxembourg"}},{"type":"Feature","geometry":{"type":"Point","coordinates":[5.5701521878995,50.182916023074]},"properties":{"column_1":"6980","column_2":"La Roche-En-Ardenne","column_3":5.5701521878995,"column_4":50.182916023074,"municipality_name_french":"La Roche-en-Ardenne","arrondissement":"Arrondissement de Marche-en-Famenne","province":"Province du Luxembourg"}},{"type":"Feature","geometry":{"type":"Point","coordinates":[5.4954367,50.2006652]},"properties":{"column_1":"6987","column_2":"Hodister","column_3":5.4954367,"column_4":50.2006652,"municipality_name_french":"Rendeux","arrondissement":"Arrondissement de Marche-en-Famenne","province":"Province du Luxembourg"}},{"type":"Feature","geometry":{"type":"Point","coordinates":[5.4221284,50.2943293]},"properties":{"column_1":"6990","column_2":"Fronville","column_3":5.4221284,"column_4":50.2943293,"municipality_name_french":"Hotton","arrondissement":"Arrondissement de Marche-en-Famenne","province":"Province du Luxembourg"}},{"type":"Feature","geometry":{"type":"Point","coordinates":[5.5571509,50.2655197]},"properties":{"column_1":"6997","column_2":"Amonines","column_3":5.5571509,"column_4":50.2655197,"municipality_name_french":"\u00c9rez\u00e9e","arrondissement":"Arrondissement de Marche-en-Famenne","province":"Province du Luxembourg"}},{"type":"Feature","geometry":{"type":"Point","coordinates":[5.5597229,50.2930897]},"properties":{"column_1":"6997","column_2":"Erez\u00e9e","column_3":5.5597229,"column_4":50.2930897,"municipality_name_french":"\u00c9rez\u00e9e","arrondissement":"Arrondissement de Marche-en-Famenne","province":"Province du Luxembourg"}},{"type":"Feature","geometry":{"type":"Point","coordinates":[3.903746,50.4760502]},"properties":{"column_1":"7011","column_2":"Ghlin","column_3":3.903746,"column_4":50.4760502,"municipality_name_french":"Mons","arrondissement":"Arrondissement de Mons","province":"Province du Hainaut"}},{"type":"Feature","geometry":{"type":"Point","coordinates":[3.962763,50.4901522]},"properties":{"column_1":"7020","column_2":"Maisi\u00e8res","column_3":3.962763,"column_4":50.4901522,"municipality_name_french":"Mons","arrondissement":"Arrondissement de Mons","province":"Province du Hainaut"}},{"type":"Feature","geometry":{"type":"Point","coordinates":[4.0453329,50.4643434]},"properties":{"column_1":"7021","column_2":"Havre","column_3":4.0453329,"column_4":50.4643434,"municipality_name_french":"Mons","arrondissement":"Arrondissement de Mons","province":"Province du Hainaut"}},{"type":"Feature","geometry":{"type":"Point","coordinates":[3.960668,50.4283672]},"properties":{"column_1":"7022","column_2":"Mesvin","column_3":3.960668,"column_4":50.4283672,"municipality_name_french":"Mons","arrondissement":"Arrondissement de Mons","province":"Province du Hainaut"}},{"type":"Feature","geometry":{"type":"Point","coordinates":[4.012574,50.4366253]},"properties":{"column_1":"7030","column_2":"Saint-Symphorien","column_3":4.012574,"column_4":50.4366253,"municipality_name_french":"Mons","arrondissement":"Arrondissement de Mons","province":"Province du Hainaut"}},{"type":"Feature","geometry":{"type":"Point","coordinates":[3.9391701,50.386751]},"properties":{"column_1":"7040","column_2":"Bougnies","column_3":3.9391701,"column_4":50.386751,"municipality_name_french":"Qu\u00e9vy","arrondissement":"Arrondissement de Mons","province":"Province du Hainaut"}},{"type":"Feature","geometry":{"type":"Point","coordinates":[3.9168758,50.3922864]},"properties":{"column_1":"7040","column_2":"Genly","column_3":3.9168758,"column_4":50.3922864,"municipality_name_french":"Qu\u00e9vy","arrondissement":"Arrondissement de Mons","province":"Province du Hainaut"}},{"type":"Feature","geometry":{"type":"Point","coordinates":[3.9492347,50.3609637]},"properties":{"column_1":"7040","column_2":"Qu\u00e9vy-Le-Grand","column_3":3.9492347,"column_4":50.3609637,"municipality_name_french":"Qu\u00e9vy","arrondissement":"Arrondissement de Mons","province":"Province du Hainaut"}},{"type":"Feature","geometry":{"type":"Point","coordinates":[4.0293435,50.3795142]},"properties":{"column_1":"7041","column_2":"Givry","column_3":4.0293435,"column_4":50.3795142,"municipality_name_french":"Qu\u00e9vy","arrondissement":"Arrondissement de Mons","province":"Province du Hainaut"}},{"type":"Feature","geometry":{"type":"Point","coordinates":[3.9113179,50.5325067]},"properties":{"column_1":"7050","column_2":"Jurbise","column_3":3.9113179,"column_4":50.5325067,"municipality_name_french":"Jurbise","arrondissement":"Arrondissement de Mons","province":"Province du Hainaut"}},{"type":"Feature","geometry":{"type":"Point","coordinates":[3.8883703,50.3906692]},"properties":{"column_1":"7080","column_2":"Eugies","column_3":3.8883703,"column_4":50.3906692,"municipality_name_french":"Frameries","arrondissement":"Arrondissement de Mons","province":"Province du Hainaut"}},{"type":"Feature","geometry":{"type":"Point","coordinates":[3.8905656,50.4087571]},"properties":{"column_1":"7080","column_2":"Frameries","column_3":3.8905656,"column_4":50.4087571,"municipality_name_french":"Frameries","arrondissement":"Arrondissement de Mons","province":"Province du Hainaut"}},{"type":"Feature","geometry":{"type":"Point","coordinates":[4.0698505,50.6432692]},"properties":{"column_1":"7090","column_2":"Steenkerque","column_3":4.0698505,"column_4":50.6432692,"municipality_name_french":"Braine-le-Comte","arrondissement":"Arrondissement de Soignies","province":"Province du Hainaut"}},{"type":"Feature","geometry":{"type":"Point","coordinates":[4.1604101,50.4525018]},"properties":{"column_1":"7100","column_2":"Saint-Vaast","column_3":4.1604101,"column_4":50.4525018,"municipality_name_french":"La Louvi\u00e8re","arrondissement":"Arrondissement de La Louvi\u00e8re","province":"Province du Hainaut"}},{"type":"Feature","geometry":{"type":"Point","coordinates":[4.1475857,50.4517378]},"properties":{"column_1":"7100","column_2":"Trivi\u00e8res","column_3":4.1475857,"column_4":50.4517378,"municipality_name_french":"La Louvi\u00e8re","arrondissement":"Arrondissement de La Louvi\u00e8re","province":"Province du Hainaut"}},{"type":"Feature","geometry":{"type":"Point","coordinates":[4.0758701,50.3609408]},"properties":{"column_1":"7120","column_2":"Croix-Lez-Rouveroy","column_3":4.0758701,"column_4":50.3609408,"municipality_name_french":"Estinnes","arrondissement":"Arrondissement de La Louvi\u00e8re","province":"Province du Hainaut"}},{"type":"Feature","geometry":{"type":"Point","coordinates":[4.1095709,50.3703355]},"properties":{"column_1":"7120","column_2":"Fauroeulx","column_3":4.1095709,"column_4":50.3703355,"municipality_name_french":"Estinnes","arrondissement":"Arrondissement de La Louvi\u00e8re","province":"Province du Hainaut"}},{"type":"Feature","geometry":{"type":"Point","coordinates":[4.0801348,50.3831523]},"properties":{"column_1":"7120","column_2":"Haulchin","column_3":4.0801348,"column_4":50.3831523,"municipality_name_french":"Estinnes","arrondissement":"Arrondissement de La Louvi\u00e8re","province":"Province du Hainaut"}},{"type":"Feature","geometry":{"type":"Point","coordinates":[4.062845,50.3555625]},"properties":{"column_1":"7120","column_2":"Rouveroy","column_3":4.062845,"column_4":50.3555625,"municipality_name_french":"Estinnes","arrondissement":"Arrondissement de La Louvi\u00e8re","province":"Province du Hainaut"}},{"type":"Feature","geometry":{"type":"Point","coordinates":[4.0573258,50.401796]},"properties":{"column_1":"7120","column_2":"Vellereille-Le-Sec","column_3":4.0573258,"column_4":50.401796,"municipality_name_french":"Estinnes","arrondissement":"Arrondissement de La Louvi\u00e8re","province":"Province du Hainaut"}},{"type":"Feature","geometry":{"type":"Point","coordinates":[4.1507915,50.3790081]},"properties":{"column_1":"7120","column_2":"Vellereille-Les-Brayeux","column_3":4.1507915,"column_4":50.3790081,"municipality_name_french":"Estinnes","arrondissement":"Arrondissement de La Louvi\u00e8re","province":"Province du Hainaut"}},{"type":"Feature","geometry":{"type":"Point","coordinates":[4.2093685,50.4049792]},"properties":{"column_1":"7134","column_2":"Epinois","column_3":4.2093685,"column_4":50.4049792,"municipality_name_french":"Binche","arrondissement":"Arrondissement de La Louvi\u00e8re","province":"Province du Hainaut"}},{"type":"Feature","geometry":{"type":"Point","coordinates":[4.2984261,50.4414944]},"properties":{"column_1":"7160","column_2":"Pi\u00e9ton","column_3":4.2984261,"column_4":50.4414944,"municipality_name_french":"Chapelle-lez-Herlaimont","arrondissement":"Arrondissement de Charleroi","province":"Province du Hainaut"}},{"type":"Feature","geometry":{"type":"Point","coordinates":[4.2156931,50.5023427]},"properties":{"column_1":"7170","column_2":"Bois-D'haine","column_3":4.2156931,"column_4":50.5023427,"municipality_name_french":"Manage","arrondissement":"Arrondissement de Soignies","province":"Province du Hainaut"}},{"type":"Feature","geometry":{"type":"Point","coordinates":[4.199657690926,50.52567625]},"properties":{"column_1":"7181","column_2":"Familleureux","column_3":4.199657690926,"column_4":50.52567625,"municipality_name_french":"Seneffe","arrondissement":"Arrondissement de Soignies","province":"Province du Hainaut"}},{"type":"Feature","geometry":{"type":"Point","coordinates":[3.7960902,50.4331253]},"properties":{"column_1":"7300","column_2":"Boussu","column_3":3.7960902,"column_4":50.4331253,"municipality_name_french":"Boussu","arrondissement":"Arrondissement de Mons","province":"Province du Hainaut"}},{"type":"Feature","geometry":{"type":"Point","coordinates":[3.7107354,50.4611322]},"properties":{"column_1":"7322","column_2":"Pommeroeul","column_3":3.7107354,"column_4":50.4611322,"municipality_name_french":"Bernissart","arrondissement":"Arrondissement d\u2019Ath","province":"Province du Hainaut"}},{"type":"Feature","geometry":{"type":"Point","coordinates":[3.8081735,50.4673149]},"properties":{"column_1":"7333","column_2":"Tertre","column_3":3.8081735,"column_4":50.4673149,"municipality_name_french":"Saint-Ghislain","arrondissement":"Arrondissement de Mons","province":"Province du Hainaut"}},{"type":"Feature","geometry":{"type":"Point","coordinates":[3.8513958,50.4056635]},"properties":{"column_1":"7340","column_2":"Colfontaine","column_3":3.8513958,"column_4":50.4056635,"municipality_name_french":"Colfontaine","arrondissement":"Arrondissement de Mons","province":"Province du Hainaut"}},{"type":"Feature","geometry":{"type":"Point","coordinates":[3.7521224,50.3852902]},"properties":{"column_1":"7370","column_2":"Wih\u00e9ries","column_3":3.7521224,"column_4":50.3852902,"municipality_name_french":"Dour","arrondissement":"Arrondissement de Mons","province":"Province du Hainaut"}},{"type":"Feature","geometry":{"type":"Point","coordinates":[3.776059,50.3647711]},"properties":{"column_1":"7387","column_2":"Athis","column_3":3.776059,"column_4":50.3647711,"municipality_name_french":"Honnelles","arrondissement":"Arrondissement de Mons","province":"Province du Hainaut"}},{"type":"Feature","geometry":{"type":"Point","coordinates":[3.666982,50.377885]},"properties":{"column_1":"7387","column_2":"Marchipont","column_3":3.666982,"column_4":50.377885,"municipality_name_french":"Honnelles","arrondissement":"Arrondissement de Mons","province":"Province du Hainaut"}},{"type":"Feature","geometry":{"type":"Point","coordinates":[3.3226398,50.6078843]},"properties":{"column_1":"7522","column_2":"Marquain","column_3":3.3226398,"column_4":50.6078843,"municipality_name_french":"Tournai","arrondissement":"Arrondissement de Tournai-Mouscron","province":"Province du Hainaut"}},{"type":"Feature","geometry":{"type":"Point","coordinates":[3.5352247,50.5539524]},"properties":{"column_1":"7604","column_2":"Wasmes-Audemez-Briffoeil","column_3":3.5352247,"column_4":50.5539524,"municipality_name_french":"P\u00e9ruwelz","arrondissement":"Arrondissement de Tournai-Mouscron","province":"Province du Hainaut"}},{"type":"Feature","geometry":{"type":"Point","coordinates":[3.3416855,50.5502028]},"properties":{"column_1":"7618","column_2":"Taintignies","column_3":3.3416855,"column_4":50.5502028,"municipality_name_french":"Rumes","arrondissement":"Arrondissement de Tournai-Mouscron","province":"Province du Hainaut"}},{"type":"Feature","geometry":{"type":"Point","coordinates":[3.4041047456312,50.54598165]},"properties":{"column_1":"7620","column_2":"Jollain-Merlin","column_3":3.4041047456312,"column_4":50.54598165,"municipality_name_french":"Brunehaut","arrondissement":"Arrondissement de Tournai-Mouscron","province":"Province du Hainaut"}},{"type":"Feature","geometry":{"type":"Point","coordinates":[3.5020267,50.5515108]},"properties":{"column_1":"7640","column_2":"Maubray","column_3":3.5020267,"column_4":50.5515108,"municipality_name_french":"Antoing","arrondissement":"Arrondissement de Tournai-Mouscron","province":"Province du Hainaut"}},{"type":"Feature","geometry":{"type":"Point","coordinates":[3.2344942,50.7386186]},"properties":{"column_1":"7700","column_2":"Luingne","column_3":3.2344942,"column_4":50.7386186,"municipality_name_french":"Mouscron","arrondissement":"Arrondissement de Tournai-Mouscron","province":"Province du Hainaut"}},{"type":"Feature","geometry":{"type":"Point","coordinates":[3.2875443,50.7130523]},"properties":{"column_1":"7730","column_2":"Evregnies","column_3":3.2875443,"column_4":50.7130523,"municipality_name_french":"Estaimpuis","arrondissement":"Arrondissement de Tournai-Mouscron","province":"Province du Hainaut"}},{"type":"Feature","geometry":{"type":"Point","coordinates":[3.347779,50.665077]},"properties":{"column_1":"7743","column_2":"Esquelmes","column_3":3.347779,"column_4":50.665077,"municipality_name_french":"Pecq","arrondissement":"Arrondissement de Tournai-Mouscron","province":"Province du Hainaut"}},{"type":"Feature","geometry":{"type":"Point","coordinates":[3.5066795,50.743719]},"properties":{"column_1":"7750","column_2":"Amougies","column_3":3.5066795,"column_4":50.743719,"municipality_name_french":"Mont-de-l'Enclus","arrondissement":"Arrondissement de Tournai-Mouscron","province":"Province du Hainaut"}},{"type":"Feature","geometry":{"type":"Point","coordinates":[3.520558,50.728033]},"properties":{"column_1":"7750","column_2":"Anseroeul","column_3":3.520558,"column_4":50.728033,"municipality_name_french":"Mont-de-l'Enclus","arrondissement":"Arrondissement de Tournai-Mouscron","province":"Province du Hainaut"}},{"type":"Feature","geometry":{"type":"Point","coordinates":[3.5110542,50.7456511]},"properties":{"column_1":"7750","column_2":"Mont-De-L'enclus","column_3":3.5110542,"column_4":50.7456511,"municipality_name_french":"Mont-de-l'Enclus","arrondissement":"Arrondissement de Tournai-Mouscron","province":"Province du Hainaut"}},{"type":"Feature","geometry":{"type":"Point","coordinates":[3.5192597,50.6621501]},"properties":{"column_1":"7760","column_2":"Popuelles","column_3":3.5192597,"column_4":50.6621501,"municipality_name_french":"Celles","arrondissement":"Arrondissement de Tournai-Mouscron","province":"Province du Hainaut"}},{"type":"Feature","geometry":{"type":"Point","coordinates":[2.8803139,50.7262204]},"properties":{"column_1":"7782","column_2":"Ploegsteert","column_3":2.8803139,"column_4":50.7262204,"municipality_name_french":"Comines-Warneton","arrondissement":"Arrondissement de Tournai-Mouscron","province":"Province du Hainaut"}},{"type":"Feature","geometry":{"type":"Point","coordinates":[2.9625206,50.7588153]},"properties":{"column_1":"7784","column_2":"Bas-Warneton","column_3":2.9625206,"column_4":50.7588153,"municipality_name_french":"Comines-Warneton","arrondissement":"Arrondissement de Tournai-Mouscron","province":"Province du Hainaut"}},{"type":"Feature","geometry":{"type":"Point","coordinates":[3.7536768,50.6201619]},"properties":{"column_1":"7801","column_2":"Irchonwelz","column_3":3.7536768,"column_4":50.6201619,"municipality_name_french":"Ath","arrondissement":"Arrondissement d\u2019Ath","province":"Province du Hainaut"}},{"type":"Feature","geometry":{"type":"Point","coordinates":[3.7677307,50.6477056]},"properties":{"column_1":"7803","column_2":"Bouvignies","column_3":3.7677307,"column_4":50.6477056,"municipality_name_french":"Ath","arrondissement":"Arrondissement d\u2019Ath","province":"Province du Hainaut"}},{"type":"Feature","geometry":{"type":"Point","coordinates":[3.8060162,50.615068]},"properties":{"column_1":"7810","column_2":"Maffle","column_3":3.8060162,"column_4":50.615068,"municipality_name_french":"Ath","arrondissement":"Arrondissement d\u2019Ath","province":"Province du Hainaut"}},{"type":"Feature","geometry":{"type":"Point","coordinates":[3.7184421,50.6495829]},"properties":{"column_1":"7812","column_2":"Mainvault","column_3":3.7184421,"column_4":50.6495829,"municipality_name_french":"Ath","arrondissement":"Arrondissement d\u2019Ath","province":"Province du Hainaut"}},{"type":"Feature","geometry":{"type":"Point","coordinates":[3.8480962,50.6485784]},"properties":{"column_1":"7822","column_2":"Meslin-L'ev\u00eaque","column_3":3.8480962,"column_4":50.6485784,"municipality_name_french":"Ath","arrondissement":"Arrondissement d\u2019Ath","province":"Province du Hainaut"}},{"type":"Feature","geometry":{"type":"Point","coordinates":[3.9282801,50.6182841]},"properties":{"column_1":"7830","column_2":"Fouleng","column_3":3.9282801,"column_4":50.6182841,"municipality_name_french":"Silly","arrondissement":"Arrondissement d\u2019Ath","province":"Province du Hainaut"}},{"type":"Feature","geometry":{"type":"Point","coordinates":[3.9397913,50.6007682]},"properties":{"column_1":"7870","column_2":"Lombise","column_3":3.9397913,"column_4":50.6007682,"municipality_name_french":"Lens","arrondissement":"Arrondissement de Mons","province":"Province du Hainaut"}},{"type":"Feature","geometry":{"type":"Point","coordinates":[3.575887,50.582865]},"properties":{"column_1":"7904","column_2":"Pipaix","column_3":3.575887,"column_4":50.582865,"municipality_name_french":"Leuze-en-Hainaut","arrondissement":"Arrondissement de Tournai-Mouscron","province":"Province du Hainaut"}},{"type":"Feature","geometry":{"type":"Point","coordinates":[3.6493593,50.572688]},"properties":{"column_1":"7904","column_2":"Tourpes","column_3":3.6493593,"column_4":50.572688,"municipality_name_french":"Leuze-en-Hainaut","arrondissement":"Arrondissement de Tournai-Mouscron","province":"Province du Hainaut"}},{"type":"Feature","geometry":{"type":"Point","coordinates":[3.6966742,50.5044413]},"properties":{"column_1":"7973","column_2":"Grandglise","column_3":3.6966742,"column_4":50.5044413,"municipality_name_french":"Bel\u0153il","arrondissement":"Arrondissement d\u2019Ath","province":"Province du Hainaut"}},{"type":"Feature","geometry":{"type":"Point","coordinates":[3.2473789,51.2419954]},"properties":{"column_1":"8000","column_2":"Koolkerke","column_3":3.2473789,"column_4":51.2419954,"municipality_name_french":null,"arrondissement":"Arrondissement de Bruges","province":"Province de Flandre occidentale"}},{"type":"Feature","geometry":{"type":"Point","coordinates":[3.2222872,51.1123296]},"properties":{"column_1":"8020","column_2":"Waardamme","column_3":3.2222872,"column_4":51.1123296,"municipality_name_french":null,"arrondissement":"Arrondissement de Bruges","province":"Province de Flandre occidentale"}},{"type":"Feature","geometry":{"type":"Point","coordinates":[3.3302838831505,51.2936953]},"properties":{"column_1":"8340","column_2":"Hoeke","column_3":3.3302838831505,"column_4":51.2936953,"municipality_name_french":null,"arrondissement":"Arrondissement de Bruges","province":"Province de Flandre occidentale"}},{"type":"Feature","geometry":{"type":"Point","coordinates":[3.2884674049058,51.2751719]},"properties":{"column_1":"8340","column_2":"Oostkerke","column_3":3.2884674049058,"column_4":51.2751719,"municipality_name_french":null,"arrondissement":"Arrondissement de Bruges","province":"Province de Flandre occidentale"}},{"type":"Feature","geometry":{"type":"Point","coordinates":[3.1297578035057,51.31651475]},"properties":{"column_1":"8370","column_2":"Blankenberge","column_3":3.1297578035057,"column_4":51.31651475,"municipality_name_french":null,"arrondissement":"Arrondissement de Bruges","province":"Province de Flandre occidentale"}},{"type":"Feature","geometry":{"type":"Point","coordinates":[3.0238828,51.242521]},"properties":{"column_1":"8420","column_2":"Klemskerke","column_3":3.0238828,"column_4":51.242521,"municipality_name_french":null,"arrondissement":"Arrondissement d\u2019Ostende","province":"Province de Flandre occidentale"}},{"type":"Feature","geometry":{"type":"Point","coordinates":[3.0927740709639,51.3019771]},"properties":{"column_1":"8420","column_2":"Wenduine","column_3":3.0927740709639,"column_4":51.3019771,"municipality_name_french":null,"arrondissement":"Arrondissement d\u2019Ostende","province":"Province de Flandre occidentale"}},{"type":"Feature","geometry":{"type":"Point","coordinates":[2.8401373,51.1809498]},"properties":{"column_1":"8431","column_2":"Wilskerke","column_3":2.8401373,"column_4":51.1809498,"municipality_name_french":null,"arrondissement":"Arrondissement d\u2019Ostende","province":"Province de Flandre occidentale"}},{"type":"Feature","geometry":{"type":"Point","coordinates":[2.8476959,51.1543955]},"properties":{"column_1":"8433","column_2":"Slijpe","column_3":2.8476959,"column_4":51.1543955,"municipality_name_french":null,"arrondissement":"Arrondissement d\u2019Ostende","province":"Province de Flandre occidentale"}},{"type":"Feature","geometry":{"type":"Point","coordinates":[3.0730014206469,51.21970915]},"properties":{"column_1":"8490","column_2":"Stalhille","column_3":3.0730014206469,"column_4":51.21970915,"municipality_name_french":null,"arrondissement":"Arrondissement de Bruges","province":"Province de Flandre occidentale"}},{"type":"Feature","geometry":{"type":"Point","coordinates":[3.2382004806211,50.8511736]},"properties":{"column_1":"8501","column_2":"Heule","column_3":3.2382004806211,"column_4":50.8511736,"municipality_name_french":null,"arrondissement":"Arrondissement de Courtrai","province":"Province de Flandre occidentale"}},{"type":"Feature","geometry":{"type":"Point","coordinates":[3.2736322150643,50.86005145]},"properties":{"column_1":"8520","column_2":"Kuurne","column_3":3.2736322150643,"column_4":50.86005145,"municipality_name_french":null,"arrondissement":"Arrondissement de Courtrai","province":"Province de Flandre occidentale"}},{"type":"Feature","geometry":{"type":"Point","coordinates":[3.4245499365566,50.80927585]},"properties":{"column_1":"8553","column_2":"Otegem","column_3":3.4245499365566,"column_4":50.80927585,"municipality_name_french":null,"arrondissement":"Arrondissement de Courtrai","province":"Province de Flandre occidentale"}},{"type":"Feature","geometry":{"type":"Point","coordinates":[3.2026154878227,50.84493445]},"properties":{"column_1":"8560","column_2":"Gullegem","column_3":3.2026154878227,"column_4":50.84493445,"municipality_name_french":null,"arrondissement":"Arrondissement de Courtrai","province":"Province de Flandre occidentale"}},{"type":"Feature","geometry":{"type":"Point","coordinates":[3.4271837357678,50.8297876]},"properties":{"column_1":"8570","column_2":"Ingooigem","column_3":3.4271837357678,"column_4":50.8297876,"municipality_name_french":null,"arrondissement":"Arrondissement de Courtrai","province":"Province de Flandre occidentale"}},{"type":"Feature","geometry":{"type":"Point","coordinates":[3.4976090001837,50.8121917]},"properties":{"column_1":"8572","column_2":"Kaster","column_3":3.4976090001837,"column_4":50.8121917,"municipality_name_french":null,"arrondissement":"Arrondissement de Courtrai","province":"Province de Flandre occidentale"}},{"type":"Feature","geometry":{"type":"Point","coordinates":[3.4080819304802,50.74804505]},"properties":{"column_1":"8583","column_2":"Bossuit","column_3":3.4080819304802,"column_4":50.74804505,"municipality_name_french":null,"arrondissement":"Arrondissement de Courtrai","province":"Province de Flandre occidentale"}},{"type":"Feature","geometry":{"type":"Point","coordinates":[3.3837254,50.7300021]},"properties":{"column_1":"8587","column_2":"Helchin","column_3":3.3837254,"column_4":50.7300021,"municipality_name_french":"Espierres-Helchin","arrondissement":"Arrondissement de Courtrai","province":"Province de Flandre occidentale"}},{"type":"Feature","geometry":{"type":"Point","coordinates":[2.8387074,51.0358094]},"properties":{"column_1":"8600","column_2":"Kaaskerke","column_3":2.8387074,"column_4":51.0358094,"municipality_name_french":null,"arrondissement":"Arrondissement de Dixmude","province":"Province de Flandre occidentale"}},{"type":"Feature","geometry":{"type":"Point","coordinates":[2.823381776939,51.07690075]},"properties":{"column_1":"8600","column_2":"Stuivekenskerke","column_3":2.823381776939,"column_4":51.07690075,"municipality_name_french":null,"arrondissement":"Arrondissement de Dixmude","province":"Province de Flandre occidentale"}},{"type":"Feature","geometry":{"type":"Point","coordinates":[3.0441178,51.0285109]},"properties":{"column_1":"8610","column_2":"Kortemark","column_3":3.0441178,"column_4":51.0285109,"municipality_name_french":null,"arrondissement":"Arrondissement de Dixmude","province":"Province de Flandre occidentale"}},{"type":"Feature","geometry":{"type":"Point","coordinates":[2.9637026,51.0290062]},"properties":{"column_1":"8610","column_2":"Werken","column_3":2.9637026,"column_4":51.0290062,"municipality_name_french":null,"arrondissement":"Arrondissement de Dixmude","province":"Province de Flandre occidentale"}},{"type":"Feature","geometry":{"type":"Point","coordinates":[2.9597764,51.0181095]},"properties":{"column_1":"8610","column_2":"Zarren","column_3":2.9597764,"column_4":51.0181095,"municipality_name_french":null,"arrondissement":"Arrondissement de Dixmude","province":"Province de Flandre occidentale"}},{"type":"Feature","geometry":{"type":"Point","coordinates":[2.7811249526825,51.10665355]},"properties":{"column_1":"8620","column_2":"Ramskapelle","column_3":2.7811249526825,"column_4":51.10665355,"municipality_name_french":null,"arrondissement":"Arrondissement de Furnes","province":"Province de Flandre occidentale"}},{"type":"Feature","geometry":{"type":"Point","coordinates":[2.7399983485035,51.08832895]},"properties":{"column_1":"8630","column_2":"Booitshoeke","column_3":2.7399983485035,"column_4":51.08832895,"municipality_name_french":null,"arrondissement":"Arrondissement de Furnes","province":"Province de Flandre occidentale"}},{"type":"Feature","geometry":{"type":"Point","coordinates":[2.604305716244,51.0069146]},"properties":{"column_1":"8630","column_2":"Houtem","column_3":2.604305716244,"column_4":51.0069146,"municipality_name_french":null,"arrondissement":"Arrondissement de Furnes","province":"Province de Flandre occidentale"}},{"type":"Feature","geometry":{"type":"Point","coordinates":[2.6548858237238,51.071043]},"properties":{"column_1":"8630","column_2":"Veurne","column_3":2.6548858237238,"column_4":51.071043,"municipality_name_french":null,"arrondissement":"Arrondissement de Furnes","province":"Province de Flandre occidentale"}},{"type":"Feature","geometry":{"type":"Point","coordinates":[2.6550439487441,51.03030765]},"properties":{"column_1":"8630","column_2":"Wulveringem","column_3":2.6550439487441,"column_4":51.03030765,"municipality_name_french":null,"arrondissement":"Arrondissement de Furnes","province":"Province de Flandre occidentale"}},{"type":"Feature","geometry":{"type":"Point","coordinates":[2.7289867,50.930143]},"properties":{"column_1":"8640","column_2":"Vleteren","column_3":2.7289867,"column_4":50.930143,"municipality_name_french":null,"arrondissement":"Arrondissement d\u2019Ypres","province":"Province de Flandre occidentale"}},{"type":"Feature","geometry":{"type":"Point","coordinates":[2.7771170853989,50.94228475]},"properties":{"column_1":"8647","column_2":"Reninge","column_3":2.7771170853989,"column_4":50.94228475,"municipality_name_french":null,"arrondissement":"Arrondissement de Dixmude","province":"Province de Flandre occidentale"}},{"type":"Feature","geometry":{"type":"Point","coordinates":[2.9633414725432,51.05621365]},"properties":{"column_1":"8680","column_2":"Bovekerke","column_3":2.9633414725432,"column_4":51.05621365,"municipality_name_french":null,"arrondissement":"Arrondissement de Dixmude","province":"Province de Flandre occidentale"}},{"type":"Feature","geometry":{"type":"Point","coordinates":[2.6608332486701,50.9896601]},"properties":{"column_1":"8691","column_2":"Izenberge","column_3":2.6608332486701,"column_4":50.9896601,"municipality_name_french":null,"arrondissement":"Arrondissement de Furnes","province":"Province de Flandre occidentale"}},{"type":"Feature","geometry":{"type":"Point","coordinates":[3.2540634837689,51.0209559]},"properties":{"column_1":"8740","column_2":"Egem","column_3":3.2540634837689,"column_4":51.0209559,"municipality_name_french":null,"arrondissement":"Arrondissement de Tielt","province":"Province de Flandre occidentale"}},{"type":"Feature","geometry":{"type":"Point","coordinates":[3.3789495803068,51.062755]},"properties":{"column_1":"8755","column_2":"Ruiselede","column_3":3.3789495803068,"column_4":51.062755,"municipality_name_french":null,"arrondissement":"Arrondissement de Tielt","province":"Province de Flandre occidentale"}},{"type":"Feature","geometry":{"type":"Point","coordinates":[3.1103285411089,50.9975916]},"properties":{"column_1":"8830","column_2":"Gits","column_3":3.1103285411089,"column_4":50.9975916,"municipality_name_french":null,"arrondissement":"Arrondissement de Roulers","province":"Province de Flandre occidentale"}},{"type":"Feature","geometry":{"type":"Point","coordinates":[3.0687215849639,50.98218015]},"properties":{"column_1":"8830","column_2":"Hooglede","column_3":3.0687215849639,"column_4":50.98218015,"municipality_name_french":null,"arrondissement":"Arrondissement de Roulers","province":"Province de Flandre occidentale"}},{"type":"Feature","geometry":{"type":"Point","coordinates":[3.2090654210557,50.91382225]},"properties":{"column_1":"8870","column_2":"Izegem","column_3":3.2090654210557,"column_4":50.91382225,"municipality_name_french":null,"arrondissement":"Arrondissement de Roulers","province":"Province de Flandre occidentale"}},{"type":"Feature","geometry":{"type":"Point","coordinates":[3.179116,50.8765142]},"properties":{"column_1":"8880","column_2":"Sint-Eloois-Winkel","column_3":3.179116,"column_4":50.8765142,"municipality_name_french":null,"arrondissement":"Arrondissement de Roulers","province":"Province de Flandre occidentale"}},{"type":"Feature","geometry":{"type":"Point","coordinates":[2.8475388,50.8689046]},"properties":{"column_1":"8900","column_2":"Brielen","column_3":2.8475388,"column_4":50.8689046,"municipality_name_french":null,"arrondissement":"Arrondissement d\u2019Ypres","province":"Province de Flandre occidentale"}},{"type":"Feature","geometry":{"type":"Point","coordinates":[2.8309734,50.8192065]},"properties":{"column_1":"8900","column_2":"Dikkebus","column_3":2.8309734,"column_4":50.8192065,"municipality_name_french":null,"arrondissement":"Arrondissement d\u2019Ypres","province":"Province de Flandre occidentale"}},{"type":"Feature","geometry":{"type":"Point","coordinates":[2.8914774512132,50.851808]},"properties":{"column_1":"8900","column_2":"Ieper","column_3":2.8914774512132,"column_4":50.851808,"municipality_name_french":null,"arrondissement":"Arrondissement d\u2019Ypres","province":"Province de Flandre occidentale"}},{"type":"Feature","geometry":{"type":"Point","coordinates":[2.9038085,50.8646017]},"properties":{"column_1":"8900","column_2":"Sint-Jan","column_3":2.9038085,"column_4":50.8646017,"municipality_name_french":null,"arrondissement":"Arrondissement d\u2019Ypres","province":"Province de Flandre occidentale"}},{"type":"Feature","geometry":{"type":"Point","coordinates":[2.8146596555515,50.84722495]},"properties":{"column_1":"8908","column_2":"Vlamertinge","column_3":2.8146596555515,"column_4":50.84722495,"municipality_name_french":null,"arrondissement":"Arrondissement d\u2019Ypres","province":"Province de Flandre occidentale"}},{"type":"Feature","geometry":{"type":"Point","coordinates":[2.863108835832,50.92504495]},"properties":{"column_1":"8920","column_2":"Bikschote","column_3":2.863108835832,"column_4":50.92504495,"municipality_name_french":null,"arrondissement":"Arrondissement d\u2019Ypres","province":"Province de Flandre occidentale"}},{"type":"Feature","geometry":{"type":"Point","coordinates":[2.9338635,50.9122567]},"properties":{"column_1":"8920","column_2":"Langemark-Poelkapelle","column_3":2.9338635,"column_4":50.9122567,"municipality_name_french":null,"arrondissement":"Arrondissement d\u2019Ypres","province":"Province de Flandre occidentale"}},{"type":"Feature","geometry":{"type":"Point","coordinates":[3.0689009201802,50.826939]},"properties":{"column_1":"8940","column_2":"Geluwe","column_3":3.0689009201802,"column_4":50.826939,"municipality_name_french":null,"arrondissement":"Arrondissement d\u2019Ypres","province":"Province de Flandre occidentale"}},{"type":"Feature","geometry":{"type":"Point","coordinates":[2.7797309731213,50.78372855]},"properties":{"column_1":"8958","column_2":"Loker","column_3":2.7797309731213,"column_4":50.78372855,"municipality_name_french":null,"arrondissement":"Arrondissement d\u2019Ypres","province":"Province de Flandre occidentale"}},{"type":"Feature","geometry":{"type":"Point","coordinates":[2.7222592638771,50.84362245]},"properties":{"column_1":"8970","column_2":"Poperinge","column_3":2.7222592638771,"column_4":50.84362245,"municipality_name_french":null,"arrondissement":"Arrondissement d\u2019Ypres","province":"Province de Flandre occidentale"}},{"type":"Feature","geometry":{"type":"Point","coordinates":[2.6729063768433,50.9045753]},"properties":{"column_1":"8972","column_2":"Krombeke","column_3":2.6729063768433,"column_4":50.9045753,"municipality_name_french":null,"arrondissement":"Arrondissement d\u2019Ypres","province":"Province de Flandre occidentale"}},{"type":"Feature","geometry":{"type":"Point","coordinates":[2.6542871,50.8903437]},"properties":{"column_1":"8972","column_2":"Proven","column_3":2.6542871,"column_4":50.8903437,"municipality_name_french":null,"arrondissement":"Arrondissement d\u2019Ypres","province":"Province de Flandre occidentale"}},{"type":"Feature","geometry":{"type":"Point","coordinates":[3.0054428297242,50.89915125]},"properties":{"column_1":"8980","column_2":"Passendale","column_3":3.0054428297242,"column_4":50.89915125,"municipality_name_french":null,"arrondissement":"Arrondissement d\u2019Ypres","province":"Province de Flandre occidentale"}},{"type":"Feature","geometry":{"type":"Point","coordinates":[3.7414088,51.0372053]},"properties":{"column_1":"9050","column_2":"Ledeberg","column_3":3.7414088,"column_4":51.0372053,"municipality_name_french":null,"arrondissement":"Arrondissement de Gand","province":"Province de Flandre orientale"}},{"type":"Feature","geometry":{"type":"Point","coordinates":[3.8601634,51.1323736]},"properties":{"column_1":"9080","column_2":"Zaffelare","column_3":3.8601634,"column_4":51.1323736,"municipality_name_french":null,"arrondissement":"Arrondissement de Gand","province":"Province de Flandre orientale"}},{"type":"Feature","geometry":{"type":"Point","coordinates":[4.0917750185456,51.1570236]},"properties":{"column_1":"9111","column_2":"Belsele","column_3":4.0917750185456,"column_4":51.1570236,"municipality_name_french":null,"arrondissement":"Arrondissement de Saint-Nicolas","province":"Province de Flandre orientale"}},{"type":"Feature","geometry":{"type":"Point","coordinates":[4.2588008641609,51.2652143]},"properties":{"column_1":"9120","column_2":"Kallo","column_3":4.2588008641609,"column_4":51.2652143,"municipality_name_french":null,"arrondissement":"Arrondissement de Saint-Nicolas","province":"Province de Flandre orientale"}},{"type":"Feature","geometry":{"type":"Point","coordinates":[4.194377,51.2191283]},"properties":{"column_1":"9120","column_2":"Vrasene","column_3":4.194377,"column_4":51.2191283,"municipality_name_french":null,"arrondissement":"Arrondissement de Saint-Nicolas","province":"Province de Flandre orientale"}},{"type":"Feature","geometry":{"type":"Point","coordinates":[4.1983386657846,51.3038751]},"properties":{"column_1":"9130","column_2":"Kieldrecht","column_3":4.1983386657846,"column_4":51.3038751,"municipality_name_french":null,"arrondissement":"Arrondissement de Saint-Nicolas","province":"Province de Flandre orientale"}},{"type":"Feature","geometry":{"type":"Point","coordinates":[4.3091107,51.1712275]},"properties":{"column_1":"9150","column_2":"Kruibeke","column_3":4.3091107,"column_4":51.1712275,"municipality_name_french":null,"arrondissement":"Arrondissement de Saint-Nicolas","province":"Province de Flandre orientale"}},{"type":"Feature","geometry":{"type":"Point","coordinates":[3.9808547859604,51.12798595]},"properties":{"column_1":"9160","column_2":"Daknam","column_3":3.9808547859604,"column_4":51.12798595,"municipality_name_french":null,"arrondissement":"Arrondissement de Saint-Nicolas","province":"Province de Flandre orientale"}},{"type":"Feature","geometry":{"type":"Point","coordinates":[4.0771037,51.2065228]},"properties":{"column_1":"9190","column_2":"Kemzeke","column_3":4.0771037,"column_4":51.2065228,"municipality_name_french":null,"arrondissement":"Arrondissement de Saint-Nicolas","province":"Province de Flandre orientale"}},{"type":"Feature","geometry":{"type":"Point","coordinates":[4.098112,51.0312293]},"properties":{"column_1":"9200","column_2":"Dendermonde","column_3":4.098112,"column_4":51.0312293,"municipality_name_french":null,"arrondissement":"Arrondissement de Termonde","province":"Province de Flandre orientale"}},{"type":"Feature","geometry":{"type":"Point","coordinates":[4.0158906182168,50.9986902]},"properties":{"column_1":"9200","column_2":"Schoonaarde","column_3":4.0158906182168,"column_4":50.9986902,"municipality_name_french":null,"arrondissement":"Arrondissement de Termonde","province":"Province de Flandre orientale"}},{"type":"Feature","geometry":{"type":"Point","coordinates":[3.8735741,50.9809343]},"properties":{"column_1":"9230","column_2":"Massemen","column_3":3.8735741,"column_4":50.9809343,"municipality_name_french":null,"arrondissement":"Arrondissement de Termonde","province":"Province de Flandre orientale"}},{"type":"Feature","geometry":{"type":"Point","coordinates":[4.192804319009,51.0113077]},"properties":{"column_1":"9255","column_2":"Buggenhout","column_3":4.192804319009,"column_4":51.0113077,"municipality_name_french":null,"arrondissement":"Arrondissement de Termonde","province":"Province de Flandre orientale"}},{"type":"Feature","geometry":{"type":"Point","coordinates":[4.0561164,50.8563924]},"properties":{"column_1":"9400","column_2":"Okegem","column_3":4.0561164,"column_4":50.8563924,"municipality_name_french":null,"arrondissement":"Arrondissement d\u2019Alost","province":"Province de Flandre orientale"}},{"type":"Feature","geometry":{"type":"Point","coordinates":[3.9366909,50.8894174]},"properties":{"column_1":"9420","column_2":"Aaigem","column_3":3.9366909,"column_4":50.8894174,"municipality_name_french":null,"arrondissement":"Arrondissement d\u2019Alost","province":"Province de Flandre orientale"}},{"type":"Feature","geometry":{"type":"Point","coordinates":[4.0057717,50.9022532]},"properties":{"column_1":"9450","column_2":"Haaltert","column_3":4.0057717,"column_4":50.9022532,"municipality_name_french":null,"arrondissement":"Arrondissement d\u2019Alost","province":"Province de Flandre orientale"}},{"type":"Feature","geometry":{"type":"Point","coordinates":[4.0440509206633,50.8746795]},"properties":{"column_1":"9472","column_2":"Iddergem","column_3":4.0440509206633,"column_4":50.8746795,"municipality_name_french":null,"arrondissement":"Arrondissement d\u2019Alost","province":"Province de Flandre orientale"}},{"type":"Feature","geometry":{"type":"Point","coordinates":[3.8392513,50.7654043]},"properties":{"column_1":"9500","column_2":"Goeferdinge","column_3":3.8392513,"column_4":50.7654043,"municipality_name_french":null,"arrondissement":"Arrondissement d\u2019Alost","province":"Province de Flandre orientale"}},{"type":"Feature","geometry":{"type":"Point","coordinates":[3.8718226231289,50.78113635]},"properties":{"column_1":"9500","column_2":"Nederboelare","column_3":3.8718226231289,"column_4":50.78113635,"municipality_name_french":null,"arrondissement":"Arrondissement d\u2019Alost","province":"Province de Flandre orientale"}},{"type":"Feature","geometry":{"type":"Point","coordinates":[3.8989486,50.7968671]},"properties":{"column_1":"9506","column_2":"Schendelbeke","column_3":3.8989486,"column_4":50.7968671,"municipality_name_french":null,"arrondissement":"Arrondissement d\u2019Alost","province":"Province de Flandre orientale"}},{"type":"Feature","geometry":{"type":"Point","coordinates":[3.968228,50.7779309]},"properties":{"column_1":"9506","column_2":"Waarbeke","column_3":3.968228,"column_4":50.7779309,"municipality_name_french":null,"arrondissement":"Arrondissement d\u2019Alost","province":"Province de Flandre orientale"}},{"type":"Feature","geometry":{"type":"Point","coordinates":[3.9163011372068,50.93017155]},"properties":{"column_1":"9520","column_2":"Zonnegem","column_3":3.9163011372068,"column_4":50.93017155,"municipality_name_french":null,"arrondissement":"Arrondissement d\u2019Alost","province":"Province de Flandre orientale"}},{"type":"Feature","geometry":{"type":"Point","coordinates":[3.8871129,50.8553127]},"properties":{"column_1":"9550","column_2":"Sint-Lievens-Esse","column_3":3.8871129,"column_4":50.8553127,"municipality_name_french":null,"arrondissement":"Arrondissement d\u2019Alost","province":"Province de Flandre orientale"}},{"type":"Feature","geometry":{"type":"Point","coordinates":[3.9158325,50.8726761]},"properties":{"column_1":"9550","column_2":"Woubrechtegem","column_3":3.9158325,"column_4":50.8726761,"municipality_name_french":null,"arrondissement":"Arrondissement d\u2019Alost","province":"Province de Flandre orientale"}},{"type":"Feature","geometry":{"type":"Point","coordinates":[3.8381185,50.8988376]},"properties":{"column_1":"9620","column_2":"Oombergen","column_3":3.8381185,"column_4":50.8988376,"municipality_name_french":null,"arrondissement":"Arrondissement d\u2019Alost","province":"Province de Flandre orientale"}},{"type":"Feature","geometry":{"type":"Point","coordinates":[3.7863829,50.8522592]},"properties":{"column_1":"9620","column_2":"Sint-Goriks-Oudenhove","column_3":3.7863829,"column_4":50.8522592,"municipality_name_french":null,"arrondissement":"Arrondissement d\u2019Alost","province":"Province de Flandre orientale"}},{"type":"Feature","geometry":{"type":"Point","coordinates":[3.7825766,50.8824839]},"properties":{"column_1":"9620","column_2":"Velzeke-Ruddershove","column_3":3.7825766,"column_4":50.8824839,"municipality_name_french":null,"arrondissement":"Arrondissement d\u2019Alost","province":"Province de Flandre orientale"}},{"type":"Feature","geometry":{"type":"Point","coordinates":[3.6992879,50.9051876]},"properties":{"column_1":"9630","column_2":"Meilegem","column_3":3.6992879,"column_4":50.9051876,"municipality_name_french":null,"arrondissement":"Arrondissement d\u2019Audenarde","province":"Province de Flandre orientale"}},{"type":"Feature","geometry":{"type":"Point","coordinates":[3.7148522,50.8963806]},"properties":{"column_1":"9630","column_2":"Paulatem","column_3":3.7148522,"column_4":50.8963806,"municipality_name_french":null,"arrondissement":"Arrondissement d\u2019Audenarde","province":"Province de Flandre orientale"}},{"type":"Feature","geometry":{"type":"Point","coordinates":[3.7206404,50.8515679]},"properties":{"column_1":"9630","column_2":"Sint-Blasius-Boekel","column_3":3.7206404,"column_4":50.8515679,"municipality_name_french":null,"arrondissement":"Arrondissement d\u2019Audenarde","province":"Province de Flandre orientale"}},{"type":"Feature","geometry":{"type":"Point","coordinates":[3.719334,50.8793307]},"properties":{"column_1":"9630","column_2":"Zwalm","column_3":3.719334,"column_4":50.8793307,"municipality_name_french":null,"arrondissement":"Arrondissement d\u2019Audenarde","province":"Province de Flandre orientale"}},{"type":"Feature","geometry":{"type":"Point","coordinates":[3.762778,50.7979739]},"properties":{"column_1":"9660","column_2":"Brakel","column_3":3.762778,"column_4":50.7979739,"municipality_name_french":null,"arrondissement":"Arrondissement d\u2019Audenarde","province":"Province de Flandre orientale"}},{"type":"Feature","geometry":{"type":"Point","coordinates":[5.5556351,50.7685711]},"properties":{"column_1":"9660","column_2":"Elst","column_3":5.5556351,"column_4":50.7685711,"municipality_name_french":null,"arrondissement":"Arrondissement de Tongres","province":"Province du Limbourg"}},{"type":"Feature","geometry":{"type":"Point","coordinates":[3.6875097,50.8383442]},"properties":{"column_1":"9667","column_2":"Sint-Maria-Horebeke","column_3":3.6875097,"column_4":50.8383442,"municipality_name_french":null,"arrondissement":"Arrondissement d\u2019Audenarde","province":"Province de Flandre orientale"}},{"type":"Feature","geometry":{"type":"Point","coordinates":[3.5954667,50.7965606]},"properties":{"column_1":"9681","column_2":"Nukerke","column_3":3.5954667,"column_4":50.7965606,"municipality_name_french":null,"arrondissement":"Arrondissement d\u2019Audenarde","province":"Province de Flandre orientale"}},{"type":"Feature","geometry":{"type":"Point","coordinates":[3.6782376,50.8061799]},"properties":{"column_1":"9688","column_2":"Schorisse","column_3":3.6782376,"column_4":50.8061799,"municipality_name_french":null,"arrondissement":"Arrondissement d\u2019Audenarde","province":"Province de Flandre orientale"}},{"type":"Feature","geometry":{"type":"Point","coordinates":[3.5212498,50.7782986]},"properties":{"column_1":"9690","column_2":"Kluisbergen","column_3":3.5212498,"column_4":50.7782986,"municipality_name_french":null,"arrondissement":"Arrondissement d\u2019Audenarde","province":"Province de Flandre orientale"}},{"type":"Feature","geometry":{"type":"Point","coordinates":[3.4860074,50.7739701]},"properties":{"column_1":"9690","column_2":"Ruien","column_3":3.4860074,"column_4":50.7739701,"municipality_name_french":null,"arrondissement":"Arrondissement d\u2019Audenarde","province":"Province de Flandre orientale"}},{"type":"Feature","geometry":{"type":"Point","coordinates":[3.5955691,50.8513634]},"properties":{"column_1":"9700","column_2":"Bevere","column_3":3.5955691,"column_4":50.8513634,"municipality_name_french":null,"arrondissement":"Arrondissement d\u2019Audenarde","province":"Province de Flandre orientale"}},{"type":"Feature","geometry":{"type":"Point","coordinates":[3.6226347,50.8695429]},"properties":{"column_1":"9700","column_2":"Eine","column_3":3.6226347,"column_4":50.8695429,"municipality_name_french":null,"arrondissement":"Arrondissement d\u2019Audenarde","province":"Province de Flandre orientale"}},{"type":"Feature","geometry":{"type":"Point","coordinates":[3.6356493,50.8408663]},"properties":{"column_1":"9700","column_2":"Volkegem","column_3":3.6356493,"column_4":50.8408663,"municipality_name_french":null,"arrondissement":"Arrondissement d\u2019Audenarde","province":"Province de Flandre orientale"}},{"type":"Feature","geometry":{"type":"Point","coordinates":[3.5108474,50.8853618]},"properties":{"column_1":"9771","column_2":"Nokere","column_3":3.5108474,"column_4":50.8853618,"municipality_name_french":null,"arrondissement":"Arrondissement d\u2019Audenarde","province":"Province de Flandre orientale"}},{"type":"Feature","geometry":{"type":"Point","coordinates":[3.5623575,50.8503548]},"properties":{"column_1":"9790","column_2":"Moregem","column_3":3.5623575,"column_4":50.8503548,"municipality_name_french":null,"arrondissement":"Arrondissement d\u2019Audenarde","province":"Province de Flandre orientale"}},{"type":"Feature","geometry":{"type":"Point","coordinates":[3.5624453,51.0038237]},"properties":{"column_1":"9800","column_2":"Bachte-Maria-Leerne","column_3":3.5624453,"column_4":51.0038237,"municipality_name_french":null,"arrondissement":"Arrondissement de Gand","province":"Province de Flandre orientale"}},{"type":"Feature","geometry":{"type":"Point","coordinates":[3.5274017,50.9840526]},"properties":{"column_1":"9800","column_2":"Deinze","column_3":3.5274017,"column_4":50.9840526,"municipality_name_french":null,"arrondissement":"Arrondissement de Gand","province":"Province de Flandre orientale"}},{"type":"Feature","geometry":{"type":"Point","coordinates":[3.5324987,50.969075]},"properties":{"column_1":"9800","column_2":"Petegem-Aan-De-Leie","column_3":3.5324987,"column_4":50.969075,"municipality_name_french":null,"arrondissement":"Arrondissement de Gand","province":"Province de Flandre orientale"}},{"type":"Feature","geometry":{"type":"Point","coordinates":[3.4808321,51.0078663]},"properties":{"column_1":"9800","column_2":"Vinkt","column_3":3.4808321,"column_4":51.0078663,"municipality_name_french":null,"arrondissement":"Arrondissement de Gand","province":"Province de Flandre orientale"}},{"type":"Feature","geometry":{"type":"Point","coordinates":[3.5031988,50.9967515]},"properties":{"column_1":"9800","column_2":"Zeveren","column_3":3.5031988,"column_4":50.9967515,"municipality_name_french":null,"arrondissement":"Arrondissement de Gand","province":"Province de Flandre orientale"}},{"type":"Feature","geometry":{"type":"Point","coordinates":[3.7445458,50.9452452]},"properties":{"column_1":"9820","column_2":"Munte","column_3":3.7445458,"column_4":50.9452452,"municipality_name_french":null,"arrondissement":"Arrondissement de Gand","province":"Province de Flandre orientale"}},{"type":"Feature","geometry":{"type":"Point","coordinates":[3.6111658724762,51.0000909]},"properties":{"column_1":"9831","column_2":"Deurle","column_3":3.6111658724762,"column_4":51.0000909,"municipality_name_french":null,"arrondissement":"Arrondissement de Gand","province":"Province de Flandre orientale"}},{"type":"Feature","geometry":{"type":"Point","coordinates":[3.5888091437976,51.0546369]},"properties":{"column_1":"9850","column_2":"Landegem","column_3":3.5888091437976,"column_4":51.0546369,"municipality_name_french":null,"arrondissement":"Arrondissement de Gand","province":"Province de Flandre orientale"}},{"type":"Feature","geometry":{"type":"Point","coordinates":[3.5491068,51.0330372]},"properties":{"column_1":"9850","column_2":"Nevele","column_3":3.5491068,"column_4":51.0330372,"municipality_name_french":null,"arrondissement":"Arrondissement de Gand","province":"Province de Flandre orientale"}},{"type":"Feature","geometry":{"type":"Point","coordinates":[3.5117304815871,51.03238865]},"properties":{"column_1":"9850","column_2":"Poesele","column_3":3.5117304815871,"column_4":51.03238865,"municipality_name_french":null,"arrondissement":"Arrondissement de Gand","province":"Province de Flandre orientale"}},{"type":"Feature","geometry":{"type":"Point","coordinates":[3.5661276338188,51.0289033]},"properties":{"column_1":"9850","column_2":"Vosselare","column_3":3.5661276338188,"column_4":51.0289033,"municipality_name_french":null,"arrondissement":"Arrondissement de Gand","province":"Province de Flandre orientale"}},{"type":"Feature","geometry":{"type":"Point","coordinates":[3.78971,50.9392571]},"properties":{"column_1":"9860","column_2":"Scheldewindeke","column_3":3.78971,"column_4":50.9392571,"municipality_name_french":null,"arrondissement":"Arrondissement de Gand","province":"Province de Flandre orientale"}},{"type":"Feature","geometry":{"type":"Point","coordinates":[3.4858873,50.9591856]},"properties":{"column_1":"9870","column_2":"Machelen","column_3":3.4858873,"column_4":50.9591856,"municipality_name_french":null,"arrondissement":"Arrondissement de Gand","province":"Province de Flandre orientale"}},{"type":"Feature","geometry":{"type":"Point","coordinates":[3.4651619,50.9357958]},"properties":{"column_1":"9870","column_2":"Olsene","column_3":3.4651619,"column_4":50.9357958,"municipality_name_french":null,"arrondissement":"Arrondissement de Gand","province":"Province de Flandre orientale"}},{"type":"Feature","geometry":{"type":"Point","coordinates":[3.412339,51.1392692]},"properties":{"column_1":"9910","column_2":"Knesselare","column_3":3.412339,"column_4":51.1392692,"municipality_name_french":null,"arrondissement":"Arrondissement de Gand","province":"Province de Flandre orientale"}},{"type":"Feature","geometry":{"type":"Point","coordinates":[3.732612,51.1547125]},"properties":{"column_1":"9940","column_2":"Kluizen","column_3":3.732612,"column_4":51.1547125,"municipality_name_french":null,"arrondissement":"Arrondissement de Gand","province":"Province de Flandre orientale"}},{"type":"Feature","geometry":{"type":"Point","coordinates":[3.687828,51.1929943]},"properties":{"column_1":"9968","column_2":"Oosteeklo","column_3":3.687828,"column_4":51.1929943,"municipality_name_french":null,"arrondissement":"Arrondissement d\u2019Eeklo","province":"Province de Flandre orientale"}},{"type":"Feature","geometry":{"type":"Point","coordinates":[3.5905485,51.2891181]},"properties":{"column_1":"9988","column_2":"Waterland-Oudeman","column_3":3.5905485,"column_4":51.2891181,"municipality_name_french":null,"arrondissement":"Arrondissement d\u2019Eeklo","province":"Province de Flandre orientale"}},{"type":"Feature","geometry":{"type":"Point","coordinates":[3.4154538,51.2263133]},"properties":{"column_1":"9990","column_2":"Maldegem","column_3":3.4154538,"column_4":51.2263133,"municipality_name_french":null,"arrondissement":"Arrondissement d\u2019Eeklo","province":"Province de Flandre orientale"}},{"type":"Feature","geometry":{"type":"Point","coordinates":[3.4858471,51.2035291]},"properties":{"column_1":"9991","column_2":"Adegem","column_3":3.4858471,"column_4":51.2035291,"municipality_name_french":null,"arrondissement":"Arrondissement d\u2019Eeklo","province":"Province de Flandre orientale"}},{"type":"Feature","geometry":{"type":"Point","coordinates":[4.6084845,50.1904615]},"properties":{"column_1":"5600","column_2":"Villers-Le-Gambon","column_3":4.6084845,"column_4":50.1904615,"municipality_name_french":"Philippeville","arrondissement":"Arrondissement de Philippeville","province":"Province de Namur"}},{"type":"Feature","geometry":{"type":"Point","coordinates":[4.4827391,50.189702]},"properties":{"column_1":"5630","column_2":"Villers-Deux-Eglises","column_3":4.4827391,"column_4":50.189702,"municipality_name_french":"Cerfontaine","arrondissement":"Arrondissement de Philippeville","province":"Province de Namur"}},{"type":"Feature","geometry":{"type":"Point","coordinates":[4.6073303,50.3346461]},"properties":{"column_1":"5640","column_2":"Biesme","column_3":4.6073303,"column_4":50.3346461,"municipality_name_french":"Mettet","arrondissement":"Arrondissement de Namur","province":"Province de Namur"}},{"type":"Feature","geometry":{"type":"Point","coordinates":[4.5081639,50.2613846]},"properties":{"column_1":"5650","column_2":"Fraire","column_3":4.5081639,"column_4":50.2613846,"municipality_name_french":"Walcourt","arrondissement":"Arrondissement de Philippeville","province":"Province de Namur"}},{"type":"Feature","geometry":{"type":"Point","coordinates":[4.4523592,50.2398955]},"properties":{"column_1":"5650","column_2":"Vogen\u00e9e","column_3":4.4523592,"column_4":50.2398955,"municipality_name_french":"Walcourt","arrondissement":"Arrondissement de Philippeville","province":"Province de Namur"}},{"type":"Feature","geometry":{"type":"Point","coordinates":[4.4347509,50.2532022]},"properties":{"column_1":"5650","column_2":"Walcourt","column_3":4.4347509,"column_4":50.2532022,"municipality_name_french":"Walcourt","arrondissement":"Arrondissement de Philippeville","province":"Province de Namur"}},{"type":"Feature","geometry":{"type":"Point","coordinates":[4.4012206,50.2892396]},"properties":{"column_1":"5651","column_2":"Berz\u00e9e","column_3":4.4012206,"column_4":50.2892396,"municipality_name_french":"Walcourt","arrondissement":"Arrondissement de Philippeville","province":"Province de Namur"}},{"type":"Feature","geometry":{"type":"Point","coordinates":[4.3892146,50.2691529]},"properties":{"column_1":"5651","column_2":"Rogn\u00e9e","column_3":4.3892146,"column_4":50.2691529,"municipality_name_french":"Walcourt","arrondissement":"Arrondissement de Philippeville","province":"Province de Namur"}},{"type":"Feature","geometry":{"type":"Point","coordinates":[4.4090395,50.0672297]},"properties":{"column_1":"5660","column_2":"Aublain","column_3":4.4090395,"column_4":50.0672297,"municipality_name_french":"Couvin","arrondissement":"Arrondissement de Philippeville","province":"Province de Namur"}},{"type":"Feature","geometry":{"type":"Point","coordinates":[4.5296813,49.9695906]},"properties":{"column_1":"5660","column_2":"Br\u00fbly","column_3":4.5296813,"column_4":49.9695906,"municipality_name_french":"Couvin","arrondissement":"Arrondissement de Philippeville","province":"Province de Namur"}},{"type":"Feature","geometry":{"type":"Point","coordinates":[4.4602842,50.0009202]},"properties":{"column_1":"5660","column_2":"Br\u00fbly-De-Pesche","column_3":4.4602842,"column_4":50.0009202,"municipality_name_french":"Couvin","arrondissement":"Arrondissement de Philippeville","province":"Province de Namur"}},{"type":"Feature","geometry":{"type":"Point","coordinates":[4.4360525,50.0577541]},"properties":{"column_1":"5660","column_2":"Dailly","column_3":4.4360525,"column_4":50.0577541,"municipality_name_french":"Couvin","arrondissement":"Arrondissement de Philippeville","province":"Province de Namur"}},{"type":"Feature","geometry":{"type":"Point","coordinates":[4.5233186,50.0941307]},"properties":{"column_1":"5660","column_2":"Mariembourg","column_3":4.5233186,"column_4":50.0941307,"municipality_name_french":"Couvin","arrondissement":"Arrondissement de Philippeville","province":"Province de Namur"}},{"type":"Feature","geometry":{"type":"Point","coordinates":[4.4584819,50.0431267]},"properties":{"column_1":"5660","column_2":"Pesche","column_3":4.4584819,"column_4":50.0431267,"municipality_name_french":"Couvin","arrondissement":"Arrondissement de Philippeville","province":"Province de Namur"}},{"type":"Feature","geometry":{"type":"Point","coordinates":[4.6396988,50.0237221]},"properties":{"column_1":"5670","column_2":"Oignies-En-Thi\u00e9rache","column_3":4.6396988,"column_4":50.0237221,"municipality_name_french":"Viroinval","arrondissement":"Arrondissement de Philippeville","province":"Province de Namur"}},{"type":"Feature","geometry":{"type":"Point","coordinates":[4.7367955,50.1873423]},"properties":{"column_1":"5680","column_2":"Soulme","column_3":4.7367955,"column_4":50.1873423,"municipality_name_french":"Doische","arrondissement":"Arrondissement de Philippeville","province":"Province de Namur"}},{"type":"Feature","geometry":{"type":"Point","coordinates":[4.7424981,50.1131712]},"properties":{"column_1":"5680","column_2":"Vaucelles","column_3":4.7424981,"column_4":50.1131712,"municipality_name_french":"Doische","arrondissement":"Arrondissement de Philippeville","province":"Province de Namur"}},{"type":"Feature","geometry":{"type":"Point","coordinates":[4.468631,50.391219]},"properties":{"column_1":"6010","column_2":"Couillet","column_3":4.468631,"column_4":50.391219,"municipality_name_french":"Charleroi","arrondissement":"Arrondissement de Charleroi","province":"Province du Hainaut"}},{"type":"Feature","geometry":{"type":"Point","coordinates":[4.4322464,50.4186181]},"properties":{"column_1":"6020","column_2":"Dampremy","column_3":4.4322464,"column_4":50.4186181,"municipality_name_french":"Charleroi","arrondissement":"Arrondissement de Charleroi","province":"Province du Hainaut"}},{"type":"Feature","geometry":{"type":"Point","coordinates":[4.3960065,50.4067102]},"properties":{"column_1":"6030","column_2":"Marchienne-Au-Pont","column_3":4.3960065,"column_4":50.4067102,"municipality_name_french":"Charleroi","arrondissement":"Arrondissement de Charleroi","province":"Province du Hainaut"}},{"type":"Feature","geometry":{"type":"Point","coordinates":[4.382402,50.4170168]},"properties":{"column_1":"6031","column_2":"Monceau-Sur-Sambre","column_3":4.382402,"column_4":50.4170168,"municipality_name_french":"Charleroi","arrondissement":"Arrondissement de Charleroi","province":"Province du Hainaut"}},{"type":"Feature","geometry":{"type":"Point","coordinates":[4.4301757,50.4653846]},"properties":{"column_1":"6041","column_2":"Gosselies","column_3":4.4301757,"column_4":50.4653846,"municipality_name_french":"Charleroi","arrondissement":"Arrondissement de Charleroi","province":"Province du Hainaut"}},{"type":"Feature","geometry":{"type":"Point","coordinates":[4.3868963,50.2974701]},"properties":{"column_1":"6120","column_2":"Cour-Sur-Heure","column_3":4.3868963,"column_4":50.2974701,"municipality_name_french":"Ham-sur-Heure-Nalinnes","arrondissement":"Arrondissement de Thuin","province":"Province du Hainaut"}},{"type":"Feature","geometry":{"type":"Point","coordinates":[4.3307851,50.3974398]},"properties":{"column_1":"6142","column_2":"Leernes","column_3":4.3307851,"column_4":50.3974398,"municipality_name_french":"Fontaine-l'\u00c9v\u00eaque","arrondissement":"Arrondissement de Charleroi","province":"Province du Hainaut"}},{"type":"Feature","geometry":{"type":"Point","coordinates":[4.2696102,50.4079969]},"properties":{"column_1":"6150","column_2":"Anderlues","column_3":4.2696102,"column_4":50.4079969,"municipality_name_french":"Anderlues","arrondissement":"Arrondissement de Thuin","province":"Province du Hainaut"}},{"type":"Feature","geometry":{"type":"Point","coordinates":[4.3287132,50.4875628]},"properties":{"column_1":"6181","column_2":"Gouy-Lez-Pi\u00e9ton","column_3":4.3287132,"column_4":50.4875628,"municipality_name_french":"Courcelles","arrondissement":"Arrondissement de Charleroi","province":"Province du Hainaut"}},{"type":"Feature","geometry":{"type":"Point","coordinates":[4.350827,50.450999]},"properties":{"column_1":"6182","column_2":"Souvret","column_3":4.350827,"column_4":50.450999,"municipality_name_french":"Courcelles","arrondissement":"Arrondissement de Charleroi","province":"Province du Hainaut"}},{"type":"Feature","geometry":{"type":"Point","coordinates":[4.5179328,50.4155938]},"properties":{"column_1":"6200","column_2":"Ch\u00e2telineau","column_3":4.5179328,"column_4":50.4155938,"municipality_name_french":"Ch\u00e2telet","arrondissement":"Arrondissement de Charleroi","province":"Province du Hainaut"}},{"type":"Feature","geometry":{"type":"Point","coordinates":[4.4783773,50.5262014]},"properties":{"column_1":"6210","column_2":"Villers-Perwin","column_3":4.4783773,"column_4":50.5262014,"municipality_name_french":"Les Bons Villers","arrondissement":"Arrondissement de Charleroi","province":"Province du Hainaut"}},{"type":"Feature","geometry":{"type":"Point","coordinates":[4.519112,50.4776689]},"properties":{"column_1":"6220","column_2":"Wangenies","column_3":4.519112,"column_4":50.4776689,"municipality_name_french":"Fleurus","arrondissement":"Arrondissement de Charleroi","province":"Province du Hainaut"}},{"type":"Feature","geometry":{"type":"Point","coordinates":[4.3713097181263,50.53893345]},"properties":{"column_1":"6230","column_2":"Buzet","column_3":4.3713097181263,"column_4":50.53893345,"municipality_name_french":"Pont-\u00e0-Celles","arrondissement":"Arrondissement de Charleroi","province":"Province du Hainaut"}},{"type":"Feature","geometry":{"type":"Point","coordinates":[4.4030299776693,50.4906258]},"properties":{"column_1":"6230","column_2":"Viesville","column_3":4.4030299776693,"column_4":50.4906258,"municipality_name_french":"Pont-\u00e0-Celles","arrondissement":"Arrondissement de Charleroi","province":"Province du Hainaut"}},{"type":"Feature","geometry":{"type":"Point","coordinates":[4.526056,50.4285932]},"properties":{"column_1":"6240","column_2":"Pironchamps","column_3":4.526056,"column_4":50.4285932,"municipality_name_french":"Farciennes","arrondissement":"Arrondissement de Charleroi","province":"Province du Hainaut"}},{"type":"Feature","geometry":{"type":"Point","coordinates":[4.5870152,50.4111232]},"properties":{"column_1":"6250","column_2":"Aiseau","column_3":4.5870152,"column_4":50.4111232,"municipality_name_french":"Aiseau-Presles","arrondissement":"Arrondissement de Charleroi","province":"Province du Hainaut"}},{"type":"Feature","geometry":{"type":"Point","coordinates":[4.584081,50.4065228]},"properties":{"column_1":"6250","column_2":"Aiseau-Presles","column_3":4.584081,"column_4":50.4065228,"municipality_name_french":"Aiseau-Presles","arrondissement":"Arrondissement de Charleroi","province":"Province du Hainaut"}},{"type":"Feature","geometry":{"type":"Point","coordinates":[4.5728849,50.4289142]},"properties":{"column_1":"6250","column_2":"Roselies","column_3":4.5728849,"column_4":50.4289142,"municipality_name_french":"Aiseau-Presles","arrondissement":"Arrondissement de Charleroi","province":"Province du Hainaut"}},{"type":"Feature","geometry":{"type":"Point","coordinates":[4.5323568,50.3588065]},"properties":{"column_1":"6280","column_2":"Acoz","column_3":4.5323568,"column_4":50.3588065,"municipality_name_french":"Gerpinnes","arrondissement":"Arrondissement de Charleroi","province":"Province du Hainaut"}},{"type":"Feature","geometry":{"type":"Point","coordinates":[4.5125952,50.3528064]},"properties":{"column_1":"6280","column_2":"Joncret","column_3":4.5125952,"column_4":50.3528064,"municipality_name_french":"Gerpinnes","arrondissement":"Arrondissement de Charleroi","province":"Province du Hainaut"}},{"type":"Feature","geometry":{"type":"Point","coordinates":[4.3166667,50.1666667]},"properties":{"column_1":"6440","column_2":"Fourbechies","column_3":4.3166667,"column_4":50.1666667,"municipality_name_french":"Froidchapelle","arrondissement":"Arrondissement de Thuin","province":"Province du Hainaut"}},{"type":"Feature","geometry":{"type":"Point","coordinates":[4.278378,50.072802]},"properties":{"column_1":"6460","column_2":"Robechies","column_3":4.278378,"column_4":50.072802,"municipality_name_french":"Chimay","arrondissement":"Arrondissement de Thuin","province":"Province du Hainaut"}},{"type":"Feature","geometry":{"type":"Point","coordinates":[4.309222,50.050354]},"properties":{"column_1":"6460","column_2":"Saint-Remy","column_3":4.309222,"column_4":50.050354,"municipality_name_french":"Chimay","arrondissement":"Arrondissement de Thuin","province":"Province du Hainaut"}},{"type":"Feature","geometry":{"type":"Point","coordinates":[4.247403,50.0560102]},"properties":{"column_1":"6460","column_2":"Salles","column_3":4.247403,"column_4":50.0560102,"municipality_name_french":"Chimay","arrondissement":"Arrondissement de Thuin","province":"Province du Hainaut"}},{"type":"Feature","geometry":{"type":"Point","coordinates":[4.26287,50.035369]},"properties":{"column_1":"6460","column_2":"Villers-La-Tour","column_3":4.26287,"column_4":50.035369,"municipality_name_french":"Chimay","arrondissement":"Arrondissement de Thuin","province":"Province du Hainaut"}},{"type":"Feature","geometry":{"type":"Point","coordinates":[4.1899982,50.1640023]},"properties":{"column_1":"6470","column_2":"Sivry-Rance","column_3":4.1899982,"column_4":50.1640023,"municipality_name_french":"Sivry-Rance","arrondissement":"Arrondissement de Thuin","province":"Province du Hainaut"}},{"type":"Feature","geometry":{"type":"Point","coordinates":[4.2859259,50.2206905]},"properties":{"column_1":"6500","column_2":"Barben\u00e7on","column_3":4.2859259,"column_4":50.2206905,"municipality_name_french":"Beaumont","arrondissement":"Arrondissement de Thuin","province":"Province du Hainaut"}},{"type":"Feature","geometry":{"type":"Point","coordinates":[4.2364418,50.2608137]},"properties":{"column_1":"6500","column_2":"Thirimont","column_3":4.2364418,"column_4":50.2608137,"municipality_name_french":"Beaumont","arrondissement":"Arrondissement de Thuin","province":"Province du Hainaut"}},{"type":"Feature","geometry":{"type":"Point","coordinates":[4.2377392,50.3766211]},"properties":{"column_1":"6540","column_2":"Mont-Sainte-Genevi\u00e8ve","column_3":4.2377392,"column_4":50.3766211,"municipality_name_french":"Lobbes","arrondissement":"Arrondissement de Thuin","province":"Province du Hainaut"}},{"type":"Feature","geometry":{"type":"Point","coordinates":[4.1644816,50.3234035]},"properties":{"column_1":"6567","column_2":"Merbes-Le-Ch\u00e2teau","column_3":4.1644816,"column_4":50.3234035,"municipality_name_french":"Merbes-le-Ch\u00e2teau","arrondissement":"Arrondissement de Thuin","province":"Province du Hainaut"}},{"type":"Feature","geometry":{"type":"Point","coordinates":[4.1711042,50.3552041]},"properties":{"column_1":"6567","column_2":"Merbes-Sainte-Marie","column_3":4.1711042,"column_4":50.3552041,"municipality_name_french":"Merbes-le-Ch\u00e2teau","arrondissement":"Arrondissement de Thuin","province":"Province du Hainaut"}},{"type":"Feature","geometry":{"type":"Point","coordinates":[4.224118,50.036452]},"properties":{"column_1":"6592","column_2":"Monceau-Imbrechies","column_3":4.224118,"column_4":50.036452,"municipality_name_french":"Momignies","arrondissement":"Arrondissement de Thuin","province":"Province du Hainaut"}},{"type":"Feature","geometry":{"type":"Point","coordinates":[4.156972,50.015365]},"properties":{"column_1":"6594","column_2":"Beauwelz","column_3":4.156972,"column_4":50.015365,"municipality_name_french":"Momignies","arrondissement":"Arrondissement de Thuin","province":"Province du Hainaut"}},{"type":"Feature","geometry":{"type":"Point","coordinates":[4.255615,50.016087]},"properties":{"column_1":"6596","column_2":"Seloignes","column_3":4.255615,"column_4":50.016087,"municipality_name_french":"Momignies","arrondissement":"Arrondissement de Thuin","province":"Province du Hainaut"}},{"type":"Feature","geometry":{"type":"Point","coordinates":[5.7153203,50.0009951]},"properties":{"column_1":"6600","column_2":"Bastogne","column_3":5.7153203,"column_4":50.0009951,"municipality_name_french":"Bastogne","arrondissement":"Arrondissement de Bastogne","province":"Province du Luxembourg"}},{"type":"Feature","geometry":{"type":"Point","coordinates":[5.7477792,49.9345566]},"properties":{"column_1":"6600","column_2":"Villers-La-Bonne-Eau","column_3":5.7477792,"column_4":49.9345566,"municipality_name_french":"Bastogne","arrondissement":"Arrondissement de Bastogne","province":"Province du Luxembourg"}},{"type":"Feature","geometry":{"type":"Point","coordinates":[5.7857948,49.9902268]},"properties":{"column_1":"6600","column_2":"Wardin","column_3":5.7857948,"column_4":49.9902268,"municipality_name_french":"Bastogne","arrondissement":"Arrondissement de Bastogne","province":"Province du Luxembourg"}},{"type":"Feature","geometry":{"type":"Point","coordinates":[5.6352461,49.968275]},"properties":{"column_1":"6640","column_2":"Sibret","column_3":5.6352461,"column_4":49.968275,"municipality_name_french":"Vaux-sur-S\u00fbre","arrondissement":"Arrondissement de Bastogne","province":"Province du Luxembourg"}},{"type":"Feature","geometry":{"type":"Point","coordinates":[5.837773,50.1081487]},"properties":{"column_1":"6662","column_2":"Tavigny","column_3":5.837773,"column_4":50.1081487,"municipality_name_french":"Houffalize","arrondissement":"Arrondissement de Bastogne","province":"Province du Luxembourg"}},{"type":"Feature","geometry":{"type":"Point","coordinates":[5.9549305,50.1907895]},"properties":{"column_1":"6670","column_2":"Gouvy","column_3":5.9549305,"column_4":50.1907895,"municipality_name_french":"Gouvy","arrondissement":"Arrondissement de Bastogne","province":"Province du Luxembourg"}},{"type":"Feature","geometry":{"type":"Point","coordinates":[5.8288862,50.1876021]},"properties":{"column_1":"6674","column_2":"Montleban","column_3":5.8288862,"column_4":50.1876021,"municipality_name_french":"Gouvy","arrondissement":"Arrondissement de Bastogne","province":"Province du Luxembourg"}},{"type":"Feature","geometry":{"type":"Point","coordinates":[5.9170187,50.2883685]},"properties":{"column_1":"6690","column_2":"Vielsalm","column_3":5.9170187,"column_4":50.2883685,"municipality_name_french":"Vielsalm","arrondissement":"Arrondissement de Bastogne","province":"Province du Luxembourg"}},{"type":"Feature","geometry":{"type":"Point","coordinates":[5.9072517,50.3262753]},"properties":{"column_1":"6698","column_2":"Grand-Halleux","column_3":5.9072517,"column_4":50.3262753,"municipality_name_french":"Vielsalm","arrondissement":"Arrondissement de Bastogne","province":"Province du Luxembourg"}},{"type":"Feature","geometry":{"type":"Point","coordinates":[5.7464566,49.7007526]},"properties":{"column_1":"6700","column_2":"Heinsch","column_3":5.7464566,"column_4":49.7007526,"municipality_name_french":"Arlon","arrondissement":"Arrondissement d\u2019Arlon","province":"Province du Luxembourg"}},{"type":"Feature","geometry":{"type":"Point","coordinates":[5.853381,49.7193575]},"properties":{"column_1":"6704","column_2":"Guirsch","column_3":5.853381,"column_4":49.7193575,"municipality_name_french":"Arlon","arrondissement":"Arrondissement d\u2019Arlon","province":"Province du Luxembourg"}},{"type":"Feature","geometry":{"type":"Point","coordinates":[5.6503942,49.7286061]},"properties":{"column_1":"6720","column_2":"Habay-La-Neuve","column_3":5.6503942,"column_4":49.7286061,"municipality_name_french":"Habay","arrondissement":"Arrondissement de Virton","province":"Province du Luxembourg"}},{"type":"Feature","geometry":{"type":"Point","coordinates":[5.6225107,49.7228424]},"properties":{"column_1":"6723","column_2":"Habay-La-Vieille","column_3":5.6225107,"column_4":49.7228424,"municipality_name_french":"Habay","arrondissement":"Arrondissement de Virton","province":"Province du Luxembourg"}},{"type":"Feature","geometry":{"type":"Point","coordinates":[5.475602,49.6774116]},"properties":{"column_1":"6730","column_2":"Saint-Vincent","column_3":5.475602,"column_4":49.6774116,"municipality_name_french":"Tintigny","arrondissement":"Arrondissement de Virton","province":"Province du Luxembourg"}},{"type":"Feature","geometry":{"type":"Point","coordinates":[5.5644887,49.6732168]},"properties":{"column_1":"6740","column_2":"Sainte-Marie-Sur-Semois","column_3":5.5644887,"column_4":49.6732168,"municipality_name_french":"\u00c9talle","arrondissement":"Arrondissement de Virton","province":"Province du Luxembourg"}},{"type":"Feature","geometry":{"type":"Point","coordinates":[5.6698138,49.6701655]},"properties":{"column_1":"6741","column_2":"Vance","column_3":5.6698138,"column_4":49.6701655,"municipality_name_french":"\u00c9talle","arrondissement":"Arrondissement de Virton","province":"Province du Luxembourg"}},{"type":"Feature","geometry":{"type":"Point","coordinates":[5.7187012,49.6151951]},"properties":{"column_1":"6747","column_2":"Meix-Le-Tige","column_3":5.7187012,"column_4":49.6151951,"municipality_name_french":"Saint-L\u00e9ger","arrondissement":"Arrondissement de Virton","province":"Province du Luxembourg"}},{"type":"Feature","geometry":{"type":"Point","coordinates":[5.705881,49.5580794]},"properties":{"column_1":"6750","column_2":"Musson","column_3":5.705881,"column_4":49.5580794,"municipality_name_french":"Musson","arrondissement":"Arrondissement de Virton","province":"Province du Luxembourg"}},{"type":"Feature","geometry":{"type":"Point","coordinates":[5.6272894,49.5680419]},"properties":{"column_1":"6760","column_2":"Bleid","column_3":5.6272894,"column_4":49.5680419,"municipality_name_french":"Virton","arrondissement":"Arrondissement de Virton","province":"Province du Luxembourg"}},{"type":"Feature","geometry":{"type":"Point","coordinates":[5.4816156,49.6055933]},"properties":{"column_1":"6769","column_2":"Meix-Devant-Virton","column_3":5.4816156,"column_4":49.6055933,"municipality_name_french":"Meix-devant-Virton","arrondissement":"Arrondissement de Virton","province":"Province du Luxembourg"}},{"type":"Feature","geometry":{"type":"Point","coordinates":[5.5071291,49.595344]},"properties":{"column_1":"6769","column_2":"Robelmont","column_3":5.5071291,"column_4":49.595344,"municipality_name_french":"Meix-devant-Virton","arrondissement":"Arrondissement de Virton","province":"Province du Luxembourg"}},{"type":"Feature","geometry":{"type":"Point","coordinates":[5.468077,49.9894846]},"properties":{"column_1":"6800","column_2":"Moircy","column_3":5.468077,"column_4":49.9894846,"municipality_name_french":"Libramont-Chevigny","arrondissement":"Arrondissement de Neufch\u00e2teau","province":"Province du Luxembourg"}},{"type":"Feature","geometry":{"type":"Point","coordinates":[5.3607943,49.9112853]},"properties":{"column_1":"6800","column_2":"Recogne","column_3":5.3607943,"column_4":49.9112853,"municipality_name_french":"Libramont-Chevigny","arrondissement":"Arrondissement de Neufch\u00e2teau","province":"Province du Luxembourg"}},{"type":"Feature","geometry":{"type":"Point","coordinates":[5.1456628,49.8133379]},"properties":{"column_1":"6830","column_2":"Les Hayons","column_3":5.1456628,"column_4":49.8133379,"municipality_name_french":"Bouillon","arrondissement":"Arrondissement de Neufch\u00e2teau","province":"Province du Luxembourg"}},{"type":"Feature","geometry":{"type":"Point","coordinates":[5.412251,50.6175774]},"properties":{"column_1":"6831","column_2":"Noirfontaine","column_3":5.412251,"column_4":50.6175774,"municipality_name_french":"Bouillon","arrondissement":"Arrondissement de Li\u00e8ge","province":"Province de Li\u00e8ge"}},{"type":"Feature","geometry":{"type":"Point","coordinates":[5.0573896,49.8314004]},"properties":{"column_1":"6833","column_2":"Ucimont","column_3":5.0573896,"column_4":49.8314004,"municipality_name_french":"Bouillon","arrondissement":"Arrondissement de Neufch\u00e2teau","province":"Province du Luxembourg"}},{"type":"Feature","geometry":{"type":"Point","coordinates":[5.1418578,49.7973741]},"properties":{"column_1":"6836","column_2":"Dohan","column_3":5.1418578,"column_4":49.7973741,"municipality_name_french":"Bouillon","arrondissement":"Arrondissement de Neufch\u00e2teau","province":"Province du Luxembourg"}},{"type":"Feature","geometry":{"type":"Point","coordinates":[5.1805775,49.9651106]},"properties":{"column_1":"6852","column_2":"Maissin","column_3":5.1805775,"column_4":49.9651106,"municipality_name_french":"Paliseul","arrondissement":"Arrondissement de Neufch\u00e2teau","province":"Province du Luxembourg"}},{"type":"Feature","geometry":{"type":"Point","coordinates":[5.2033082,49.8020427]},"properties":{"column_1":"6880","column_2":"Cugnon","column_3":5.2033082,"column_4":49.8020427,"municipality_name_french":"Bertrix","arrondissement":"Arrondissement de Neufch\u00e2teau","province":"Province du Luxembourg"}},{"type":"Feature","geometry":{"type":"Point","coordinates":[5.2022069,49.9065515]},"properties":{"column_1":"6880","column_2":"Jehonville","column_3":5.2022069,"column_4":49.9065515,"municipality_name_french":"Bertrix","arrondissement":"Arrondissement de Neufch\u00e2teau","province":"Province du Luxembourg"}},{"type":"Feature","geometry":{"type":"Point","coordinates":[5.3022804,49.8343079]},"properties":{"column_1":"6880","column_2":"Orgeo","column_3":5.3022804,"column_4":49.8343079,"municipality_name_french":"Bertrix","arrondissement":"Arrondissement de Neufch\u00e2teau","province":"Province du Luxembourg"}},{"type":"Feature","geometry":{"type":"Point","coordinates":[5.2377736,49.7815364]},"properties":{"column_1":"6887","column_2":"Herbeumont","column_3":5.2377736,"column_4":49.7815364,"municipality_name_french":"Herbeumont","arrondissement":"Arrondissement de Neufch\u00e2teau","province":"Province du Luxembourg"}},{"type":"Feature","geometry":{"type":"Point","coordinates":[5.3811714,49.7961667]},"properties":{"column_1":"6887","column_2":"Straimont","column_3":5.3811714,"column_4":49.7961667,"municipality_name_french":"Herbeumont","arrondissement":"Arrondissement de Neufch\u00e2teau","province":"Province du Luxembourg"}},{"type":"Feature","geometry":{"type":"Point","coordinates":[5.2569017,49.9809464]},"properties":{"column_1":"6890","column_2":"Libin","column_3":5.2569017,"column_4":49.9809464,"municipality_name_french":"Libin","arrondissement":"Arrondissement de Neufch\u00e2teau","province":"Province du Luxembourg"}},{"type":"Feature","geometry":{"type":"Point","coordinates":[5.2781878,49.9244612]},"properties":{"column_1":"6890","column_2":"Ochamps","column_3":5.2781878,"column_4":49.9244612,"municipality_name_french":"Libin","arrondissement":"Arrondissement de Neufch\u00e2teau","province":"Province du Luxembourg"}},{"type":"Feature","geometry":{"type":"Point","coordinates":[5.2662483,50.0188027]},"properties":{"column_1":"6890","column_2":"Smuid","column_3":5.2662483,"column_4":50.0188027,"municipality_name_french":"Libin","arrondissement":"Arrondissement de Neufch\u00e2teau","province":"Province du Luxembourg"}},{"type":"Feature","geometry":{"type":"Point","coordinates":[5.3428796,50.2240814]},"properties":{"column_1":"6900","column_2":"Marche-En-Famenne","column_3":5.3428796,"column_4":50.2240814,"municipality_name_french":"Marche-en-Famenne","arrondissement":"Arrondissement de Marche-en-Famenne","province":"Province du Luxembourg"}},{"type":"Feature","geometry":{"type":"Point","coordinates":[5.3441742,50.2119666]},"properties":{"column_1":"6900","column_2":"Waha","column_3":5.3441742,"column_4":50.2119666,"municipality_name_french":"Marche-en-Famenne","arrondissement":"Arrondissement de Marche-en-Famenne","province":"Province du Luxembourg"}},{"type":"Feature","geometry":{"type":"Point","coordinates":[5.0702515,50.0685885]},"properties":{"column_1":"6920","column_2":"Sohier","column_3":5.0702515,"column_4":50.0685885,"municipality_name_french":"Wellin","arrondissement":"Arrondissement de Neufch\u00e2teau","province":"Province du Luxembourg"}},{"type":"Feature","geometry":{"type":"Point","coordinates":[5.1146708,50.0822967]},"properties":{"column_1":"6920","column_2":"Wellin","column_3":5.1146708,"column_4":50.0822967,"municipality_name_french":"Wellin","arrondissement":"Arrondissement de Neufch\u00e2teau","province":"Province du Luxembourg"}},{"type":"Feature","geometry":{"type":"Point","coordinates":[5.2798077,50.0923432]},"properties":{"column_1":"6927","column_2":"Grupont","column_3":5.2798077,"column_4":50.0923432,"municipality_name_french":"Tellin","arrondissement":"Arrondissement de Neufch\u00e2teau","province":"Province du Luxembourg"}},{"type":"Feature","geometry":{"type":"Point","coordinates":[5.1778089,50.0828516]},"properties":{"column_1":"6927","column_2":"Resteigne","column_3":5.1778089,"column_4":50.0828516,"municipality_name_french":"Tellin","arrondissement":"Arrondissement de Neufch\u00e2teau","province":"Province du Luxembourg"}},{"type":"Feature","geometry":{"type":"Point","coordinates":[5.1184644,50.0217646]},"properties":{"column_1":"6929","column_2":"Daverdisse","column_3":5.1184644,"column_4":50.0217646,"municipality_name_french":"Daverdisse","arrondissement":"Arrondissement de Neufch\u00e2teau","province":"Province du Luxembourg"}},{"type":"Feature","geometry":{"type":"Point","coordinates":[5.5307553,50.3266395]},"properties":{"column_1":"6940","column_2":"W\u00e9ris","column_3":5.5307553,"column_4":50.3266395,"municipality_name_french":"Durbuy","arrondissement":"Arrondissement de Marche-en-Famenne","province":"Province du Luxembourg"}},{"type":"Feature","geometry":{"type":"Point","coordinates":[5.3475606,50.173788]},"properties":{"column_1":"6950","column_2":"Harsin","column_3":5.3475606,"column_4":50.173788,"municipality_name_french":"Nassogne","arrondissement":"Arrondissement de Marche-en-Famenne","province":"Province du Luxembourg"}},{"type":"Feature","geometry":{"type":"Point","coordinates":[5.3828952,50.1549918]},"properties":{"column_1":"6952","column_2":"Grune","column_3":5.3828952,"column_4":50.1549918,"municipality_name_french":"Nassogne","arrondissement":"Arrondissement de Marche-en-Famenne","province":"Province du Luxembourg"}},{"type":"Feature","geometry":{"type":"Point","coordinates":[5.6756341,50.2929635]},"properties":{"column_1":"6960","column_2":"Manhay","column_3":5.6756341,"column_4":50.2929635,"municipality_name_french":"Manhay","arrondissement":"Arrondissement de Marche-en-Famenne","province":"Province du Luxembourg"}},{"type":"Feature","geometry":{"type":"Point","coordinates":[5.682551,50.2563686]},"properties":{"column_1":"6960","column_2":"Odeigne","column_3":5.682551,"column_4":50.2563686,"municipality_name_french":"Manhay","arrondissement":"Arrondissement de Marche-en-Famenne","province":"Province du Luxembourg"}},{"type":"Feature","geometry":{"type":"Point","coordinates":[5.6968767,50.3021516]},"properties":{"column_1":"6960","column_2":"Vaux-Chavanne","column_3":5.6968767,"column_4":50.3021516,"municipality_name_french":"Manhay","arrondissement":"Arrondissement de Marche-en-Famenne","province":"Province du Luxembourg"}},{"type":"Feature","geometry":{"type":"Point","coordinates":[5.6394828,50.209256]},"properties":{"column_1":"6982","column_2":"Samr\u00e9e","column_3":5.6394828,"column_4":50.209256,"municipality_name_french":"La Roche-en-Ardenne","arrondissement":"Arrondissement de Marche-en-Famenne","province":"Province du Luxembourg"}},{"type":"Feature","geometry":{"type":"Point","coordinates":[5.5783344,50.1506704]},"properties":{"column_1":"6984","column_2":"Hives","column_3":5.5783344,"column_4":50.1506704,"municipality_name_french":"La Roche-en-Ardenne","arrondissement":"Arrondissement de Marche-en-Famenne","province":"Province du Luxembourg"}},{"type":"Feature","geometry":{"type":"Point","coordinates":[5.5020384,50.1717133]},"properties":{"column_1":"6986","column_2":"Halleux","column_3":5.5020384,"column_4":50.1717133,"municipality_name_french":"La Roche-en-Ardenne","arrondissement":"Arrondissement de Marche-en-Famenne","province":"Province du Luxembourg"}},{"type":"Feature","geometry":{"type":"Point","coordinates":[5.5268173,50.2145396]},"properties":{"column_1":"6987","column_2":"Marcourt","column_3":5.5268173,"column_4":50.2145396,"municipality_name_french":"Rendeux","arrondissement":"Arrondissement de Marche-en-Famenne","province":"Province du Luxembourg"}},{"type":"Feature","geometry":{"type":"Point","coordinates":[5.5043243,50.2330466]},"properties":{"column_1":"6987","column_2":"Rendeux","column_3":5.5043243,"column_4":50.2330466,"municipality_name_french":"Rendeux","arrondissement":"Arrondissement de Marche-en-Famenne","province":"Province du Luxembourg"}},{"type":"Feature","geometry":{"type":"Point","coordinates":[4.0177899,50.4076446]},"properties":{"column_1":"7022","column_2":"Harmignies","column_3":4.0177899,"column_4":50.4076446,"municipality_name_french":"Mons","arrondissement":"Arrondissement de Mons","province":"Province du Hainaut"}},{"type":"Feature","geometry":{"type":"Point","coordinates":[3.9868957,50.4254505]},"properties":{"column_1":"7032","column_2":"Spiennes","column_3":3.9868957,"column_4":50.4254505,"municipality_name_french":"Mons","arrondissement":"Arrondissement de Mons","province":"Province du Hainaut"}},{"type":"Feature","geometry":{"type":"Point","coordinates":[4.0062232,50.4760289]},"properties":{"column_1":"7034","column_2":"Obourg","column_3":4.0062232,"column_4":50.4760289,"municipality_name_french":"Mons","arrondissement":"Arrondissement de Mons","province":"Province du Hainaut"}},{"type":"Feature","geometry":{"type":"Point","coordinates":[4.0181787,50.4920472]},"properties":{"column_1":"7034","column_2":"Saint-Denis","column_3":4.0181787,"column_4":50.4920472,"municipality_name_french":"Mons","arrondissement":"Arrondissement de Mons","province":"Province du Hainaut"}},{"type":"Feature","geometry":{"type":"Point","coordinates":[3.9439033,50.3667226]},"properties":{"column_1":"7040","column_2":"Qu\u00e9vy","column_3":3.9439033,"column_4":50.3667226,"municipality_name_french":"Qu\u00e9vy","arrondissement":"Arrondissement de Mons","province":"Province du Hainaut"}},{"type":"Feature","geometry":{"type":"Point","coordinates":[3.884409,50.53309]},"properties":{"column_1":"7050","column_2":"Erbaut","column_3":3.884409,"column_4":50.53309,"municipality_name_french":"Jurbise","arrondissement":"Arrondissement de Mons","province":"Province du Hainaut"}},{"type":"Feature","geometry":{"type":"Point","coordinates":[4.0732968,50.5775309]},"properties":{"column_1":"7060","column_2":"Soignies","column_3":4.0732968,"column_4":50.5775309,"municipality_name_french":"Soignies","arrondissement":"Arrondissement de Soignies","province":"Province du Hainaut"}},{"type":"Feature","geometry":{"type":"Point","coordinates":[4.0031319,50.5130195]},"properties":{"column_1":"7061","column_2":"Casteau","column_3":4.0031319,"column_4":50.5130195,"municipality_name_french":"Soignies","arrondissement":"Arrondissement de Soignies","province":"Province du Hainaut"}},{"type":"Feature","geometry":{"type":"Point","coordinates":[4.0622054,50.4971875]},"properties":{"column_1":"7070","column_2":"Gottignies","column_3":4.0622054,"column_4":50.4971875,"municipality_name_french":"Le R\u0153ulx","arrondissement":"Arrondissement de Soignies","province":"Province du Hainaut"}},{"type":"Feature","geometry":{"type":"Point","coordinates":[4.0922224,50.473352]},"properties":{"column_1":"7070","column_2":"Thieu","column_3":4.0922224,"column_4":50.473352,"municipality_name_french":"Le R\u0153ulx","arrondissement":"Arrondissement de Soignies","province":"Province du Hainaut"}},{"type":"Feature","geometry":{"type":"Point","coordinates":[4.0655313,50.4767906]},"properties":{"column_1":"7070","column_2":"Ville-Sur-Haine","column_3":4.0655313,"column_4":50.4767906,"municipality_name_french":"Le R\u0153ulx","arrondissement":"Arrondissement de Soignies","province":"Province du Hainaut"}},{"type":"Feature","geometry":{"type":"Point","coordinates":[3.8774491,50.407951]},"properties":{"column_1":"7080","column_2":"La Bouverie","column_3":3.8774491,"column_4":50.407951,"municipality_name_french":"Frameries","arrondissement":"Arrondissement de Mons","province":"Province du Hainaut"}},{"type":"Feature","geometry":{"type":"Point","coordinates":[3.8764088,50.3719019]},"properties":{"column_1":"7080","column_2":"Sars-La-Bruy\u00e8re","column_3":3.8764088,"column_4":50.3719019,"municipality_name_french":"Frameries","arrondissement":"Arrondissement de Mons","province":"Province du Hainaut"}},{"type":"Feature","geometry":{"type":"Point","coordinates":[4.1861019,50.5996119]},"properties":{"column_1":"7090","column_2":"Henripont","column_3":4.1861019,"column_4":50.5996119,"municipality_name_french":"Braine-le-Comte","arrondissement":"Arrondissement de Soignies","province":"Province du Hainaut"}},{"type":"Feature","geometry":{"type":"Point","coordinates":[4.1883094,50.454942]},"properties":{"column_1":"7100","column_2":"Haine-Saint-Paul","column_3":4.1883094,"column_4":50.454942,"municipality_name_french":"La Louvi\u00e8re","arrondissement":"Arrondissement de La Louvi\u00e8re","province":"Province du Hainaut"}},{"type":"Feature","geometry":{"type":"Point","coordinates":[4.1852682,50.479487]},"properties":{"column_1":"7100","column_2":"La Louvi\u00e8re","column_3":4.1852682,"column_4":50.479487,"municipality_name_french":"La Louvi\u00e8re","arrondissement":"Arrondissement de La Louvi\u00e8re","province":"Province du Hainaut"}},{"type":"Feature","geometry":{"type":"Point","coordinates":[4.081995,50.4588091]},"properties":{"column_1":"7110","column_2":"Boussoit","column_3":4.081995,"column_4":50.4588091,"municipality_name_french":"La Louvi\u00e8re","arrondissement":"Arrondissement de La Louvi\u00e8re","province":"Province du Hainaut"}},{"type":"Feature","geometry":{"type":"Point","coordinates":[4.1458468,50.4364165]},"properties":{"column_1":"7134","column_2":"P\u00e9ronnes-Lez-Binche","column_3":4.1458468,"column_4":50.4364165,"municipality_name_french":"Binche","arrondissement":"Arrondissement de La Louvi\u00e8re","province":"Province du Hainaut"}},{"type":"Feature","geometry":{"type":"Point","coordinates":[4.1910482,50.4238109]},"properties":{"column_1":"7134","column_2":"Ressaix","column_3":4.1910482,"column_4":50.4238109,"municipality_name_french":"Binche","arrondissement":"Arrondissement de La Louvi\u00e8re","province":"Province du Hainaut"}},{"type":"Feature","geometry":{"type":"Point","coordinates":[3.8276077,50.4337613]},"properties":{"column_1":"7301","column_2":"Hornu","column_3":3.8276077,"column_4":50.4337613,"municipality_name_french":"Boussu","arrondissement":"Arrondissement de Mons","province":"Province du Hainaut"}},{"type":"Feature","geometry":{"type":"Point","coordinates":[3.8327577,50.4814352]},"properties":{"column_1":"7331","column_2":"Baudour","column_3":3.8327577,"column_4":50.4814352,"municipality_name_french":"Saint-Ghislain","arrondissement":"Arrondissement de Mons","province":"Province du Hainaut"}},{"type":"Feature","geometry":{"type":"Point","coordinates":[3.7918519,50.5304672]},"properties":{"column_1":"7332","column_2":"Neufmaison","column_3":3.7918519,"column_4":50.5304672,"municipality_name_french":"Saint-Ghislain","arrondissement":"Arrondissement de Mons","province":"Province du Hainaut"}},{"type":"Feature","geometry":{"type":"Point","coordinates":[3.703666,50.436001]},"properties":{"column_1":"7350","column_2":"Montroeul-Sur-Haine","column_3":3.703666,"column_4":50.436001,"municipality_name_french":"Hensies","arrondissement":"Arrondissement de Mons","province":"Province du Hainaut"}},{"type":"Feature","geometry":{"type":"Point","coordinates":[3.6954509,50.366983]},"properties":{"column_1":"7387","column_2":"Angre","column_3":3.6954509,"column_4":50.366983,"municipality_name_french":"Honnelles","arrondissement":"Arrondissement de Mons","province":"Province du Hainaut"}},{"type":"Feature","geometry":{"type":"Point","coordinates":[3.8636971,50.4421804]},"properties":{"column_1":"7390","column_2":"Quaregnon","column_3":3.8636971,"column_4":50.4421804,"municipality_name_french":"Quaregnon","arrondissement":"Arrondissement de Mons","province":"Province du Hainaut"}},{"type":"Feature","geometry":{"type":"Point","coordinates":[3.3923658,50.5721668]},"properties":{"column_1":"7500","column_2":"Saint-Maur","column_3":3.3923658,"column_4":50.5721668,"municipality_name_french":"Tournai","arrondissement":"Arrondissement de Tournai-Mouscron","province":"Province du Hainaut"}},{"type":"Feature","geometry":{"type":"Point","coordinates":[3.3878259,50.60566]},"properties":{"column_1":"7500","column_2":"Tournai","column_3":3.3878259,"column_4":50.60566,"municipality_name_french":"Tournai","arrondissement":"Arrondissement de Tournai-Mouscron","province":"Province du Hainaut"}},{"type":"Feature","geometry":{"type":"Point","coordinates":[3.2880161,50.6141111]},"properties":{"column_1":"7522","column_2":"Hertain","column_3":3.2880161,"column_4":50.6141111,"municipality_name_french":"Tournai","arrondissement":"Arrondissement de Tournai-Mouscron","province":"Province du Hainaut"}},{"type":"Feature","geometry":{"type":"Point","coordinates":[3.2931148,50.5982618]},"properties":{"column_1":"7522","column_2":"Lamain","column_3":3.2931148,"column_4":50.5982618,"municipality_name_french":"Tournai","arrondissement":"Arrondissement de Tournai-Mouscron","province":"Province du Hainaut"}},{"type":"Feature","geometry":{"type":"Point","coordinates":[3.4372618,50.6201039]},"properties":{"column_1":"7540","column_2":"Rumillies","column_3":3.4372618,"column_4":50.6201039,"municipality_name_french":"Tournai","arrondissement":"Arrondissement de Tournai-Mouscron","province":"Province du Hainaut"}},{"type":"Feature","geometry":{"type":"Point","coordinates":[3.4000171,50.6554352]},"properties":{"column_1":"7542","column_2":"Mont-Saint-Aubert","column_3":3.4000171,"column_4":50.6554352,"municipality_name_french":"Tournai","arrondissement":"Arrondissement de Tournai-Mouscron","province":"Province du Hainaut"}},{"type":"Feature","geometry":{"type":"Point","coordinates":[3.445164,50.6530409]},"properties":{"column_1":"7543","column_2":"Mourcourt","column_3":3.445164,"column_4":50.6530409,"municipality_name_french":"Tournai","arrondissement":"Arrondissement de Tournai-Mouscron","province":"Province du Hainaut"}},{"type":"Feature","geometry":{"type":"Point","coordinates":[3.4267528,50.6096187]},"properties":{"column_1":"7548","column_2":"Warchin","column_3":3.4267528,"column_4":50.6096187,"municipality_name_french":"Tournai","arrondissement":"Arrondissement de Tournai-Mouscron","province":"Province du Hainaut"}},{"type":"Feature","geometry":{"type":"Point","coordinates":[3.3039251,50.5557678]},"properties":{"column_1":"7610","column_2":"Rumes","column_3":3.3039251,"column_4":50.5557678,"municipality_name_french":"Rumes","arrondissement":"Arrondissement de Tournai-Mouscron","province":"Province du Hainaut"}},{"type":"Feature","geometry":{"type":"Point","coordinates":[3.3663017,50.5471385]},"properties":{"column_1":"7620","column_2":"Guignies","column_3":3.3663017,"column_4":50.5471385,"municipality_name_french":"Brunehaut","arrondissement":"Arrondissement de Tournai-Mouscron","province":"Province du Hainaut"}},{"type":"Feature","geometry":{"type":"Point","coordinates":[3.4513116,50.565911]},"properties":{"column_1":"7640","column_2":"Antoing","column_3":3.4513116,"column_4":50.565911,"municipality_name_french":"Antoing","arrondissement":"Arrondissement de Tournai-Mouscron","province":"Province du Hainaut"}},{"type":"Feature","geometry":{"type":"Point","coordinates":[3.4371661,50.578325]},"properties":{"column_1":"7642","column_2":"Calonne","column_3":3.4371661,"column_4":50.578325,"municipality_name_french":"Antoing","arrondissement":"Arrondissement de Tournai-Mouscron","province":"Province du Hainaut"}},{"type":"Feature","geometry":{"type":"Point","coordinates":[3.2640184,50.7059794]},"properties":{"column_1":"7730","column_2":"Estaimpuis","column_3":3.2640184,"column_4":50.7059794,"municipality_name_french":"Estaimpuis","arrondissement":"Arrondissement de Tournai-Mouscron","province":"Province du Hainaut"}},{"type":"Feature","geometry":{"type":"Point","coordinates":[3.3407492,50.685616]},"properties":{"column_1":"7740","column_2":"Pecq","column_3":3.3407492,"column_4":50.685616,"municipality_name_french":"Pecq","arrondissement":"Arrondissement de Tournai-Mouscron","province":"Province du Hainaut"}},{"type":"Feature","geometry":{"type":"Point","coordinates":[3.5309528,50.7447633]},"properties":{"column_1":"7750","column_2":"Russeignies","column_3":3.5309528,"column_4":50.7447633,"municipality_name_french":"Mont-de-l'Enclus","arrondissement":"Arrondissement de Tournai-Mouscron","province":"Province du Hainaut"}},{"type":"Feature","geometry":{"type":"Point","coordinates":[3.4571664,50.7125435]},"properties":{"column_1":"7760","column_2":"Celles","column_3":3.4571664,"column_4":50.7125435,"municipality_name_french":"Celles","arrondissement":"Arrondissement de Tournai-Mouscron","province":"Province du Hainaut"}},{"type":"Feature","geometry":{"type":"Point","coordinates":[3.4486114,50.7546292]},"properties":{"column_1":"7760","column_2":"Escanaffles","column_3":3.4486114,"column_4":50.7546292,"municipality_name_french":"Celles","arrondissement":"Arrondissement de Tournai-Mouscron","province":"Province du Hainaut"}},{"type":"Feature","geometry":{"type":"Point","coordinates":[3.4865934,50.6685604]},"properties":{"column_1":"7760","column_2":"Velaines","column_3":3.4865934,"column_4":50.6685604,"municipality_name_french":"Celles","arrondissement":"Arrondissement de Tournai-Mouscron","province":"Province du Hainaut"}},{"type":"Feature","geometry":{"type":"Point","coordinates":[3.0019077817068,50.77120012074]},"properties":{"column_1":"7780","column_2":"Comines-Warneton","column_3":3.0019077817068,"column_4":50.77120012074,"municipality_name_french":"Comines-Warneton","arrondissement":"Arrondissement de Tournai-Mouscron","province":"Province du Hainaut"}},{"type":"Feature","geometry":{"type":"Point","coordinates":[2.9640553,50.7868243]},"properties":{"column_1":"7781","column_2":"Houthem","column_3":2.9640553,"column_4":50.7868243,"municipality_name_french":"Comines-Warneton","arrondissement":"Arrondissement de Tournai-Mouscron","province":"Province du Hainaut"}},{"type":"Feature","geometry":{"type":"Point","coordinates":[2.88999,50.7060943]},"properties":{"column_1":"7783","column_2":"Bizet","column_3":2.88999,"column_4":50.7060943,"municipality_name_french":"Comines-Warneton","arrondissement":"Arrondissement de Tournai-Mouscron","province":"Province du Hainaut"}},{"type":"Feature","geometry":{"type":"Point","coordinates":[3.7926793502157,50.639504499385]},"properties":{"column_1":"7800","column_2":"Ath","column_3":3.7926793502157,"column_4":50.639504499385,"municipality_name_french":"Ath","arrondissement":"Arrondissement d\u2019Ath","province":"Province du Hainaut"}},{"type":"Feature","geometry":{"type":"Point","coordinates":[3.7584252,50.6788509]},"properties":{"column_1":"7804","column_2":"Ostiches","column_3":3.7584252,"column_4":50.6788509,"municipality_name_french":"Ath","arrondissement":"Arrondissement d\u2019Ath","province":"Province du Hainaut"}},{"type":"Feature","geometry":{"type":"Point","coordinates":[3.7156806,50.600191]},"properties":{"column_1":"7812","column_2":"Moulbaix","column_3":3.7156806,"column_4":50.600191,"municipality_name_french":"Ath","arrondissement":"Arrondissement d\u2019Ath","province":"Province du Hainaut"}},{"type":"Feature","geometry":{"type":"Point","coordinates":[3.8887882,50.663165]},"properties":{"column_1":"7830","column_2":"Hellebecq","column_3":3.8887882,"column_4":50.663165,"municipality_name_french":"Silly","arrondissement":"Arrondissement d\u2019Ath","province":"Province du Hainaut"}},{"type":"Feature","geometry":{"type":"Point","coordinates":[3.617736902638,50.599042981582]},"properties":{"column_1":"7900","column_2":"Leuze-En-Hainaut","column_3":3.617736902638,"column_4":50.599042981582,"municipality_name_french":"Leuze-en-Hainaut","arrondissement":"Arrondissement de Tournai-Mouscron","province":"Province du Hainaut"}},{"type":"Feature","geometry":{"type":"Point","coordinates":[3.6709445,50.5967927]},"properties":{"column_1":"7903","column_2":"Chapelle-\u00c0-Oie","column_3":3.6709445,"column_4":50.5967927,"municipality_name_french":"Leuze-en-Hainaut","arrondissement":"Arrondissement de Tournai-Mouscron","province":"Province du Hainaut"}},{"type":"Feature","geometry":{"type":"Point","coordinates":[3.5342514,50.688202]},"properties":{"column_1":"7910","column_2":"Cordes","column_3":3.5342514,"column_4":50.688202,"municipality_name_french":"Frasnes-lez-Anvaing","arrondissement":"Arrondissement d\u2019Ath","province":"Province du Hainaut"}},{"type":"Feature","geometry":{"type":"Point","coordinates":[3.5903652,50.6747768]},"properties":{"column_1":"7910","column_2":"Ellignies-Lez-Frasnes","column_3":3.5903652,"column_4":50.6747768,"municipality_name_french":"Frasnes-lez-Anvaing","arrondissement":"Arrondissement d\u2019Ath","province":"Province du Hainaut"}},{"type":"Feature","geometry":{"type":"Point","coordinates":[3.5373149,50.6736151]},"properties":{"column_1":"7910","column_2":"Forest","column_3":3.5373149,"column_4":50.6736151,"municipality_name_french":"Frasnes-lez-Anvaing","arrondissement":"Arrondissement d\u2019Ath","province":"Province du Hainaut"}},{"type":"Feature","geometry":{"type":"Point","coordinates":[3.5785557,50.6349335]},"properties":{"column_1":"7911","column_2":"Herquegies","column_3":3.5785557,"column_4":50.6349335,"municipality_name_french":"Frasnes-lez-Anvaing","arrondissement":"Arrondissement d\u2019Ath","province":"Province du Hainaut"}},{"type":"Feature","geometry":{"type":"Point","coordinates":[3.619931,50.6557475]},"properties":{"column_1":"7911","column_2":"Moustier","column_3":3.619931,"column_4":50.6557475,"municipality_name_french":"Frasnes-lez-Anvaing","arrondissement":"Arrondissement d\u2019Ath","province":"Province du Hainaut"}},{"type":"Feature","geometry":{"type":"Point","coordinates":[3.7713023,50.567984]},"properties":{"column_1":"7950","column_2":"Ladeuze","column_3":3.7713023,"column_4":50.567984,"municipality_name_french":"Chi\u00e8vres","arrondissement":"Arrondissement d\u2019Ath","province":"Province du Hainaut"}},{"type":"Feature","geometry":{"type":"Point","coordinates":[3.6472042,50.5252131]},"properties":{"column_1":"7971","column_2":"Bas\u00e8cles","column_3":3.6472042,"column_4":50.5252131,"municipality_name_french":"Bel\u0153il","arrondissement":"Arrondissement d\u2019Ath","province":"Province du Hainaut"}},{"type":"Feature","geometry":{"type":"Point","coordinates":[3.6769173,50.573932]},"properties":{"column_1":"7972","column_2":"Aubechies","column_3":3.6769173,"column_4":50.573932,"municipality_name_french":"Bel\u0153il","arrondissement":"Arrondissement d\u2019Ath","province":"Province du Hainaut"}},{"type":"Feature","geometry":{"type":"Point","coordinates":[3.7202435,50.508349]},"properties":{"column_1":"7973","column_2":"Stambruges","column_3":3.7202435,"column_4":50.508349,"municipality_name_french":"Bel\u0153il","arrondissement":"Arrondissement d\u2019Ath","province":"Province du Hainaut"}},{"type":"Feature","geometry":{"type":"Point","coordinates":[3.2073611,51.2147083]},"properties":{"column_1":"8000","column_2":"Brugge","column_3":3.2073611,"column_4":51.2147083,"municipality_name_french":null,"arrondissement":"Arrondissement de Bruges","province":"Province de Flandre occidentale"}},{"type":"Feature","geometry":{"type":"Point","coordinates":[3.2612349549978,51.10996785]},"properties":{"column_1":"8020","column_2":"Hertsberge","column_3":3.2612349549978,"column_4":51.10996785,"municipality_name_french":null,"arrondissement":"Arrondissement de Bruges","province":"Province de Flandre occidentale"}},{"type":"Feature","geometry":{"type":"Point","coordinates":[3.2014781027698,51.08464525]},"properties":{"column_1":"8020","column_2":"Ruddervoorde","column_3":3.2014781027698,"column_4":51.08464525,"municipality_name_french":null,"arrondissement":"Arrondissement de Bruges","province":"Province de Flandre occidentale"}},{"type":"Feature","geometry":{"type":"Point","coordinates":[3.1750054151928,51.18830895]},"properties":{"column_1":"8200","column_2":"Sint-Andries","column_3":3.1750054151928,"column_4":51.18830895,"municipality_name_french":null,"arrondissement":"Arrondissement de Bruges","province":"Province de Flandre occidentale"}},{"type":"Feature","geometry":{"type":"Point","coordinates":[3.2111722,51.1884619]},"properties":{"column_1":"8200","column_2":"Sint-Michiels","column_3":3.2111722,"column_4":51.1884619,"municipality_name_french":null,"arrondissement":"Arrondissement de Bruges","province":"Province de Flandre occidentale"}},{"type":"Feature","geometry":{"type":"Point","coordinates":[3.1955523,51.1557488]},"properties":{"column_1":"8210","column_2":"Loppem","column_3":3.1955523,"column_4":51.1557488,"municipality_name_french":null,"arrondissement":"Arrondissement de Bruges","province":"Province de Flandre occidentale"}},{"type":"Feature","geometry":{"type":"Point","coordinates":[3.2920911130762,51.2553021]},"properties":{"column_1":"8340","column_2":"Damme","column_3":3.2920911130762,"column_4":51.2553021,"municipality_name_french":null,"arrondissement":"Arrondissement de Bruges","province":"Province de Flandre occidentale"}},{"type":"Feature","geometry":{"type":"Point","coordinates":[3.3558017705651,51.2422333]},"properties":{"column_1":"8340","column_2":"Moerkerke","column_3":3.3558017705651,"column_4":51.2422333,"municipality_name_french":null,"arrondissement":"Arrondissement de Bruges","province":"Province de Flandre occidentale"}},{"type":"Feature","geometry":{"type":"Point","coordinates":[3.0994149719104,51.275802]},"properties":{"column_1":"8377","column_2":"Nieuwmunster","column_3":3.0994149719104,"column_4":51.275802,"municipality_name_french":null,"arrondissement":"Arrondissement de Bruges","province":"Province de Flandre occidentale"}},{"type":"Feature","geometry":{"type":"Point","coordinates":[3.1567406094326,51.2685834]},"properties":{"column_1":"8377","column_2":"Zuienkerke","column_3":3.1567406094326,"column_4":51.2685834,"municipality_name_french":null,"arrondissement":"Arrondissement de Bruges","province":"Province de Flandre occidentale"}},{"type":"Feature","geometry":{"type":"Point","coordinates":[3.2078842,51.331382]},"properties":{"column_1":"8380","column_2":"Zeebrugge","column_3":3.2078842,"column_4":51.331382,"municipality_name_french":null,"arrondissement":"Arrondissement de Bruges","province":"Province de Flandre occidentale"}},{"type":"Feature","geometry":{"type":"Point","coordinates":[3.0049248,51.2415107]},"properties":{"column_1":"8420","column_2":"De Haan","column_3":3.0049248,"column_4":51.2415107,"municipality_name_french":null,"arrondissement":"Arrondissement d\u2019Ostende","province":"Province de Flandre occidentale"}},{"type":"Feature","geometry":{"type":"Point","coordinates":[2.8183418,51.1258003]},"properties":{"column_1":"8433","column_2":"Mannekensvere","column_3":2.8183418,"column_4":51.1258003,"municipality_name_french":null,"arrondissement":"Arrondissement d\u2019Ostende","province":"Province de Flandre occidentale"}},{"type":"Feature","geometry":{"type":"Point","coordinates":[2.9725769468284,51.23890495]},"properties":{"column_1":"8450","column_2":"Bredene","column_3":2.9725769468284,"column_4":51.23890495,"municipality_name_french":null,"arrondissement":"Arrondissement d\u2019Ostende","province":"Province de Flandre occidentale"}},{"type":"Feature","geometry":{"type":"Point","coordinates":[2.9670810948205,51.1582502]},"properties":{"column_1":"8470","column_2":"Gistel","column_3":2.9670810948205,"column_4":51.1582502,"municipality_name_french":null,"arrondissement":"Arrondissement d\u2019Ostende","province":"Province de Flandre occidentale"}},{"type":"Feature","geometry":{"type":"Point","coordinates":[2.9565554411399,51.1319588]},"properties":{"column_1":"8470","column_2":"Moere","column_3":2.9565554411399,"column_4":51.1319588,"municipality_name_french":null,"arrondissement":"Arrondissement d\u2019Ostende","province":"Province de Flandre occidentale"}},{"type":"Feature","geometry":{"type":"Point","coordinates":[3.0902953889402,51.1846386]},"properties":{"column_1":"8490","column_2":"Jabbeke","column_3":3.0902953889402,"column_4":51.1846386,"municipality_name_french":null,"arrondissement":"Arrondissement de Bruges","province":"Province de Flandre occidentale"}},{"type":"Feature","geometry":{"type":"Point","coordinates":[3.2284723,50.8228226]},"properties":{"column_1":"8501","column_2":"Bissegem","column_3":3.2284723,"column_4":50.8228226,"municipality_name_french":null,"arrondissement":"Arrondissement de Courtrai","province":"Province de Flandre occidentale"}},{"type":"Feature","geometry":{"type":"Point","coordinates":[3.3425511,50.8293249]},"properties":{"column_1":"8530","column_2":"Harelbeke","column_3":3.3425511,"column_4":50.8293249,"municipality_name_french":null,"arrondissement":"Arrondissement de Courtrai","province":"Province de Flandre occidentale"}},{"type":"Feature","geometry":{"type":"Point","coordinates":[3.2990273,50.8820656]},"properties":{"column_1":"8531","column_2":"Hulste","column_3":3.2990273,"column_4":50.8820656,"municipality_name_french":null,"arrondissement":"Arrondissement de Courtrai","province":"Province de Flandre occidentale"}},{"type":"Feature","geometry":{"type":"Point","coordinates":[3.1549318040629,50.84259085]},"properties":{"column_1":"8560","column_2":"Moorsele","column_3":3.1549318040629,"column_4":50.84259085,"municipality_name_french":null,"arrondissement":"Arrondissement de Courtrai","province":"Province de Flandre occidentale"}},{"type":"Feature","geometry":{"type":"Point","coordinates":[3.5060602,50.8279177]},"properties":{"column_1":"8570","column_2":"Gijzelbrechtegem","column_3":3.5060602,"column_4":50.8279177,"municipality_name_french":null,"arrondissement":"Arrondissement de Courtrai","province":"Province de Flandre occidentale"}},{"type":"Feature","geometry":{"type":"Point","coordinates":[3.4068379,50.8353247]},"properties":{"column_1":"8570","column_2":"Vichte","column_3":3.4068379,"column_4":50.8353247,"municipality_name_french":null,"arrondissement":"Arrondissement de Courtrai","province":"Province de Flandre occidentale"}},{"type":"Feature","geometry":{"type":"Point","coordinates":[3.4257331809137,50.75868715]},"properties":{"column_1":"8582","column_2":"Outrijve","column_3":3.4257331809137,"column_4":50.75868715,"municipality_name_french":null,"arrondissement":"Arrondissement de Courtrai","province":"Province de Flandre occidentale"}},{"type":"Feature","geometry":{"type":"Point","coordinates":[2.8990845692587,51.02078675]},"properties":{"column_1":"8600","column_2":"Esen","column_3":2.8990845692587,"column_4":51.02078675,"municipality_name_french":null,"arrondissement":"Arrondissement de Dixmude","province":"Province de Flandre occidentale"}},{"type":"Feature","geometry":{"type":"Point","coordinates":[2.8993179258716,51.10066415]},"properties":{"column_1":"8600","column_2":"Leke","column_3":2.8993179258716,"column_4":51.10066415,"municipality_name_french":null,"arrondissement":"Arrondissement de Dixmude","province":"Province de Flandre occidentale"}},{"type":"Feature","geometry":{"type":"Point","coordinates":[2.7997074366181,51.04353425]},"properties":{"column_1":"8600","column_2":"Oostkerke","column_3":2.7997074366181,"column_4":51.04353425,"municipality_name_french":null,"arrondissement":"Arrondissement de Dixmude","province":"Province de Flandre occidentale"}},{"type":"Feature","geometry":{"type":"Point","coordinates":[2.8040816730756,51.0206897]},"properties":{"column_1":"8600","column_2":"Oudekapelle","column_3":2.8040816730756,"column_4":51.0206897,"municipality_name_french":null,"arrondissement":"Arrondissement de Dixmude","province":"Province de Flandre occidentale"}},{"type":"Feature","geometry":{"type":"Point","coordinates":[2.7781339,51.1300222]},"properties":{"column_1":"8620","column_2":"Sint-Joris","column_3":2.7781339,"column_4":51.1300222,"municipality_name_french":null,"arrondissement":"Arrondissement de Furnes","province":"Province de Flandre occidentale"}},{"type":"Feature","geometry":{"type":"Point","coordinates":[2.6895389537109,51.0527661]},"properties":{"column_1":"8630","column_2":"Steenkerke","column_3":2.6895389537109,"column_4":51.0527661,"municipality_name_french":null,"arrondissement":"Arrondissement de Furnes","province":"Province de Flandre occidentale"}},{"type":"Feature","geometry":{"type":"Point","coordinates":[2.6570581890086,51.01364415]},"properties":{"column_1":"8630","column_2":"Vinkem","column_3":2.6570581890086,"column_4":51.01364415,"municipality_name_french":null,"arrondissement":"Arrondissement de Furnes","province":"Province de Flandre occidentale"}},{"type":"Feature","geometry":{"type":"Point","coordinates":[2.7492224474635,50.92313355]},"properties":{"column_1":"8640","column_2":"Oostvleteren","column_3":2.7492224474635,"column_4":50.92313355,"municipality_name_french":null,"arrondissement":"Arrondissement d\u2019Ypres","province":"Province de Flandre occidentale"}},{"type":"Feature","geometry":{"type":"Point","coordinates":[2.7607800723908,50.9931276]},"properties":{"column_1":"8647","column_2":"Lo","column_3":2.7607800723908,"column_4":50.9931276,"municipality_name_french":null,"arrondissement":"Arrondissement de Dixmude","province":"Province de Flandre occidentale"}},{"type":"Feature","geometry":{"type":"Point","coordinates":[2.5806696887141,51.09437775]},"properties":{"column_1":"8660","column_2":"De Panne","column_3":2.5806696887141,"column_4":51.09437775,"municipality_name_french":null,"arrondissement":"Arrondissement de Furnes","province":"Province de Flandre occidentale"}},{"type":"Feature","geometry":{"type":"Point","coordinates":[2.6353426015022,51.1091101]},"properties":{"column_1":"8670","column_2":"Koksijde","column_3":2.6353426015022,"column_4":51.1091101,"municipality_name_french":null,"arrondissement":"Arrondissement de Furnes","province":"Province de Flandre occidentale"}},{"type":"Feature","geometry":{"type":"Point","coordinates":[2.7225688102727,51.01509585]},"properties":{"column_1":"8690","column_2":"Alveringem","column_3":2.7225688102727,"column_4":51.01509585,"municipality_name_french":null,"arrondissement":"Arrondissement de Furnes","province":"Province de Flandre occidentale"}},{"type":"Feature","geometry":{"type":"Point","coordinates":[2.673321,50.9398411]},"properties":{"column_1":"8691","column_2":"Stavele","column_3":2.673321,"column_4":50.9398411,"municipality_name_french":null,"arrondissement":"Arrondissement de Furnes","province":"Province de Flandre occidentale"}},{"type":"Feature","geometry":{"type":"Point","coordinates":[3.3304964142362,50.8949817]},"properties":{"column_1":"8710","column_2":"Ooigem","column_3":3.3304964142362,"column_4":50.8949817,"municipality_name_french":null,"arrondissement":"Arrondissement de Tielt","province":"Province de Flandre occidentale"}},{"type":"Feature","geometry":{"type":"Point","coordinates":[3.3862545030012,50.9245338]},"properties":{"column_1":"8710","column_2":"Sint-Baafs-Vijve","column_3":3.3862545030012,"column_4":50.9245338,"municipality_name_french":null,"arrondissement":"Arrondissement de Tielt","province":"Province de Flandre occidentale"}},{"type":"Feature","geometry":{"type":"Point","coordinates":[3.429680547389,50.94008805]},"properties":{"column_1":"8720","column_2":"Oeselgem","column_3":3.429680547389,"column_4":50.94008805,"municipality_name_french":null,"arrondissement":"Arrondissement de Tielt","province":"Province de Flandre occidentale"}},{"type":"Feature","geometry":{"type":"Point","coordinates":[3.2622730034453,50.99996475]},"properties":{"column_1":"8740","column_2":"Pittem","column_3":3.2622730034453,"column_4":50.99996475,"municipality_name_french":null,"arrondissement":"Arrondissement de Tielt","province":"Province de Flandre occidentale"}},{"type":"Feature","geometry":{"type":"Point","coordinates":[3.2053756921268,51.0422255]},"properties":{"column_1":"8750","column_2":"Zwevezele","column_3":3.2053756921268,"column_4":51.0422255,"municipality_name_french":null,"arrondissement":"Arrondissement de Tielt","province":"Province de Flandre occidentale"}},{"type":"Feature","geometry":{"type":"Point","coordinates":[3.2859605761212,50.9484788]},"properties":{"column_1":"8760","column_2":"Meulebeke","column_3":3.2859605761212,"column_4":50.9484788,"municipality_name_french":null,"arrondissement":"Arrondissement de Tielt","province":"Province de Flandre occidentale"}},{"type":"Feature","geometry":{"type":"Point","coordinates":[3.3427472358752,50.871701]},"properties":{"column_1":"8791","column_2":"Beveren","column_3":3.3427472358752,"column_4":50.871701,"municipality_name_french":null,"arrondissement":"Arrondissement de Courtrai","province":"Province de Flandre occidentale"}},{"type":"Feature","geometry":{"type":"Point","coordinates":[3.4036062,50.9057236]},"properties":{"column_1":"8793","column_2":"Sint-Eloois-Vijve","column_3":3.4036062,"column_4":50.9057236,"municipality_name_french":null,"arrondissement":"Arrondissement de Courtrai","province":"Province de Flandre occidentale"}},{"type":"Feature","geometry":{"type":"Point","coordinates":[3.1627760972777,50.9042588]},"properties":{"column_1":"8800","column_2":"Oekene","column_3":3.1627760972777,"column_4":50.9042588,"municipality_name_french":null,"arrondissement":"Arrondissement de Roulers","province":"Province de Flandre occidentale"}},{"type":"Feature","geometry":{"type":"Point","coordinates":[3.1422717715338,51.03033065]},"properties":{"column_1":"8810","column_2":"Lichtervelde","column_3":3.1422717715338,"column_4":51.03033065,"municipality_name_french":null,"arrondissement":"Arrondissement de Roulers","province":"Province de Flandre occidentale"}},{"type":"Feature","geometry":{"type":"Point","coordinates":[3.001340623187,50.97048785]},"properties":{"column_1":"8840","column_2":"Staden","column_3":3.001340623187,"column_4":50.97048785,"municipality_name_french":null,"arrondissement":"Arrondissement de Roulers","province":"Province de Flandre occidentale"}},{"type":"Feature","geometry":{"type":"Point","coordinates":[3.1176598783352,50.86898195]},"properties":{"column_1":"8880","column_2":"Ledegem","column_3":3.1176598783352,"column_4":50.86898195,"municipality_name_french":null,"arrondissement":"Arrondissement de Roulers","province":"Province de Flandre occidentale"}},{"type":"Feature","geometry":{"type":"Point","coordinates":[3.1510232055719,50.87005025]},"properties":{"column_1":"8880","column_2":"Rollegem-Kapelle","column_3":3.1510232055719,"column_4":50.87005025,"municipality_name_french":null,"arrondissement":"Arrondissement de Roulers","province":"Province de Flandre occidentale"}},{"type":"Feature","geometry":{"type":"Point","coordinates":[2.8757825,50.8169949]},"properties":{"column_1":"8902","column_2":"Voormezele","column_3":2.8757825,"column_4":50.8169949,"municipality_name_french":null,"arrondissement":"Arrondissement d\u2019Ypres","province":"Province de Flandre occidentale"}},{"type":"Feature","geometry":{"type":"Point","coordinates":[2.8624482523982,50.89329445]},"properties":{"column_1":"8904","column_2":"Boezinge","column_3":2.8624482523982,"column_4":50.89329445,"municipality_name_french":null,"arrondissement":"Arrondissement d\u2019Ypres","province":"Province de Flandre occidentale"}},{"type":"Feature","geometry":{"type":"Point","coordinates":[2.8285726,50.9129617]},"properties":{"column_1":"8904","column_2":"Zuidschote","column_3":2.8285726,"column_4":50.9129617,"municipality_name_french":null,"arrondissement":"Arrondissement d\u2019Ypres","province":"Province de Flandre occidentale"}},{"type":"Feature","geometry":{"type":"Point","coordinates":[2.912173087276,50.91011515]},"properties":{"column_1":"8920","column_2":"Langemark","column_3":2.912173087276,"column_4":50.91011515,"municipality_name_french":null,"arrondissement":"Arrondissement d\u2019Ypres","province":"Province de Flandre occidentale"}},{"type":"Feature","geometry":{"type":"Point","coordinates":[2.9962568059484,50.8340552]},"properties":{"column_1":"8980","column_2":"Geluveld","column_3":2.9962568059484,"column_4":50.8340552,"municipality_name_french":null,"arrondissement":"Arrondissement d\u2019Ypres","province":"Province de Flandre occidentale"}},{"type":"Feature","geometry":{"type":"Point","coordinates":[3.7141549000597,51.0397129]},"properties":{"column_1":"9000","column_2":"Gent","column_3":3.7141549000597,"column_4":51.0397129,"municipality_name_french":null,"arrondissement":"Arrondissement de Gand","province":"Province de Flandre orientale"}},{"type":"Feature","geometry":{"type":"Point","coordinates":[3.7488657,51.061875]},"properties":{"column_1":"9040","column_2":"Sint-Amandsberg","column_3":3.7488657,"column_4":51.061875,"municipality_name_french":null,"arrondissement":"Arrondissement de Gand","province":"Province de Flandre orientale"}},{"type":"Feature","geometry":{"type":"Point","coordinates":[3.7836111,51.1221778]},"properties":{"column_1":"9042","column_2":"Desteldonk","column_3":3.7836111,"column_4":51.1221778,"municipality_name_french":null,"arrondissement":"Arrondissement de Gand","province":"Province de Flandre orientale"}},{"type":"Feature","geometry":{"type":"Point","coordinates":[3.8234371,51.1541943]},"properties":{"column_1":"9042","column_2":"Sint-Kruis-Winkel","column_3":3.8234371,"column_4":51.1541943,"municipality_name_french":null,"arrondissement":"Arrondissement de Gand","province":"Province de Flandre orientale"}},{"type":"Feature","geometry":{"type":"Point","coordinates":[3.6676767,51.0199405]},"properties":{"column_1":"9051","column_2":"Sint-Denijs-Westrem","column_3":3.6676767,"column_4":51.0199405,"municipality_name_french":null,"arrondissement":"Arrondissement de Gand","province":"Province de Flandre orientale"}},{"type":"Feature","geometry":{"type":"Point","coordinates":[4.1780279,51.1933908]},"properties":{"column_1":"9100","column_2":"Nieuwkerken-Waas","column_3":4.1780279,"column_4":51.1933908,"municipality_name_french":null,"arrondissement":"Arrondissement de Saint-Nicolas","province":"Province de Flandre orientale"}},{"type":"Feature","geometry":{"type":"Point","coordinates":[4.2383861,51.1806482]},"properties":{"column_1":"9120","column_2":"Haasdonk","column_3":4.2383861,"column_4":51.1806482,"municipality_name_french":null,"arrondissement":"Arrondissement de Saint-Nicolas","province":"Province de Flandre orientale"}},{"type":"Feature","geometry":{"type":"Point","coordinates":[4.27803,51.2519515]},"properties":{"column_1":"9130","column_2":"Kallo","column_3":4.27803,"column_4":51.2519515,"municipality_name_french":null,"arrondissement":"Arrondissement de Saint-Nicolas","province":"Province de Flandre orientale"}},{"type":"Feature","geometry":{"type":"Point","coordinates":[4.2133505278525,51.1421436]},"properties":{"column_1":"9140","column_2":"Temse","column_3":4.2133505278525,"column_4":51.1421436,"municipality_name_french":null,"arrondissement":"Arrondissement de Saint-Nicolas","province":"Province de Flandre orientale"}},{"type":"Feature","geometry":{"type":"Point","coordinates":[4.1016628795877,51.1939255]},"properties":{"column_1":"9170","column_2":"Sint-Pauwels","column_3":4.1016628795877,"column_4":51.1939255,"municipality_name_french":null,"arrondissement":"Arrondissement de Saint-Nicolas","province":"Province de Flandre orientale"}},{"type":"Feature","geometry":{"type":"Point","coordinates":[3.8574284,51.1701927]},"properties":{"column_1":"9185","column_2":"Wachtebeke","column_3":3.8574284,"column_4":51.1701927,"municipality_name_french":null,"arrondissement":"Arrondissement de Gand","province":"Province de Flandre orientale"}},{"type":"Feature","geometry":{"type":"Point","coordinates":[4.1444016705284,51.03987315]},"properties":{"column_1":"9200","column_2":"Baasrode","column_3":4.1444016705284,"column_4":51.03987315,"municipality_name_french":null,"arrondissement":"Arrondissement de Termonde","province":"Province de Flandre orientale"}},{"type":"Feature","geometry":{"type":"Point","coordinates":[4.1276622058379,51.0226035]},"properties":{"column_1":"9200","column_2":"Sint-Gillis-Dendermonde","column_3":4.1276622058379,"column_4":51.0226035,"municipality_name_french":null,"arrondissement":"Arrondissement de Termonde","province":"Province de Flandre orientale"}},{"type":"Feature","geometry":{"type":"Point","coordinates":[3.8855494,51.0068804]},"properties":{"column_1":"9230","column_2":"Wetteren","column_3":3.8855494,"column_4":51.0068804,"municipality_name_french":null,"arrondissement":"Arrondissement de Termonde","province":"Province de Flandre orientale"}},{"type":"Feature","geometry":{"type":"Point","coordinates":[3.9309567805899,50.98997155]},"properties":{"column_1":"9260","column_2":"Serskamp","column_3":3.9309567805899,"column_4":50.98997155,"municipality_name_french":null,"arrondissement":"Arrondissement de Termonde","province":"Province de Flandre orientale"}},{"type":"Feature","geometry":{"type":"Point","coordinates":[4.0981810157403,50.9786275]},"properties":{"column_1":"9280","column_2":"Wieze","column_3":4.0981810157403,"column_4":50.9786275,"municipality_name_french":null,"arrondissement":"Arrondissement de Termonde","province":"Province de Flandre orientale"}},{"type":"Feature","geometry":{"type":"Point","coordinates":[4.0113470297154,51.0301606]},"properties":{"column_1":"9290","column_2":"Berlare","column_3":4.0113470297154,"column_4":51.0301606,"municipality_name_french":null,"arrondissement":"Arrondissement de Termonde","province":"Province de Flandre orientale"}},{"type":"Feature","geometry":{"type":"Point","coordinates":[4.1339380209476,50.93483295]},"properties":{"column_1":"9310","column_2":"Meldert","column_3":4.1339380209476,"column_4":50.93483295,"municipality_name_french":null,"arrondissement":"Arrondissement d\u2019Alost","province":"Province de Flandre orientale"}},{"type":"Feature","geometry":{"type":"Point","coordinates":[4.0060975097656,50.92226365]},"properties":{"column_1":"9320","column_2":"Nieuwerkerken","column_3":4.0060975097656,"column_4":50.92226365,"municipality_name_french":null,"arrondissement":"Arrondissement d\u2019Alost","province":"Province de Flandre orientale"}},{"type":"Feature","geometry":{"type":"Point","coordinates":[3.9775435,50.9660758]},"properties":{"column_1":"9340","column_2":"Lede","column_3":3.9775435,"column_4":50.9660758,"municipality_name_french":null,"arrondissement":"Arrondissement d\u2019Alost","province":"Province de Flandre orientale"}},{"type":"Feature","geometry":{"type":"Point","coordinates":[3.9750229,50.8463587]},"properties":{"column_1":"9400","column_2":"Nederhasselt","column_3":3.9750229,"column_4":50.8463587,"municipality_name_french":null,"arrondissement":"Arrondissement d\u2019Alost","province":"Province de Flandre orientale"}},{"type":"Feature","geometry":{"type":"Point","coordinates":[4.0242373,50.8353611]},"properties":{"column_1":"9400","column_2":"Ninove","column_3":4.0242373,"column_4":50.8353611,"municipality_name_french":null,"arrondissement":"Arrondissement d\u2019Alost","province":"Province de Flandre orientale"}},{"type":"Feature","geometry":{"type":"Point","coordinates":[3.4154479,51.0545566]},"properties":{"column_1":"9420","column_2":"Bambrugge","column_3":3.4154479,"column_4":51.0545566,"municipality_name_french":null,"arrondissement":"Arrondissement de Tielt","province":"Province de Flandre occidentale"}},{"type":"Feature","geometry":{"type":"Point","coordinates":[3.9203695,50.9136525]},"properties":{"column_1":"9420","column_2":"Burst","column_3":3.9203695,"column_4":50.9136525,"municipality_name_french":null,"arrondissement":"Arrondissement d\u2019Alost","province":"Province de Flandre orientale"}},{"type":"Feature","geometry":{"type":"Point","coordinates":[3.976602,50.9333485]},"properties":{"column_1":"9420","column_2":"Erpe","column_3":3.976602,"column_4":50.9333485,"municipality_name_french":null,"arrondissement":"Arrondissement d\u2019Alost","province":"Province de Flandre orientale"}},{"type":"Feature","geometry":{"type":"Point","coordinates":[3.9459888,50.9226391]},"properties":{"column_1":"9420","column_2":"Erpe-Mere","column_3":3.9459888,"column_4":50.9226391,"municipality_name_french":null,"arrondissement":"Arrondissement d\u2019Alost","province":"Province de Flandre orientale"}},{"type":"Feature","geometry":{"type":"Point","coordinates":[3.9468882,50.9341483]},"properties":{"column_1":"9420","column_2":"Ottergem","column_3":3.9468882,"column_4":50.9341483,"municipality_name_french":null,"arrondissement":"Arrondissement d\u2019Alost","province":"Province de Flandre orientale"}},{"type":"Feature","geometry":{"type":"Point","coordinates":[4.0665468327116,50.8843903]},"properties":{"column_1":"9470","column_2":"Denderleeuw","column_3":4.0665468327116,"column_4":50.8843903,"municipality_name_french":null,"arrondissement":"Arrondissement d\u2019Alost","province":"Province de Flandre orientale"}},{"type":"Feature","geometry":{"type":"Point","coordinates":[3.8625157,50.7622936]},"properties":{"column_1":"9500","column_2":"Overboelare","column_3":3.8625157,"column_4":50.7622936,"municipality_name_french":null,"arrondissement":"Arrondissement d\u2019Alost","province":"Province de Flandre orientale"}},{"type":"Feature","geometry":{"type":"Point","coordinates":[3.9295308016087,50.8043243]},"properties":{"column_1":"9506","column_2":"Idegem","column_3":3.9295308016087,"column_4":50.8043243,"municipality_name_french":null,"arrondissement":"Arrondissement d\u2019Alost","province":"Province de Flandre orientale"}},{"type":"Feature","geometry":{"type":"Point","coordinates":[3.9673318,50.8013287]},"properties":{"column_1":"9506","column_2":"Zandbergen","column_3":3.9673318,"column_4":50.8013287,"municipality_name_french":null,"arrondissement":"Arrondissement d\u2019Alost","province":"Province de Flandre orientale"}},{"type":"Feature","geometry":{"type":"Point","coordinates":[3.8381185,50.8988376]},"properties":{"column_1":"9520","column_2":"Oombergen","column_3":3.8381185,"column_4":50.8988376,"municipality_name_french":null,"arrondissement":"Arrondissement d\u2019Alost","province":"Province de Flandre orientale"}},{"type":"Feature","geometry":{"type":"Point","coordinates":[3.9249438,50.8495126]},"properties":{"column_1":"9550","column_2":"Sint-Antelinks","column_3":3.9249438,"column_4":50.8495126,"municipality_name_french":null,"arrondissement":"Arrondissement d\u2019Alost","province":"Province de Flandre orientale"}},{"type":"Feature","geometry":{"type":"Point","coordinates":[3.8638783508569,50.8088369]},"properties":{"column_1":"9571","column_2":"Hemelveerdegem","column_3":3.8638783508569,"column_4":50.8088369,"municipality_name_french":null,"arrondissement":"Arrondissement d\u2019Audenarde","province":"Province de Flandre orientale"}},{"type":"Feature","geometry":{"type":"Point","coordinates":[3.8078492,50.8907864]},"properties":{"column_1":"9620","column_2":"Elene","column_3":3.8078492,"column_4":50.8907864,"municipality_name_french":null,"arrondissement":"Arrondissement d\u2019Alost","province":"Province de Flandre orientale"}},{"type":"Feature","geometry":{"type":"Point","coordinates":[3.8333978,50.872305]},"properties":{"column_1":"9620","column_2":"Grotenberge","column_3":3.8333978,"column_4":50.872305,"municipality_name_french":null,"arrondissement":"Arrondissement d\u2019Alost","province":"Province de Flandre orientale"}},{"type":"Feature","geometry":{"type":"Point","coordinates":[3.829278,50.8880639]},"properties":{"column_1":"9620","column_2":"Leeuwergem","column_3":3.829278,"column_4":50.8880639,"municipality_name_french":null,"arrondissement":"Arrondissement d\u2019Alost","province":"Province de Flandre orientale"}},{"type":"Feature","geometry":{"type":"Point","coordinates":[3.7130873,50.8660879]},"properties":{"column_1":"9630","column_2":"Sint-Denijs-Boekel","column_3":3.7130873,"column_4":50.8660879,"municipality_name_french":null,"arrondissement":"Arrondissement d\u2019Audenarde","province":"Province de Flandre orientale"}},{"type":"Feature","geometry":{"type":"Point","coordinates":[3.7463234,50.7921614]},"properties":{"column_1":"9660","column_2":"Opbrakel","column_3":3.7463234,"column_4":50.7921614,"municipality_name_french":null,"arrondissement":"Arrondissement d\u2019Audenarde","province":"Province de Flandre orientale"}},{"type":"Feature","geometry":{"type":"Point","coordinates":[3.569982,50.7912081]},"properties":{"column_1":"9690","column_2":"Zulzeke","column_3":3.569982,"column_4":50.7912081,"municipality_name_french":null,"arrondissement":"Arrondissement d\u2019Audenarde","province":"Province de Flandre orientale"}},{"type":"Feature","geometry":{"type":"Point","coordinates":[3.6317612,50.8553126]},"properties":{"column_1":"9700","column_2":"Ename","column_3":3.6317612,"column_4":50.8553126,"municipality_name_french":null,"arrondissement":"Arrondissement d\u2019Audenarde","province":"Province de Flandre orientale"}},{"type":"Feature","geometry":{"type":"Point","coordinates":[3.6405818,50.8878782]},"properties":{"column_1":"9700","column_2":"Heurne","column_3":3.6405818,"column_4":50.8878782,"municipality_name_french":null,"arrondissement":"Arrondissement d\u2019Audenarde","province":"Province de Flandre orientale"}},{"type":"Feature","geometry":{"type":"Point","coordinates":[3.6322868,50.8678376]},"properties":{"column_1":"9700","column_2":"Nederename","column_3":3.6322868,"column_4":50.8678376,"municipality_name_french":null,"arrondissement":"Arrondissement d\u2019Audenarde","province":"Province de Flandre orientale"}},{"type":"Feature","geometry":{"type":"Point","coordinates":[3.5605794173077,50.8902386]},"properties":{"column_1":"9772","column_2":"Wannegem-Lede","column_3":3.5605794173077,"column_4":50.8902386,"municipality_name_french":null,"arrondissement":"Arrondissement d\u2019Audenarde","province":"Province de Flandre orientale"}},{"type":"Feature","geometry":{"type":"Point","coordinates":[3.5514004,50.8711812]},"properties":{"column_1":"9790","column_2":"Ooike","column_3":3.5514004,"column_4":50.8711812,"municipality_name_french":null,"arrondissement":"Arrondissement d\u2019Audenarde","province":"Province de Flandre orientale"}},{"type":"Feature","geometry":{"type":"Point","coordinates":[3.5581136,50.8330877]},"properties":{"column_1":"9790","column_2":"Petegem-Aan-De-Schelde","column_3":3.5581136,"column_4":50.8330877,"municipality_name_french":null,"arrondissement":"Arrondissement d\u2019Audenarde","province":"Province de Flandre orientale"}},{"type":"Feature","geometry":{"type":"Point","coordinates":[3.468333,50.9764412]},"properties":{"column_1":"9800","column_2":"Grammene","column_3":3.468333,"column_4":50.9764412,"municipality_name_french":null,"arrondissement":"Arrondissement de Gand","province":"Province de Flandre orientale"}},{"type":"Feature","geometry":{"type":"Point","coordinates":[3.5963218,50.959802]},"properties":{"column_1":"9810","column_2":"Nazareth","column_3":3.5963218,"column_4":50.959802,"municipality_name_french":null,"arrondissement":"Arrondissement de Gand","province":"Province de Flandre orientale"}},{"type":"Feature","geometry":{"type":"Point","coordinates":[3.7726469,50.9779856]},"properties":{"column_1":"9820","column_2":"Lemberge","column_3":3.7726469,"column_4":50.9779856,"municipality_name_french":null,"arrondissement":"Arrondissement de Gand","province":"Province de Flandre orientale"}},{"type":"Feature","geometry":{"type":"Point","coordinates":[3.7459119,50.9942924]},"properties":{"column_1":"9820","column_2":"Merelbeke","column_3":3.7459119,"column_4":50.9942924,"municipality_name_french":null,"arrondissement":"Arrondissement de Gand","province":"Province de Flandre orientale"}},{"type":"Feature","geometry":{"type":"Point","coordinates":[3.6306291238782,51.0134462]},"properties":{"column_1":"9830","column_2":"Sint-Martens-Latem","column_3":3.6306291238782,"column_4":51.0134462,"municipality_name_french":null,"arrondissement":"Arrondissement de Gand","province":"Province de Flandre orientale"}},{"type":"Feature","geometry":{"type":"Point","coordinates":[3.5345703,51.0747776]},"properties":{"column_1":"9850","column_2":"Hansbeke","column_3":3.5345703,"column_4":51.0747776,"municipality_name_french":null,"arrondissement":"Arrondissement de Gand","province":"Province de Flandre orientale"}},{"type":"Feature","geometry":{"type":"Point","coordinates":[3.7928259,50.9694937]},"properties":{"column_1":"9860","column_2":"Landskouter","column_3":3.7928259,"column_4":50.9694937,"municipality_name_french":null,"arrondissement":"Arrondissement de Gand","province":"Province de Flandre orientale"}},{"type":"Feature","geometry":{"type":"Point","coordinates":[3.4994525656039,51.0902776]},"properties":{"column_1":"9881","column_2":"Bellem","column_3":3.4994525656039,"column_4":51.0902776,"municipality_name_french":null,"arrondissement":"Arrondissement de Gand","province":"Province de Flandre orientale"}},{"type":"Feature","geometry":{"type":"Point","coordinates":[3.4841052,51.1285879]},"properties":{"column_1":"9910","column_2":"Ursel","column_3":3.4841052,"column_4":51.1285879,"municipality_name_french":null,"arrondissement":"Arrondissement de Gand","province":"Province de Flandre orientale"}},{"type":"Feature","geometry":{"type":"Point","coordinates":[3.6412401,51.0876396]},"properties":{"column_1":"9921","column_2":"Vinderhoute","column_3":3.6412401,"column_4":51.0876396,"municipality_name_french":null,"arrondissement":"Arrondissement de Gand","province":"Province de Flandre orientale"}},{"type":"Feature","geometry":{"type":"Point","coordinates":[3.6789045,51.131929]},"properties":{"column_1":"9940","column_2":"Sleidinge","column_3":3.6789045,"column_4":51.131929,"municipality_name_french":null,"arrondissement":"Arrondissement de Gand","province":"Province de Flandre orientale"}},{"type":"Feature","geometry":{"type":"Point","coordinates":[3.6789952,51.2311917]},"properties":{"column_1":"9968","column_2":"Bassevelde","column_3":3.6789952,"column_4":51.2311917,"municipality_name_french":null,"arrondissement":"Arrondissement d\u2019Eeklo","province":"Province de Flandre orientale"}},{"type":"Feature","geometry":{"type":"Point","coordinates":[3.5315005565828,51.26767195]},"properties":{"column_1":"9981","column_2":"Sint-Margriete","column_3":3.5315005565828,"column_4":51.26767195,"municipality_name_french":null,"arrondissement":"Arrondissement d\u2019Eeklo","province":"Province de Flandre orientale"}},{"type":"Feature","geometry":{"type":"Point","coordinates":[3.580094,51.2682182]},"properties":{"column_1":"9982","column_2":"Sint-Jan-In-Eremo","column_3":3.580094,"column_4":51.2682182,"municipality_name_french":null,"arrondissement":"Arrondissement d\u2019Eeklo","province":"Province de Flandre orientale"}},{"type":"Feature","geometry":{"type":"Point","coordinates":[3.4071425562584,51.25583235]},"properties":{"column_1":"9992","column_2":"Middelburg","column_3":3.4071425562584,"column_4":51.25583235,"municipality_name_french":null,"arrondissement":"Arrondissement d\u2019Eeklo","province":"Province de Flandre orientale"}},{"type":"Feature","geometry":{"type":"Point","coordinates":[4.351697,50.8465573]},"properties":{"column_1":"1000","column_2":"Bruxelles","column_3":4.351697,"column_4":50.8465573,"municipality_name_french":"Saint-Josse-ten-Noode","arrondissement":"Arrondissement de Bruxelles-Capitale","province":null}},{"type":"Feature","geometry":{"type":"Point","coordinates":[4.3487134,50.883392]},"properties":{"column_1":"1020","column_2":"Laeken","column_3":4.3487134,"column_4":50.883392,"municipality_name_french":"Bruxelles","arrondissement":"Arrondissement de Bruxelles-Capitale","province":null}},{"type":"Feature","geometry":{"type":"Point","coordinates":[4.292702,50.8639835]},"properties":{"column_1":"1082","column_2":"Berchem-Sainte-Agathe","column_3":4.292702,"column_4":50.8639835,"municipality_name_french":"Berchem-Sainte-Agathe","arrondissement":"Arrondissement de Bruxelles-Capitale","province":null}},{"type":"Feature","geometry":{"type":"Point","coordinates":[4.3175103,50.8712396]},"properties":{"column_1":"1083","column_2":"Ganshoren","column_3":4.3175103,"column_4":50.8712396,"municipality_name_french":"Ganshoren","arrondissement":"Arrondissement de Bruxelles-Capitale","province":null}},{"type":"Feature","geometry":{"type":"Point","coordinates":[4.5894025,50.7111796]},"properties":{"column_1":"1301","column_2":"Bierges","column_3":4.5894025,"column_4":50.7111796,"municipality_name_french":"Wavre","arrondissement":"Arrondissement de Nivelles","province":"Province du Brabant wallon"}},{"type":"Feature","geometry":{"type":"Point","coordinates":[4.4796542,50.7315053]},"properties":{"column_1":"1310","column_2":"La Hulpe","column_3":4.4796542,"column_4":50.7315053,"municipality_name_french":"La Hulpe","arrondissement":"Arrondissement de Nivelles","province":"Province du Brabant wallon"}},{"type":"Feature","geometry":{"type":"Point","coordinates":[4.8384018,50.6799948]},"properties":{"column_1":"1315","column_2":"Glimes","column_3":4.8384018,"column_4":50.6799948,"municipality_name_french":"Incourt","arrondissement":"Arrondissement de Nivelles","province":"Province du Brabant wallon"}},{"type":"Feature","geometry":{"type":"Point","coordinates":[4.7716774,50.7810287]},"properties":{"column_1":"1320","column_2":"Beauvechain","column_3":4.7716774,"column_4":50.7810287,"municipality_name_french":"Beauvechain","arrondissement":"Arrondissement de Nivelles","province":"Province du Brabant wallon"}},{"type":"Feature","geometry":{"type":"Point","coordinates":[4.8320079,50.7717493]},"properties":{"column_1":"1320","column_2":"L'ecluse","column_3":4.8320079,"column_4":50.7717493,"municipality_name_french":"Beauvechain","arrondissement":"Arrondissement de Nivelles","province":"Province du Brabant wallon"}},{"type":"Feature","geometry":{"type":"Point","coordinates":[4.5463113019639,50.73713045]},"properties":{"column_1":"1331","column_2":"Rosi\u00e8res","column_3":4.5463113019639,"column_4":50.73713045,"municipality_name_french":"Rixensart","arrondissement":"Arrondissement de Nivelles","province":"Province du Brabant wallon"}},{"type":"Feature","geometry":{"type":"Point","coordinates":[4.5804937701303,50.6726725]},"properties":{"column_1":"1340","column_2":"Ottignies-Louvain-La-Neuve","column_3":4.5804937701303,"column_4":50.6726725,"municipality_name_french":"Ottignies-Louvain-la-Neuve","arrondissement":"Arrondissement de Nivelles","province":"Province du Brabant wallon"}},{"type":"Feature","geometry":{"type":"Point","coordinates":[4.9260633,50.6943193]},"properties":{"column_1":"1350","column_2":"Enines","column_3":4.9260633,"column_4":50.6943193,"municipality_name_french":"Orp-Jauche","arrondissement":"Arrondissement de Nivelles","province":"Province du Brabant wallon"}},{"type":"Feature","geometry":{"type":"Point","coordinates":[4.8134719,50.6234469]},"properties":{"column_1":"1360","column_2":"Perwez","column_3":4.8134719,"column_4":50.6234469,"municipality_name_french":"Perwez","arrondissement":"Arrondissement de Nivelles","province":"Province du Brabant wallon"}},{"type":"Feature","geometry":{"type":"Point","coordinates":[4.8807352,50.6467516]},"properties":{"column_1":"1367","column_2":"G\u00e9rompont","column_3":4.8807352,"column_4":50.6467516,"municipality_name_french":"Ramillies","arrondissement":"Arrondissement de Nivelles","province":"Province du Brabant wallon"}},{"type":"Feature","geometry":{"type":"Point","coordinates":[4.9175477,50.7255018]},"properties":{"column_1":"1370","column_2":"Pi\u00e9train","column_3":4.9175477,"column_4":50.7255018,"municipality_name_french":"Jodoigne","arrondissement":"Arrondissement de Nivelles","province":"Province du Brabant wallon"}},{"type":"Feature","geometry":{"type":"Point","coordinates":[4.8583707,50.7471089]},"properties":{"column_1":"1370","column_2":"Saint-Remy-Geest","column_3":4.8583707,"column_4":50.7471089,"municipality_name_french":"Jodoigne","arrondissement":"Arrondissement de Nivelles","province":"Province du Brabant wallon"}},{"type":"Feature","geometry":{"type":"Point","coordinates":[4.4212124182736,50.66254755]},"properties":{"column_1":"1380","column_2":"Plancenoit","column_3":4.4212124182736,"column_4":50.66254755,"municipality_name_french":"Lasne","arrondissement":"Arrondissement de Nivelles","province":"Province du Brabant wallon"}},{"type":"Feature","geometry":{"type":"Point","coordinates":[4.3319091758631,50.58916295]},"properties":{"column_1":"1400","column_2":"Nivelles","column_3":4.3319091758631,"column_4":50.58916295,"municipality_name_french":"Nivelles","arrondissement":"Arrondissement de Nivelles","province":"Province du Brabant wallon"}},{"type":"Feature","geometry":{"type":"Point","coordinates":[4.3978047,50.7173563]},"properties":{"column_1":"1410","column_2":"Waterloo","column_3":4.3978047,"column_4":50.7173563,"municipality_name_french":"Waterloo","arrondissement":"Arrondissement de Nivelles","province":"Province du Brabant wallon"}},{"type":"Feature","geometry":{"type":"Point","coordinates":[4.1350275503194,50.67355825]},"properties":{"column_1":"1430","column_2":"Rebecq-Rognon","column_3":4.1350275503194,"column_4":50.67355825,"municipality_name_french":"Rebecq","arrondissement":"Arrondissement de Nivelles","province":"Province du Brabant wallon"}},{"type":"Feature","geometry":{"type":"Point","coordinates":[4.636678,50.6080835]},"properties":{"column_1":"1450","column_2":"Chastre","column_3":4.636678,"column_4":50.6080835,"municipality_name_french":"Chastre","arrondissement":"Arrondissement de Nivelles","province":"Province du Brabant wallon"}},{"type":"Feature","geometry":{"type":"Point","coordinates":[4.6952724,50.6182838]},"properties":{"column_1":"1457","column_2":"Walhain","column_3":4.6952724,"column_4":50.6182838,"municipality_name_french":"Walhain","arrondissement":"Arrondissement de Nivelles","province":"Province du Brabant wallon"}},{"type":"Feature","geometry":{"type":"Point","coordinates":[4.4880778189719,50.6040225]},"properties":{"column_1":"1470","column_2":"Baisy-Thy","column_3":4.4880778189719,"column_4":50.6040225,"municipality_name_french":"Genappe","arrondissement":"Arrondissement de Nivelles","province":"Province du Brabant wallon"}},{"type":"Feature","geometry":{"type":"Point","coordinates":[4.4479459851741,50.60800575]},"properties":{"column_1":"1470","column_2":"Genappe","column_3":4.4479459851741,"column_4":50.60800575,"municipality_name_french":"Genappe","arrondissement":"Arrondissement de Nivelles","province":"Province du Brabant wallon"}},{"type":"Feature","geometry":{"type":"Point","coordinates":[4.5691118,50.5817537]},"properties":{"column_1":"1495","column_2":"Mellery","column_3":4.5691118,"column_4":50.5817537,"municipality_name_french":"Villers-la-Ville","arrondissement":"Arrondissement de Nivelles","province":"Province du Brabant wallon"}},{"type":"Feature","geometry":{"type":"Point","coordinates":[4.0247359,50.76088]},"properties":{"column_1":"1570","column_2":"Vollezele","column_3":4.0247359,"column_4":50.76088,"municipality_name_french":null,"arrondissement":"Arrondissement de Hal-Vilvorde","province":"Province du Brabant flamand"}},{"type":"Feature","geometry":{"type":"Point","coordinates":[4.1993838,50.7877313]},"properties":{"column_1":"1600","column_2":"Sint-Laureins-Berchem","column_3":4.1993838,"column_4":50.7877313,"municipality_name_french":null,"arrondissement":"Arrondissement de Hal-Vilvorde","province":"Province du Brabant flamand"}},{"type":"Feature","geometry":{"type":"Point","coordinates":[4.3051321494591,50.7684432]},"properties":{"column_1":"1650","column_2":"Beersel","column_3":4.3051321494591,"column_4":50.7684432,"municipality_name_french":null,"arrondissement":"Arrondissement de Hal-Vilvorde","province":"Province du Brabant flamand"}},{"type":"Feature","geometry":{"type":"Point","coordinates":[4.1126567,50.7348458]},"properties":{"column_1":"1670","column_2":"Heikruis","column_3":4.1126567,"column_4":50.7348458,"municipality_name_french":null,"arrondissement":"Arrondissement de Hal-Vilvorde","province":"Province du Brabant flamand"}},{"type":"Feature","geometry":{"type":"Point","coordinates":[4.1853449364222,50.7354888]},"properties":{"column_1":"1673","column_2":"Beert","column_3":4.1853449364222,"column_4":50.7354888,"municipality_name_french":null,"arrondissement":"Arrondissement de Hal-Vilvorde","province":"Province du Brabant flamand"}},{"type":"Feature","geometry":{"type":"Point","coordinates":[4.2150592,50.8627233]},"properties":{"column_1":"1700","column_2":"Sint-Martens-Bodegem","column_3":4.2150592,"column_4":50.8627233,"municipality_name_french":null,"arrondissement":"Arrondissement de Hal-Vilvorde","province":"Province du Brabant flamand"}},{"type":"Feature","geometry":{"type":"Point","coordinates":[4.2501187,50.8395994]},"properties":{"column_1":"1701","column_2":"Itterbeek","column_3":4.2501187,"column_4":50.8395994,"municipality_name_french":null,"arrondissement":"Arrondissement de Hal-Vilvorde","province":"Province du Brabant flamand"}},{"type":"Feature","geometry":{"type":"Point","coordinates":[4.2496669,50.9091629]},"properties":{"column_1":"1730","column_2":"Kobbegem","column_3":4.2496669,"column_4":50.9091629,"municipality_name_french":null,"arrondissement":"Arrondissement de Hal-Vilvorde","province":"Province du Brabant flamand"}},{"type":"Feature","geometry":{"type":"Point","coordinates":[4.2790265927797,50.9019808]},"properties":{"column_1":"1731","column_2":"Relegem","column_3":4.2790265927797,"column_4":50.9019808,"municipality_name_french":null,"arrondissement":"Arrondissement de Hal-Vilvorde","province":"Province du Brabant flamand"}},{"type":"Feature","geometry":{"type":"Point","coordinates":[4.1192641,50.7773538]},"properties":{"column_1":"1755","column_2":"Leerbeek","column_3":4.1192641,"column_4":50.7773538,"municipality_name_french":null,"arrondissement":"Arrondissement de Hal-Vilvorde","province":"Province du Brabant flamand"}},{"type":"Feature","geometry":{"type":"Point","coordinates":[4.1118354895388,50.9137991]},"properties":{"column_1":"1790","column_2":"Hekelgem","column_3":4.1118354895388,"column_4":50.9137991,"municipality_name_french":null,"arrondissement":"Arrondissement de Hal-Vilvorde","province":"Province du Brabant flamand"}},{"type":"Feature","geometry":{"type":"Point","coordinates":[4.5110471,50.9093488]},"properties":{"column_1":"1820","column_2":"Steenokkerzeel","column_3":4.5110471,"column_4":50.9093488,"municipality_name_french":null,"arrondissement":"Arrondissement de Hal-Vilvorde","province":"Province du Brabant flamand"}},{"type":"Feature","geometry":{"type":"Point","coordinates":[4.4365042,50.8945555]},"properties":{"column_1":"1831","column_2":"Diegem","column_3":4.4365042,"column_4":50.8945555,"municipality_name_french":null,"arrondissement":"Arrondissement de Hal-Vilvorde","province":"Province du Brabant flamand"}},{"type":"Feature","geometry":{"type":"Point","coordinates":[4.3085198,50.9510266]},"properties":{"column_1":"1861","column_2":"Wolvertem","column_3":4.3085198,"column_4":50.9510266,"municipality_name_french":null,"arrondissement":"Arrondissement de Hal-Vilvorde","province":"Province du Brabant flamand"}},{"type":"Feature","geometry":{"type":"Point","coordinates":[4.3512293,50.9799835]},"properties":{"column_1":"1880","column_2":"Nieuwenrode","column_3":4.3512293,"column_4":50.9799835,"municipality_name_french":null,"arrondissement":"Arrondissement de Hal-Vilvorde","province":"Province du Brabant flamand"}},{"type":"Feature","geometry":{"type":"Point","coordinates":[4.5645096,50.9190127]},"properties":{"column_1":"1910","column_2":"Nederokkerzeel","column_3":4.5645096,"column_4":50.9190127,"municipality_name_french":null,"arrondissement":"Arrondissement de Hal-Vilvorde","province":"Province du Brabant flamand"}},{"type":"Feature","geometry":{"type":"Point","coordinates":[4.5081025949464,50.88499735]},"properties":{"column_1":"1930","column_2":"Nossegem","column_3":4.5081025949464,"column_4":50.88499735,"municipality_name_french":null,"arrondissement":"Arrondissement de Hal-Vilvorde","province":"Province du Brabant flamand"}},{"type":"Feature","geometry":{"type":"Point","coordinates":[4.3997081,51.2211097]},"properties":{"column_1":"2040","column_2":"Antwerpen","column_3":4.3997081,"column_4":51.2211097,"municipality_name_french":null,"arrondissement":"Arrondissement d\u2019Anvers","province":"Province d\u2019Anvers"}},{"type":"Feature","geometry":{"type":"Point","coordinates":[4.2836261784487,51.35984975]},"properties":{"column_1":"2040","column_2":"Zandvliet","column_3":4.2836261784487,"column_4":51.35984975,"municipality_name_french":null,"arrondissement":"Arrondissement d\u2019Anvers","province":"Province d\u2019Anvers"}},{"type":"Feature","geometry":{"type":"Point","coordinates":[4.3416362,51.2028046]},"properties":{"column_1":"2070","column_2":"Burcht","column_3":4.3416362,"column_4":51.2028046,"municipality_name_french":null,"arrondissement":"Arrondissement de Saint-Nicolas","province":"Province de Flandre orientale"}},{"type":"Feature","geometry":{"type":"Point","coordinates":[4.488953,51.1928907]},"properties":{"column_1":"2150","column_2":"Borsbeek","column_3":4.488953,"column_4":51.1928907,"municipality_name_french":null,"arrondissement":"Arrondissement d\u2019Anvers","province":"Province d\u2019Anvers"}},{"type":"Feature","geometry":{"type":"Point","coordinates":[4.7853558986493,51.10609435]},"properties":{"column_1":"2222","column_2":"Wiekevorst","column_3":4.7853558986493,"column_4":51.10609435,"municipality_name_french":null,"arrondissement":"Arrondissement de Malines","province":"Province d\u2019Anvers"}},{"type":"Feature","geometry":{"type":"Point","coordinates":[4.4361161,51.2907379]},"properties":{"column_1":"2223","column_2":"Schriek","column_3":4.4361161,"column_4":51.2907379,"municipality_name_french":null,"arrondissement":"Arrondissement d\u2019Anvers","province":"Province d\u2019Anvers"}},{"type":"Feature","geometry":{"type":"Point","coordinates":[4.8336098,51.0324718]},"properties":{"column_1":"2230","column_2":"Ramsel","column_3":4.8336098,"column_4":51.0324718,"municipality_name_french":null,"arrondissement":"Arrondissement de Turnhout","province":"Province d\u2019Anvers"}},{"type":"Feature","geometry":{"type":"Point","coordinates":[4.7033852099385,51.2257319]},"properties":{"column_1":"2242","column_2":"Pulderbos","column_3":4.7033852099385,"column_4":51.2257319,"municipality_name_french":null,"arrondissement":"Arrondissement d\u2019Anvers","province":"Province d\u2019Anvers"}},{"type":"Feature","geometry":{"type":"Point","coordinates":[4.7372548575575,51.46092495]},"properties":{"column_1":"2321","column_2":"Meer","column_3":4.7372548575575,"column_4":51.46092495,"municipality_name_french":null,"arrondissement":"Arrondissement de Turnhout","province":"Province d\u2019Anvers"}},{"type":"Feature","geometry":{"type":"Point","coordinates":[4.8627541,51.3580597]},"properties":{"column_1":"2330","column_2":"Merksplas","column_3":4.8627541,"column_4":51.3580597,"municipality_name_french":null,"arrondissement":"Arrondissement de Turnhout","province":"Province d\u2019Anvers"}},{"type":"Feature","geometry":{"type":"Point","coordinates":[4.8878026,51.3129153]},"properties":{"column_1":"2350","column_2":"Vosselaar","column_3":4.8878026,"column_4":51.3129153,"municipality_name_french":null,"arrondissement":"Arrondissement de Turnhout","province":"Province d\u2019Anvers"}},{"type":"Feature","geometry":{"type":"Point","coordinates":[5.0488069670452,51.45063155]},"properties":{"column_1":"2382","column_2":"Poppel","column_3":5.0488069670452,"column_4":51.45063155,"municipality_name_french":null,"arrondissement":"Arrondissement de Turnhout","province":"Province d\u2019Anvers"}},{"type":"Feature","geometry":{"type":"Point","coordinates":[5.0772388,51.1317433]},"properties":{"column_1":"2450","column_2":"Meerhout","column_3":5.0772388,"column_4":51.1317433,"municipality_name_french":null,"arrondissement":"Arrondissement de Turnhout","province":"Province d\u2019Anvers"}},{"type":"Feature","geometry":{"type":"Point","coordinates":[4.5972162,51.2110687]},"properties":{"column_1":"2520","column_2":"Oelegem","column_3":4.5972162,"column_4":51.2110687,"municipality_name_french":null,"arrondissement":"Arrondissement d\u2019Anvers","province":"Province d\u2019Anvers"}},{"type":"Feature","geometry":{"type":"Point","coordinates":[4.6630807412987,51.06299735]},"properties":{"column_1":"2580","column_2":"Beerzel","column_3":4.6630807412987,"column_4":51.06299735,"municipality_name_french":null,"arrondissement":"Arrondissement de Malines","province":"Province d\u2019Anvers"}},{"type":"Feature","geometry":{"type":"Point","coordinates":[4.3361875,51.1245635]},"properties":{"column_1":"2627","column_2":"Schelle","column_3":4.3361875,"column_4":51.1245635,"municipality_name_french":null,"arrondissement":"Arrondissement d\u2019Anvers","province":"Province d\u2019Anvers"}},{"type":"Feature","geometry":{"type":"Point","coordinates":[4.4384284,51.1574786]},"properties":{"column_1":"2650","column_2":"Edegem","column_3":4.4384284,"column_4":51.1574786,"municipality_name_french":null,"arrondissement":"Arrondissement d\u2019Anvers","province":"Province d\u2019Anvers"}},{"type":"Feature","geometry":{"type":"Point","coordinates":[4.4124762563322,51.0519355]},"properties":{"column_1":"2801","column_2":"Heffen","column_3":4.4124762563322,"column_4":51.0519355,"municipality_name_french":null,"arrondissement":"Arrondissement de Malines","province":"Province d\u2019Anvers"}},{"type":"Feature","geometry":{"type":"Point","coordinates":[4.5182999731643,51.0083206]},"properties":{"column_1":"2812","column_2":"Muizen","column_3":4.5182999731643,"column_4":51.0083206,"municipality_name_french":null,"arrondissement":"Arrondissement de Malines","province":"Province d\u2019Anvers"}},{"type":"Feature","geometry":{"type":"Point","coordinates":[4.4066584,51.0670264]},"properties":{"column_1":"2830","column_2":"Heindonk","column_3":4.4066584,"column_4":51.0670264,"municipality_name_french":null,"arrondissement":"Arrondissement de Malines","province":"Province d\u2019Anvers"}},{"type":"Feature","geometry":{"type":"Point","coordinates":[4.3598407,51.033992]},"properties":{"column_1":"2830","column_2":"Tisselt","column_3":4.3598407,"column_4":51.033992,"municipality_name_french":null,"arrondissement":"Arrondissement de Malines","province":"Province d\u2019Anvers"}},{"type":"Feature","geometry":{"type":"Point","coordinates":[4.5799614,51.0624913]},"properties":{"column_1":"2861","column_2":"Onze-Lieve-Vrouw-Waver","column_3":4.5799614,"column_4":51.0624913,"municipality_name_french":null,"arrondissement":"Arrondissement de Malines","province":"Province d\u2019Anvers"}},{"type":"Feature","geometry":{"type":"Point","coordinates":[4.3136108625549,51.0452687]},"properties":{"column_1":"2870","column_2":"Breendonk","column_3":4.3136108625549,"column_4":51.0452687,"municipality_name_french":null,"arrondissement":"Arrondissement de Malines","province":"Province d\u2019Anvers"}},{"type":"Feature","geometry":{"type":"Point","coordinates":[4.5759347,51.2955923]},"properties":{"column_1":"2960","column_2":"Sint-Job-In-'t-Goor","column_3":4.5759347,"column_4":51.2955923,"municipality_name_french":null,"arrondissement":"Arrondissement d\u2019Anvers","province":"Province d\u2019Anvers"}},{"type":"Feature","geometry":{"type":"Point","coordinates":[4.6782162,51.3453831]},"properties":{"column_1":"2960","column_2":"Sint-Lenaarts","column_3":4.6782162,"column_4":51.3453831,"municipality_name_french":null,"arrondissement":"Arrondissement d\u2019Anvers","province":"Province d\u2019Anvers"}},{"type":"Feature","geometry":{"type":"Point","coordinates":[4.7136294,50.9095362]},"properties":{"column_1":"3012","column_2":"Wilsele","column_3":4.7136294,"column_4":50.9095362,"municipality_name_french":null,"arrondissement":"Arrondissement de Louvain","province":"Province du Brabant flamand"}},{"type":"Feature","geometry":{"type":"Point","coordinates":[4.6067572,50.8070345]},"properties":{"column_1":"3040","column_2":"Loonbeek","column_3":4.6067572,"column_4":50.8070345,"municipality_name_french":null,"arrondissement":"Arrondissement de Louvain","province":"Province du Brabant flamand"}},{"type":"Feature","geometry":{"type":"Point","coordinates":[4.6329556561262,50.7794761]},"properties":{"column_1":"3040","column_2":"Sint-Agatha-Rode","column_3":4.6329556561262,"column_4":50.7794761,"municipality_name_french":null,"arrondissement":"Arrondissement de Louvain","province":"Province du Brabant flamand"}},{"type":"Feature","geometry":{"type":"Point","coordinates":[4.6678971,50.8217682]},"properties":{"column_1":"3050","column_2":"Oud-Heverlee","column_3":4.6678971,"column_4":50.8217682,"municipality_name_french":null,"arrondissement":"Arrondissement de Louvain","province":"Province du Brabant flamand"}},{"type":"Feature","geometry":{"type":"Point","coordinates":[4.5565660886042,50.83488335]},"properties":{"column_1":"3080","column_2":"Vossem","column_3":4.5565660886042,"column_4":50.83488335,"municipality_name_french":null,"arrondissement":"Arrondissement de Louvain","province":"Province du Brabant flamand"}},{"type":"Feature","geometry":{"type":"Point","coordinates":[4.7826403117004,51.02422075]},"properties":{"column_1":"3130","column_2":"Begijnendijk","column_3":4.7826403117004,"column_4":51.02422075,"municipality_name_french":null,"arrondissement":"Arrondissement de Louvain","province":"Province du Brabant flamand"}},{"type":"Feature","geometry":{"type":"Point","coordinates":[4.8856989624279,51.0118664]},"properties":{"column_1":"3201","column_2":"Langdorp","column_3":4.8856989624279,"column_4":51.0118664,"municipality_name_french":null,"arrondissement":"Arrondissement de Louvain","province":"Province du Brabant flamand"}},{"type":"Feature","geometry":{"type":"Point","coordinates":[4.8908885858013,50.8721422]},"properties":{"column_1":"3211","column_2":"Binkom","column_3":4.8908885858013,"column_4":50.8721422,"municipality_name_french":null,"arrondissement":"Arrondissement de Louvain","province":"Province du Brabant flamand"}},{"type":"Feature","geometry":{"type":"Point","coordinates":[4.984958799435,51.0085771]},"properties":{"column_1":"3271","column_2":"Zichem","column_3":4.984958799435,"column_4":51.0085771,"municipality_name_french":null,"arrondissement":"Arrondissement de Louvain","province":"Province du Brabant flamand"}},{"type":"Feature","geometry":{"type":"Point","coordinates":[5.052873496255,50.98456645]},"properties":{"column_1":"3290","column_2":"Diest","column_3":5.052873496255,"column_4":50.98456645,"municipality_name_french":null,"arrondissement":"Arrondissement de Louvain","province":"Province du Brabant flamand"}},{"type":"Feature","geometry":{"type":"Point","coordinates":[5.054414061955,50.9649291]},"properties":{"column_1":"3290","column_2":"Webbekom","column_3":5.054414061955,"column_4":50.9649291,"municipality_name_french":null,"arrondissement":"Arrondissement de Louvain","province":"Province du Brabant flamand"}},{"type":"Feature","geometry":{"type":"Point","coordinates":[4.9339239586832,50.7846322]},"properties":{"column_1":"3300","column_2":"Bost","column_3":4.9339239586832,"column_4":50.7846322,"municipality_name_french":null,"arrondissement":"Arrondissement de Louvain","province":"Province du Brabant flamand"}},{"type":"Feature","geometry":{"type":"Point","coordinates":[4.9603301209235,50.77139835]},"properties":{"column_1":"3300","column_2":"Goetsenhoven","column_3":4.9603301209235,"column_4":50.77139835,"municipality_name_french":null,"arrondissement":"Arrondissement de Louvain","province":"Province du Brabant flamand"}},{"type":"Feature","geometry":{"type":"Point","coordinates":[4.9886552612345,50.7971718]},"properties":{"column_1":"3300","column_2":"Hakendover","column_3":4.9886552612345,"column_4":50.7971718,"municipality_name_french":null,"arrondissement":"Arrondissement de Louvain","province":"Province du Brabant flamand"}},{"type":"Feature","geometry":{"type":"Point","coordinates":[4.9193571,50.7665968]},"properties":{"column_1":"3321","column_2":"Outgaarden","column_3":4.9193571,"column_4":50.7665968,"municipality_name_french":null,"arrondissement":"Arrondissement de Louvain","province":"Province du Brabant flamand"}},{"type":"Feature","geometry":{"type":"Point","coordinates":[5.0533455578997,50.84486375]},"properties":{"column_1":"3350","column_2":"Drieslinter","column_3":5.0533455578997,"column_4":50.84486375,"municipality_name_french":null,"arrondissement":"Arrondissement de Louvain","province":"Province du Brabant flamand"}},{"type":"Feature","geometry":{"type":"Point","coordinates":[4.8136699565725,50.8166881]},"properties":{"column_1":"3370","column_2":"Neervelp","column_3":4.8136699565725,"column_4":50.8166881,"municipality_name_french":null,"arrondissement":"Arrondissement de Louvain","province":"Province du Brabant flamand"}},{"type":"Feature","geometry":{"type":"Point","coordinates":[4.9167554140969,50.8694607]},"properties":{"column_1":"3384","column_2":"Attenrode","column_3":4.9167554140969,"column_4":50.8694607,"municipality_name_french":null,"arrondissement":"Arrondissement de Louvain","province":"Province du Brabant flamand"}},{"type":"Feature","geometry":{"type":"Point","coordinates":[4.9155513317582,50.9346235]},"properties":{"column_1":"3390","column_2":"Tielt","column_3":4.9155513317582,"column_4":50.9346235,"municipality_name_french":null,"arrondissement":"Arrondissement de Louvain","province":"Province du Brabant flamand"}},{"type":"Feature","geometry":{"type":"Point","coordinates":[5.0302723897201,50.7838394]},"properties":{"column_1":"3400","column_2":"Wange","column_3":5.0302723897201,"column_4":50.7838394,"municipality_name_french":null,"arrondissement":"Arrondissement de Louvain","province":"Province du Brabant flamand"}},{"type":"Feature","geometry":{"type":"Point","coordinates":[5.1006534330464,50.7653693]},"properties":{"column_1":"3404","column_2":"Attenhoven","column_3":5.1006534330464,"column_4":50.7653693,"municipality_name_french":null,"arrondissement":"Arrondissement de Louvain","province":"Province du Brabant flamand"}},{"type":"Feature","geometry":{"type":"Point","coordinates":[5.0920421498928,50.8063449]},"properties":{"column_1":"3440","column_2":"Dormaal","column_3":5.0920421498928,"column_4":50.8063449,"municipality_name_french":null,"arrondissement":"Arrondissement de Louvain","province":"Province du Brabant flamand"}},{"type":"Feature","geometry":{"type":"Point","coordinates":[5.1186447480147,50.8415653]},"properties":{"column_1":"3440","column_2":"Zoutleeuw","column_3":5.1186447480147,"column_4":50.8415653,"municipality_name_french":null,"arrondissement":"Arrondissement de Louvain","province":"Province du Brabant flamand"}},{"type":"Feature","geometry":{"type":"Point","coordinates":[5.0360646174319,50.8758246]},"properties":{"column_1":"3470","column_2":"Ransberg","column_3":5.0360646174319,"column_4":50.8758246,"municipality_name_french":null,"arrondissement":"Arrondissement de Louvain","province":"Province du Brabant flamand"}},{"type":"Feature","geometry":{"type":"Point","coordinates":[5.3368383970676,50.930358]},"properties":{"column_1":"3500","column_2":"Hasselt","column_3":5.3368383970676,"column_4":50.930358,"municipality_name_french":null,"arrondissement":"Arrondissement de Hasselt","province":"Province du Limbourg"}},{"type":"Feature","geometry":{"type":"Point","coordinates":[5.3119462785891,50.90358435]},"properties":{"column_1":"3500","column_2":"Sint-Lambrechts-Herk","column_3":5.3119462785891,"column_4":50.90358435,"municipality_name_french":null,"arrondissement":"Arrondissement de Hasselt","province":"Province du Limbourg"}},{"type":"Feature","geometry":{"type":"Point","coordinates":[5.3052007,50.9439384]},"properties":{"column_1":"3511","column_2":"Kuringen","column_3":5.3052007,"column_4":50.9439384,"municipality_name_french":null,"arrondissement":"Arrondissement de Hasselt","province":"Province du Limbourg"}},{"type":"Feature","geometry":{"type":"Point","coordinates":[5.2444291944072,50.91698375]},"properties":{"column_1":"3512","column_2":"Stevoort","column_3":5.2444291944072,"column_4":50.91698375,"municipality_name_french":null,"arrondissement":"Arrondissement de Hasselt","province":"Province du Limbourg"}},{"type":"Feature","geometry":{"type":"Point","coordinates":[5.3844821648536,51.0743268]},"properties":{"column_1":"3530","column_2":"Helchteren","column_3":5.3844821648536,"column_4":51.0743268,"municipality_name_french":null,"arrondissement":"Arrondissement de Maaseik","province":"Province du Limbourg"}},{"type":"Feature","geometry":{"type":"Point","coordinates":[5.2750485,51.0233485]},"properties":{"column_1":"3550","column_2":"Heusden-Zolder","column_3":5.2750485,"column_4":51.0233485,"municipality_name_french":null,"arrondissement":"Arrondissement de Hasselt","province":"Province du Limbourg"}},{"type":"Feature","geometry":{"type":"Point","coordinates":[5.1372552,50.9657859]},"properties":{"column_1":"3560","column_2":"Linkhout","column_3":5.1372552,"column_4":50.9657859,"municipality_name_french":null,"arrondissement":"Arrondissement de Hasselt","province":"Province du Limbourg"}},{"type":"Feature","geometry":{"type":"Point","coordinates":[5.3079873,50.8754731]},"properties":{"column_1":"3570","column_2":"Alken","column_3":5.3079873,"column_4":50.8754731,"municipality_name_french":null,"arrondissement":"Arrondissement de Tongres","province":"Province du Limbourg"}},{"type":"Feature","geometry":{"type":"Point","coordinates":[5.2443565507181,51.08973005]},"properties":{"column_1":"3581","column_2":"Beverlo","column_3":5.2443565507181,"column_4":51.08973005,"municipality_name_french":null,"arrondissement":"Arrondissement de Hasselt","province":"Province du Limbourg"}},{"type":"Feature","geometry":{"type":"Point","coordinates":[5.7134261,50.9770425]},"properties":{"column_1":"3630","column_2":"Vucht","column_3":5.7134261,"column_4":50.9770425,"municipality_name_french":null,"arrondissement":"Arrondissement de Tongres","province":"Province du Limbourg"}},{"type":"Feature","geometry":{"type":"Point","coordinates":[5.7199198507341,50.9264738]},"properties":{"column_1":"3631","column_2":"Uikhoven","column_3":5.7199198507341,"column_4":50.9264738,"municipality_name_french":null,"arrondissement":"Arrondissement de Tongres","province":"Province du Limbourg"}},{"type":"Feature","geometry":{"type":"Point","coordinates":[5.7414564606985,51.14313325]},"properties":{"column_1":"3640","column_2":"Kinrooi","column_3":5.7414564606985,"column_4":51.14313325,"municipality_name_french":null,"arrondissement":"Arrondissement de Maaseik","province":"Province du Limbourg"}},{"type":"Feature","geometry":{"type":"Point","coordinates":[5.5289463613944,51.1303479]},"properties":{"column_1":"3670","column_2":"Ellikom","column_3":5.5289463613944,"column_4":51.1303479,"municipality_name_french":null,"arrondissement":"Arrondissement de Maaseik","province":"Province du Limbourg"}},{"type":"Feature","geometry":{"type":"Point","coordinates":[5.6181697688959,51.09677995]},"properties":{"column_1":"3670","column_2":"Neerglabbeek","column_3":5.6181697688959,"column_4":51.09677995,"municipality_name_french":null,"arrondissement":"Arrondissement de Maaseik","province":"Province du Limbourg"}},{"type":"Feature","geometry":{"type":"Point","coordinates":[5.4696959,50.7993981]},"properties":{"column_1":"3700","column_2":"Henis","column_3":5.4696959,"column_4":50.7993981,"municipality_name_french":null,"arrondissement":"Arrondissement de Tongres","province":"Province du Limbourg"}},{"type":"Feature","geometry":{"type":"Point","coordinates":[5.4198462,50.7873928]},"properties":{"column_1":"3700","column_2":"Piringen","column_3":5.4198462,"column_4":50.7873928,"municipality_name_french":null,"arrondissement":"Arrondissement de Tongres","province":"Province du Limbourg"}},{"type":"Feature","geometry":{"type":"Point","coordinates":[5.4616724,50.8065023]},"properties":{"column_1":"3700","column_2":"Riksingen","column_3":5.4616724,"column_4":50.8065023,"municipality_name_french":null,"arrondissement":"Arrondissement de Tongres","province":"Province du Limbourg"}},{"type":"Feature","geometry":{"type":"Point","coordinates":[5.5163011,50.8713356]},"properties":{"column_1":"3740","column_2":"Bilzen","column_3":5.5163011,"column_4":50.8713356,"municipality_name_french":null,"arrondissement":"Arrondissement de Tongres","province":"Province du Limbourg"}},{"type":"Feature","geometry":{"type":"Point","coordinates":[5.5391564,50.8178133]},"properties":{"column_1":"3770","column_2":"Membruggen","column_3":5.5391564,"column_4":50.8178133,"municipality_name_french":null,"arrondissement":"Arrondissement de Tongres","province":"Province du Limbourg"}},{"type":"Feature","geometry":{"type":"Point","coordinates":[5.5978716,50.8115825]},"properties":{"column_1":"3770","column_2":"Riemst","column_3":5.5978716,"column_4":50.8115825,"municipality_name_french":null,"arrondissement":"Arrondissement de Tongres","province":"Province du Limbourg"}},{"type":"Feature","geometry":{"type":"Point","coordinates":[5.5895873,50.8329146]},"properties":{"column_1":"3770","column_2":"Vlijtingen","column_3":5.5895873,"column_4":50.8329146,"municipality_name_french":null,"arrondissement":"Arrondissement de Tongres","province":"Province du Limbourg"}},{"type":"Feature","geometry":{"type":"Point","coordinates":[5.6153404,50.7943475]},"properties":{"column_1":"3770","column_2":"Zichen-Zussen-Bolder","column_3":5.6153404,"column_4":50.7943475,"municipality_name_french":null,"arrondissement":"Arrondissement de Tongres","province":"Province du Limbourg"}},{"type":"Feature","geometry":{"type":"Point","coordinates":[5.8429342279842,50.74087835]},"properties":{"column_1":"3790","column_2":"Fouron-Saint-Martin","column_3":5.8429342279842,"column_4":50.74087835,"municipality_name_french":"Fourons","arrondissement":"Arrondissement de Tongres","province":"Province du Limbourg"}},{"type":"Feature","geometry":{"type":"Point","coordinates":[5.8242427123549,50.72830265]},"properties":{"column_1":"3792","column_2":"Fouron-Saint-Pierre","column_3":5.8242427123549,"column_4":50.72830265,"municipality_name_french":"Fourons","arrondissement":"Arrondissement de Tongres","province":"Province du Limbourg"}},{"type":"Feature","geometry":{"type":"Point","coordinates":[5.2127604,50.7813901]},"properties":{"column_1":"3800","column_2":"Aalst","column_3":5.2127604,"column_4":50.7813901,"municipality_name_french":null,"arrondissement":"Arrondissement de Hasselt","province":"Province du Limbourg"}},{"type":"Feature","geometry":{"type":"Point","coordinates":[5.2509345230414,50.7602497]},"properties":{"column_1":"3800","column_2":"Gelinden","column_3":5.2509345230414,"column_4":50.7602497,"municipality_name_french":null,"arrondissement":"Arrondissement de Hasselt","province":"Province du Limbourg"}},{"type":"Feature","geometry":{"type":"Point","coordinates":[5.3659957408679,50.7938946]},"properties":{"column_1":"3840","column_2":"Groot-Loon","column_3":5.3659957408679,"column_4":50.7938946,"municipality_name_french":null,"arrondissement":"Arrondissement de Tongres","province":"Province du Limbourg"}},{"type":"Feature","geometry":{"type":"Point","coordinates":[5.3310338354044,50.8140833]},"properties":{"column_1":"3840","column_2":"Kuttekoven","column_3":5.3310338354044,"column_4":50.8140833,"municipality_name_french":null,"arrondissement":"Arrondissement de Tongres","province":"Province du Limbourg"}},{"type":"Feature","geometry":{"type":"Point","coordinates":[5.2233097,50.8972323]},"properties":{"column_1":"3850","column_2":"Wijer","column_3":5.2233097,"column_4":50.8972323,"municipality_name_french":null,"arrondissement":"Arrondissement de Hasselt","province":"Province du Limbourg"}},{"type":"Feature","geometry":{"type":"Point","coordinates":[5.2944311,50.7366903]},"properties":{"column_1":"3870","column_2":"Opheers","column_3":5.2944311,"column_4":50.7366903,"municipality_name_french":null,"arrondissement":"Arrondissement de Tongres","province":"Province du Limbourg"}},{"type":"Feature","geometry":{"type":"Point","coordinates":[5.373733,50.7608875]},"properties":{"column_1":"3870","column_2":"Vechmaal","column_3":5.373733,"column_4":50.7608875,"municipality_name_french":null,"arrondissement":"Arrondissement de Tongres","province":"Province du Limbourg"}},{"type":"Feature","geometry":{"type":"Point","coordinates":[5.14193594683,50.7404614]},"properties":{"column_1":"3890","column_2":"Niel-Bij-Sint-Truiden","column_3":5.14193594683,"column_4":50.7404614,"municipality_name_french":null,"arrondissement":"Arrondissement de Hasselt","province":"Province du Limbourg"}},{"type":"Feature","geometry":{"type":"Point","coordinates":[5.2141041746035,50.7573342]},"properties":{"column_1":"3891","column_2":"Mielen-Boven-Aalst","column_3":5.2141041746035,"column_4":50.7573342,"municipality_name_french":null,"arrondissement":"Arrondissement de Hasselt","province":"Province du Limbourg"}},{"type":"Feature","geometry":{"type":"Point","coordinates":[5.422976,51.2113458]},"properties":{"column_1":"3900","column_2":"Overpelt","column_3":5.422976,"column_4":51.2113458,"municipality_name_french":null,"arrondissement":"Arrondissement de Maaseik","province":"Province du Limbourg"}},{"type":"Feature","geometry":{"type":"Point","coordinates":[5.4937001151083,51.2253075]},"properties":{"column_1":"3910","column_2":"Sint-Huibrechts-Lille","column_3":5.4937001151083,"column_4":51.2253075,"municipality_name_french":null,"arrondissement":"Arrondissement de Maaseik","province":"Province du Limbourg"}},{"type":"Feature","geometry":{"type":"Point","coordinates":[5.3076895,51.2305657]},"properties":{"column_1":"3920","column_2":"Lommel","column_3":5.3076895,"column_4":51.2305657,"municipality_name_french":null,"arrondissement":"Arrondissement de Maaseik","province":"Province du Limbourg"}},{"type":"Feature","geometry":{"type":"Point","coordinates":[5.1838556043202,51.10876505]},"properties":{"column_1":"3945","column_2":"Oostham","column_3":5.1838556043202,"column_4":51.10876505,"municipality_name_french":null,"arrondissement":"Arrondissement de Hasselt","province":"Province du Limbourg"}},{"type":"Feature","geometry":{"type":"Point","coordinates":[5.5995581946268,51.1924818]},"properties":{"column_1":"3950","column_2":"Bocholt","column_3":5.5995581946268,"column_4":51.1924818,"municipality_name_french":null,"arrondissement":"Arrondissement de Maaseik","province":"Province du Limbourg"}},{"type":"Feature","geometry":{"type":"Point","coordinates":[5.2638924294785,51.1220584]},"properties":{"column_1":"3970","column_2":"Leopoldsburg","column_3":5.2638924294785,"column_4":51.1220584,"municipality_name_french":null,"arrondissement":"Arrondissement de Hasselt","province":"Province du Limbourg"}},{"type":"Feature","geometry":{"type":"Point","coordinates":[5.5087098376886,51.1420032]},"properties":{"column_1":"3990","column_2":"Grote-Brogel","column_3":5.5087098376886,"column_4":51.1420032,"municipality_name_french":null,"arrondissement":"Arrondissement de Maaseik","province":"Province du Limbourg"}},{"type":"Feature","geometry":{"type":"Point","coordinates":[5.6301266,50.6431909]},"properties":{"column_1":"4020","column_2":"Jupille-Sur-Meuse","column_3":5.6301266,"column_4":50.6431909,"municipality_name_french":"Li\u00e8ge","arrondissement":"Arrondissement de Li\u00e8ge","province":"Province de Li\u00e8ge"}},{"type":"Feature","geometry":{"type":"Point","coordinates":[5.5083375,50.5966392]},"properties":{"column_1":"4100","column_2":"Seraing","column_3":5.5083375,"column_4":50.5966392,"municipality_name_french":"Seraing","arrondissement":"Arrondissement de Li\u00e8ge","province":"Province de Li\u00e8ge"}},{"type":"Feature","geometry":{"type":"Point","coordinates":[5.4811796,50.5353385]},"properties":{"column_1":"4120","column_2":"Rotheux-Rimi\u00e8re","column_3":5.4811796,"column_4":50.5353385,"municipality_name_french":"Neupr\u00e9","arrondissement":"Arrondissement de Li\u00e8ge","province":"Province de Li\u00e8ge"}},{"type":"Feature","geometry":{"type":"Point","coordinates":[5.594232762079,50.5613241]},"properties":{"column_1":"4130","column_2":"Tilff","column_3":5.594232762079,"column_4":50.5613241,"municipality_name_french":"Esneux","arrondissement":"Arrondissement de Li\u00e8ge","province":"Province de Li\u00e8ge"}},{"type":"Feature","geometry":{"type":"Point","coordinates":[5.5764707268884,50.474910743586]},"properties":{"column_1":"4170","column_2":"Comblain-Au-Pont","column_3":5.5764707268884,"column_4":50.474910743586,"municipality_name_french":"Comblain-au-Pont","arrondissement":"Arrondissement de Li\u00e8ge","province":"Province de Li\u00e8ge"}},{"type":"Feature","geometry":{"type":"Point","coordinates":[5.5827847,50.5097627]},"properties":{"column_1":"4171","column_2":"Poulseur","column_3":5.5827847,"column_4":50.5097627,"municipality_name_french":"Comblain-au-Pont","arrondissement":"Arrondissement de Li\u00e8ge","province":"Province de Li\u00e8ge"}},{"type":"Feature","geometry":{"type":"Point","coordinates":[5.5680501,50.426751]},"properties":{"column_1":"4181","column_2":"Filot","column_3":5.5680501,"column_4":50.426751,"municipality_name_french":"Hamoir","arrondissement":"Arrondissement de Huy","province":"Province de Li\u00e8ge"}},{"type":"Feature","geometry":{"type":"Point","coordinates":[5.602069,50.443983]},"properties":{"column_1":"4190","column_2":"Xhoris","column_3":5.602069,"column_4":50.443983,"municipality_name_french":"Ferri\u00e8res","arrondissement":"Arrondissement de Huy","province":"Province de Li\u00e8ge"}},{"type":"Feature","geometry":{"type":"Point","coordinates":[5.1448898,50.5790977]},"properties":{"column_1":"4210","column_2":"Marneffe","column_3":5.1448898,"column_4":50.5790977,"municipality_name_french":"Burdinne","arrondissement":"Arrondissement de Huy","province":"Province de Li\u00e8ge"}},{"type":"Feature","geometry":{"type":"Point","coordinates":[5.1710529,50.6684881]},"properties":{"column_1":"4250","column_2":"Geer","column_3":5.1710529,"column_4":50.6684881,"municipality_name_french":"Geer","arrondissement":"Arrondissement de Waremme","province":"Province de Li\u00e8ge"}},{"type":"Feature","geometry":{"type":"Point","coordinates":[5.187047,50.6649171]},"properties":{"column_1":"4253","column_2":"Darion","column_3":5.187047,"column_4":50.6649171,"municipality_name_french":"Geer","arrondissement":"Arrondissement de Waremme","province":"Province de Li\u00e8ge"}},{"type":"Feature","geometry":{"type":"Point","coordinates":[5.2131541,50.7095698]},"properties":{"column_1":"4257","column_2":"Corswarem","column_3":5.2131541,"column_4":50.7095698,"municipality_name_french":"Berloz","arrondissement":"Arrondissement de Waremme","province":"Province de Li\u00e8ge"}},{"type":"Feature","geometry":{"type":"Point","coordinates":[5.0953487,50.6171393]},"properties":{"column_1":"4260","column_2":"Ciplet","column_3":5.0953487,"column_4":50.6171393,"municipality_name_french":"Braives","arrondissement":"Arrondissement de Waremme","province":"Province de Li\u00e8ge"}},{"type":"Feature","geometry":{"type":"Point","coordinates":[5.1255375,50.6629289]},"properties":{"column_1":"4280","column_2":"Blehen","column_3":5.1255375,"column_4":50.6629289,"municipality_name_french":"Hannut","arrondissement":"Arrondissement de Waremme","province":"Province de Li\u00e8ge"}},{"type":"Feature","geometry":{"type":"Point","coordinates":[5.09579,50.656503]},"properties":{"column_1":"4280","column_2":"Villers-Le-Peuplier","column_3":5.09579,"column_4":50.656503,"municipality_name_french":"Hannut","arrondissement":"Arrondissement de Waremme","province":"Province de Li\u00e8ge"}},{"type":"Feature","geometry":{"type":"Point","coordinates":[5.2843336,50.6674954]},"properties":{"column_1":"4300","column_2":"Bovenistier","column_3":5.2843336,"column_4":50.6674954,"municipality_name_french":"Waremme","arrondissement":"Arrondissement de Waremme","province":"Province de Li\u00e8ge"}},{"type":"Feature","geometry":{"type":"Point","coordinates":[5.2947196,50.7114397]},"properties":{"column_1":"4300","column_2":"Lantremange","column_3":5.2947196,"column_4":50.7114397,"municipality_name_french":"Waremme","arrondissement":"Arrondissement de Waremme","province":"Province de Li\u00e8ge"}},{"type":"Feature","geometry":{"type":"Point","coordinates":[5.2546191,50.6976875]},"properties":{"column_1":"4300","column_2":"Waremme","column_3":5.2546191,"column_4":50.6976875,"municipality_name_french":"Waremme","arrondissement":"Arrondissement de Waremme","province":"Province de Li\u00e8ge"}},{"type":"Feature","geometry":{"type":"Point","coordinates":[5.3985197,50.6660818]},"properties":{"column_1":"4347","column_2":"Fexhe-Le-Haut-Clocher","column_3":5.3985197,"column_4":50.6660818,"municipality_name_french":"Fexhe-le-Haut-Clocher","arrondissement":"Arrondissement de Waremme","province":"Province de Li\u00e8ge"}},{"type":"Feature","geometry":{"type":"Point","coordinates":[5.3960063,50.6494928]},"properties":{"column_1":"4347","column_2":"Roloux","column_3":5.3960063,"column_4":50.6494928,"municipality_name_french":"Fexhe-le-Haut-Clocher","arrondissement":"Arrondissement de Waremme","province":"Province de Li\u00e8ge"}},{"type":"Feature","geometry":{"type":"Point","coordinates":[5.3537922,50.7214501]},"properties":{"column_1":"4360","column_2":"Lens-Sur-Geer","column_3":5.3537922,"column_4":50.7214501,"municipality_name_french":"Oreye","arrondissement":"Arrondissement de Waremme","province":"Province de Li\u00e8ge"}},{"type":"Feature","geometry":{"type":"Point","coordinates":[5.397318,50.715885]},"properties":{"column_1":"4367","column_2":"Crisn\u00e9e","column_3":5.397318,"column_4":50.715885,"municipality_name_french":"Crisn\u00e9e","arrondissement":"Arrondissement de Waremme","province":"Province de Li\u00e8ge"}},{"type":"Feature","geometry":{"type":"Point","coordinates":[5.3894005,50.7225262]},"properties":{"column_1":"4367","column_2":"Thys","column_3":5.3894005,"column_4":50.7225262,"municipality_name_french":"Crisn\u00e9e","arrondissement":"Arrondissement de Waremme","province":"Province de Li\u00e8ge"}},{"type":"Feature","geometry":{"type":"Point","coordinates":[5.4528969,50.5936483]},"properties":{"column_1":"4400","column_2":"Chokier","column_3":5.4528969,"column_4":50.5936483,"municipality_name_french":"Fl\u00e9malle","arrondissement":"Arrondissement de Li\u00e8ge","province":"Province de Li\u00e8ge"}},{"type":"Feature","geometry":{"type":"Point","coordinates":[5.4474684,50.6018434]},"properties":{"column_1":"4400","column_2":"Fl\u00e9malle-Haute","column_3":5.4474684,"column_4":50.6018434,"municipality_name_french":"Fl\u00e9malle","arrondissement":"Arrondissement de Li\u00e8ge","province":"Province de Li\u00e8ge"}},{"type":"Feature","geometry":{"type":"Point","coordinates":[5.5190161,50.64257]},"properties":{"column_1":"4420","column_2":"Montegn\u00e9e","column_3":5.5190161,"column_4":50.64257,"municipality_name_french":"Saint-Nicolas","arrondissement":"Arrondissement de Li\u00e8ge","province":"Province de Li\u00e8ge"}},{"type":"Feature","geometry":{"type":"Point","coordinates":[5.5307061,50.620651]},"properties":{"column_1":"4420","column_2":"Tilleur","column_3":5.5307061,"column_4":50.620651,"municipality_name_french":"Saint-Nicolas","arrondissement":"Arrondissement de Li\u00e8ge","province":"Province de Li\u00e8ge"}},{"type":"Feature","geometry":{"type":"Point","coordinates":[5.5190612,50.6624326]},"properties":{"column_1":"4430","column_2":"Ans","column_3":5.5190612,"column_4":50.6624326,"municipality_name_french":"Ans","arrondissement":"Arrondissement de Li\u00e8ge","province":"Province de Li\u00e8ge"}},{"type":"Feature","geometry":{"type":"Point","coordinates":[5.552484,50.687631]},"properties":{"column_1":"4451","column_2":"Voroux-Lez-Liers","column_3":5.552484,"column_4":50.687631,"municipality_name_french":"Juprelle","arrondissement":"Arrondissement de Li\u00e8ge","province":"Province de Li\u00e8ge"}},{"type":"Feature","geometry":{"type":"Point","coordinates":[5.5241784,50.7280141]},"properties":{"column_1":"4452","column_2":"Paifve","column_3":5.5241784,"column_4":50.7280141,"municipality_name_french":"Juprelle","arrondissement":"Arrondissement de Li\u00e8ge","province":"Province de Li\u00e8ge"}},{"type":"Feature","geometry":{"type":"Point","coordinates":[5.5064112,50.7277451]},"properties":{"column_1":"4452","column_2":"Wihogne","column_3":5.5064112,"column_4":50.7277451,"municipality_name_french":"Juprelle","arrondissement":"Arrondissement de Li\u00e8ge","province":"Province de Li\u00e8ge"}},{"type":"Feature","geometry":{"type":"Point","coordinates":[5.503152,50.644955]},"properties":{"column_1":"4460","column_2":"Gr\u00e2ce-Hollogne","column_3":5.503152,"column_4":50.644955,"municipality_name_french":"Gr\u00e2ce-Hollogne","arrondissement":"Arrondissement de Li\u00e8ge","province":"Province de Li\u00e8ge"}},{"type":"Feature","geometry":{"type":"Point","coordinates":[5.2357453,50.5215385]},"properties":{"column_1":"4500","column_2":"Huy","column_3":5.2357453,"column_4":50.5215385,"municipality_name_french":"Huy","arrondissement":"Arrondissement de Huy","province":"Province de Li\u00e8ge"}},{"type":"Feature","geometry":{"type":"Point","coordinates":[5.2619239,50.5750242]},"properties":{"column_1":"4530","column_2":"Villers-Le-Bouillet","column_3":5.2619239,"column_4":50.5750242,"municipality_name_french":"Villers-le-Bouillet","arrondissement":"Arrondissement de Huy","province":"Province de Li\u00e8ge"}},{"type":"Feature","geometry":{"type":"Point","coordinates":[5.2734472,50.609673]},"properties":{"column_1":"4537","column_2":"Chapon-Seraing","column_3":5.2734472,"column_4":50.609673,"municipality_name_french":"Verlaine","arrondissement":"Arrondissement de Huy","province":"Province de Li\u00e8ge"}},{"type":"Feature","geometry":{"type":"Point","coordinates":[5.286736,50.540238]},"properties":{"column_1":"4540","column_2":"Ampsin","column_3":5.286736,"column_4":50.540238,"municipality_name_french":"Amay","arrondissement":"Arrondissement de Huy","province":"Province de Li\u00e8ge"}},{"type":"Feature","geometry":{"type":"Point","coordinates":[5.3708571,50.5081151]},"properties":{"column_1":"4550","column_2":"Villers-Le-Temple","column_3":5.3708571,"column_4":50.5081151,"municipality_name_french":"Nandrin","arrondissement":"Arrondissement de Huy","province":"Province de Li\u00e8ge"}},{"type":"Feature","geometry":{"type":"Point","coordinates":[5.4196671,50.478693]},"properties":{"column_1":"4557","column_2":"Fraiture","column_3":5.4196671,"column_4":50.478693,"municipality_name_french":"Tinlot","arrondissement":"Arrondissement de Huy","province":"Province de Li\u00e8ge"}},{"type":"Feature","geometry":{"type":"Point","coordinates":[5.3017936,50.4416137]},"properties":{"column_1":"4577","column_2":"Modave","column_3":5.3017936,"column_4":50.4416137,"municipality_name_french":"Modave","arrondissement":"Arrondissement de Huy","province":"Province de Li\u00e8ge"}},{"type":"Feature","geometry":{"type":"Point","coordinates":[5.2948879,50.4811242]},"properties":{"column_1":"4577","column_2":"Vierset-Barse","column_3":5.2948879,"column_4":50.4811242,"municipality_name_french":"Modave","arrondissement":"Arrondissement de Huy","province":"Province de Li\u00e8ge"}},{"type":"Feature","geometry":{"type":"Point","coordinates":[5.442913,50.4664238]},"properties":{"column_1":"4590","column_2":"Ellemelle","column_3":5.442913,"column_4":50.4664238,"municipality_name_french":"Ouffet","arrondissement":"Arrondissement de Huy","province":"Province de Li\u00e8ge"}},{"type":"Feature","geometry":{"type":"Point","coordinates":[5.680109,50.7550757]},"properties":{"column_1":"4600","column_2":"Lixhe","column_3":5.680109,"column_4":50.7550757,"municipality_name_french":"Vis\u00e9","arrondissement":"Arrondissement de Li\u00e8ge","province":"Province de Li\u00e8ge"}},{"type":"Feature","geometry":{"type":"Point","coordinates":[5.7536486,50.6953487]},"properties":{"column_1":"4606","column_2":"Saint-Andr\u00e9","column_3":5.7536486,"column_4":50.6953487,"municipality_name_french":"Dalhem","arrondissement":"Arrondissement de Li\u00e8ge","province":"Province de Li\u00e8ge"}},{"type":"Feature","geometry":{"type":"Point","coordinates":[5.7229816,50.7139302]},"properties":{"column_1":"4607","column_2":"Dalhem","column_3":5.7229816,"column_4":50.7139302,"municipality_name_french":"Dalhem","arrondissement":"Arrondissement de Li\u00e8ge","province":"Province de Li\u00e8ge"}},{"type":"Feature","geometry":{"type":"Point","coordinates":[5.7764464,50.7195828]},"properties":{"column_1":"4608","column_2":"Neufch\u00e2teau","column_3":5.7764464,"column_4":50.7195828,"municipality_name_french":"Dalhem","arrondissement":"Arrondissement de Li\u00e8ge","province":"Province de Li\u00e8ge"}},{"type":"Feature","geometry":{"type":"Point","coordinates":[5.6534141,50.6220566]},"properties":{"column_1":"4610","column_2":"Beyne-Heusay","column_3":5.6534141,"column_4":50.6220566,"municipality_name_french":"Beyne-Heusay","arrondissement":"Arrondissement de Li\u00e8ge","province":"Province de Li\u00e8ge"}},{"type":"Feature","geometry":{"type":"Point","coordinates":[5.6785831,50.6371513]},"properties":{"column_1":"4610","column_2":"Queue-Du-Bois","column_3":5.6785831,"column_4":50.6371513,"municipality_name_french":"Beyne-Heusay","arrondissement":"Arrondissement de Li\u00e8ge","province":"Province de Li\u00e8ge"}},{"type":"Feature","geometry":{"type":"Point","coordinates":[5.7042703,50.6493983]},"properties":{"column_1":"4630","column_2":"Tign\u00e9e","column_3":5.7042703,"column_4":50.6493983,"municipality_name_french":"Soumagne","arrondissement":"Arrondissement de Li\u00e8ge","province":"Province de Li\u00e8ge"}},{"type":"Feature","geometry":{"type":"Point","coordinates":[5.7262388,50.6508837]},"properties":{"column_1":"4632","column_2":"C\u00e9rexhe-Heuseux","column_3":5.7262388,"column_4":50.6508837,"municipality_name_french":"Soumagne","arrondissement":"Arrondissement de Li\u00e8ge","province":"Province de Li\u00e8ge"}},{"type":"Feature","geometry":{"type":"Point","coordinates":[5.8107674,50.6072867]},"properties":{"column_1":"4650","column_2":"Grand-Rechain","column_3":5.8107674,"column_4":50.6072867,"municipality_name_french":"Herve","arrondissement":"Arrondissement de Verviers","province":"Province de Li\u00e8ge"}},{"type":"Feature","geometry":{"type":"Point","coordinates":[5.7935245,50.6392112]},"properties":{"column_1":"4650","column_2":"Herve","column_3":5.7935245,"column_4":50.6392112,"municipality_name_french":"Herve","arrondissement":"Arrondissement de Verviers","province":"Province de Li\u00e8ge"}},{"type":"Feature","geometry":{"type":"Point","coordinates":[5.6808711,50.710544]},"properties":{"column_1":"4681","column_2":"Hermalle-Sous-Argenteau","column_3":5.6808711,"column_4":50.710544,"municipality_name_french":"Oupeye","arrondissement":"Arrondissement de Li\u00e8ge","province":"Province de Li\u00e8ge"}},{"type":"Feature","geometry":{"type":"Point","coordinates":[5.6527071,50.697932]},"properties":{"column_1":"4683","column_2":"Vivegnis","column_3":5.6527071,"column_4":50.697932,"municipality_name_french":"Oupeye","arrondissement":"Arrondissement de Li\u00e8ge","province":"Province de Li\u00e8ge"}},{"type":"Feature","geometry":{"type":"Point","coordinates":[5.59407,50.756864]},"properties":{"column_1":"4690","column_2":"Roclenge-Sur-Geer","column_3":5.59407,"column_4":50.756864,"municipality_name_french":"Bassenge","arrondissement":"Arrondissement de Li\u00e8ge","province":"Province de Li\u00e8ge"}},{"type":"Feature","geometry":{"type":"Point","coordinates":[6.1108404,50.6761305]},"properties":{"column_1":"4730","column_2":"Raeren","column_3":6.1108404,"column_4":50.6761305,"municipality_name_french":"Raeren","arrondissement":"Arrondissement de Verviers","province":"Province de Li\u00e8ge"}},{"type":"Feature","geometry":{"type":"Point","coordinates":[6.0431296,50.3349273]},"properties":{"column_1":"4780","column_2":"Recht","column_3":6.0431296,"column_4":50.3349273,"municipality_name_french":"Saint-Vith","arrondissement":"Arrondissement de Verviers","province":"Province de Li\u00e8ge"}},{"type":"Feature","geometry":{"type":"Point","coordinates":[6.0743425,50.2190586]},"properties":{"column_1":"4791","column_2":"Thommen","column_3":6.0743425,"column_4":50.2190586,"municipality_name_french":"Burg-Reuland","arrondissement":"Arrondissement de Verviers","province":"Province de Li\u00e8ge"}},{"type":"Feature","geometry":{"type":"Point","coordinates":[5.843182,50.582172]},"properties":{"column_1":"4800","column_2":"Ensival","column_3":5.843182,"column_4":50.582172,"municipality_name_french":"Verviers","arrondissement":"Arrondissement de Verviers","province":"Province de Li\u00e8ge"}},{"type":"Feature","geometry":{"type":"Point","coordinates":[5.191001,49.7051899]},"properties":{"column_1":"4800","column_2":"Lambermont","column_3":5.191001,"column_4":49.7051899,"municipality_name_french":"Verviers","arrondissement":"Arrondissement de Virton","province":"Province du Luxembourg"}},{"type":"Feature","geometry":{"type":"Point","coordinates":[5.873929354985,50.542907]},"properties":{"column_1":"4800","column_2":"Polleur","column_3":5.873929354985,"column_4":50.542907,"municipality_name_french":"Verviers","arrondissement":"Arrondissement de Verviers","province":"Province de Li\u00e8ge"}},{"type":"Feature","geometry":{"type":"Point","coordinates":[5.8952801,50.593109]},"properties":{"column_1":"4801","column_2":"Stembert","column_3":5.8952801,"column_4":50.593109,"municipality_name_french":"Verviers","arrondissement":"Arrondissement de Verviers","province":"Province de Li\u00e8ge"}},{"type":"Feature","geometry":{"type":"Point","coordinates":[5.8901888,50.4386821]},"properties":{"column_1":"4821","column_2":"Andrimont","column_3":5.8901888,"column_4":50.4386821,"municipality_name_french":"Dison","arrondissement":"Arrondissement de Verviers","province":"Province de Li\u00e8ge"}},{"type":"Feature","geometry":{"type":"Point","coordinates":[5.933482,50.51744]},"properties":{"column_1":"4845","column_2":"Sart-Lez-Spa","column_3":5.933482,"column_4":50.51744,"municipality_name_french":"Jalhay","arrondissement":"Arrondissement de Verviers","province":"Province de Li\u00e8ge"}},{"type":"Feature","geometry":{"type":"Point","coordinates":[5.9336285,50.7509012]},"properties":{"column_1":"4851","column_2":"Sippenaeken","column_3":5.9336285,"column_4":50.7509012,"municipality_name_french":"Plombi\u00e8res","arrondissement":"Arrondissement de Verviers","province":"Province de Li\u00e8ge"}},{"type":"Feature","geometry":{"type":"Point","coordinates":[5.9207511,50.723243]},"properties":{"column_1":"4852","column_2":"Hombourg","column_3":5.9207511,"column_4":50.723243,"municipality_name_french":"Plombi\u00e8res","arrondissement":"Arrondissement de Verviers","province":"Province de Li\u00e8ge"}},{"type":"Feature","geometry":{"type":"Point","coordinates":[5.7002354,50.583997]},"properties":{"column_1":"4870","column_2":"For\u00eat","column_3":5.7002354,"column_4":50.583997,"municipality_name_french":"Olne","arrondissement":"Arrondissement de Li\u00e8ge","province":"Province de Li\u00e8ge"}},{"type":"Feature","geometry":{"type":"Point","coordinates":[5.7227768,50.5663484]},"properties":{"column_1":"4870","column_2":"Fraipont","column_3":5.7227768,"column_4":50.5663484,"municipality_name_french":"Olne","arrondissement":"Arrondissement de Li\u00e8ge","province":"Province de Li\u00e8ge"}},{"type":"Feature","geometry":{"type":"Point","coordinates":[5.6883726,50.5728102]},"properties":{"column_1":"4870","column_2":"Trooz","column_3":5.6883726,"column_4":50.5728102,"municipality_name_french":"Olne","arrondissement":"Arrondissement de Li\u00e8ge","province":"Province de Li\u00e8ge"}},{"type":"Feature","geometry":{"type":"Point","coordinates":[5.7479948,50.5901199]},"properties":{"column_1":"4877","column_2":"Olne","column_3":5.7479948,"column_4":50.5901199,"municipality_name_french":"Olne","arrondissement":"Arrondissement de Verviers","province":"Province de Li\u00e8ge"}},{"type":"Feature","geometry":{"type":"Point","coordinates":[6.1407071,50.4054037]},"properties":{"column_1":"4950","column_2":"Faymonville","column_3":6.1407071,"column_4":50.4054037,"municipality_name_french":"Waimes","arrondissement":"Arrondissement de Verviers","province":"Province de Li\u00e8ge"}},{"type":"Feature","geometry":{"type":"Point","coordinates":[5.8704355,50.3727015]},"properties":{"column_1":"4980","column_2":"Trois-Ponts","column_3":5.8704355,"column_4":50.3727015,"municipality_name_french":"Trois-Ponts","arrondissement":"Arrondissement de Verviers","province":"Province de Li\u00e8ge"}},{"type":"Feature","geometry":{"type":"Point","coordinates":[4.849314651989,50.45620385]},"properties":{"column_1":"5000","column_2":"Namur","column_3":4.849314651989,"column_4":50.45620385,"municipality_name_french":"Namur","arrondissement":"Arrondissement de Namur","province":"Province de Namur"}},{"type":"Feature","geometry":{"type":"Point","coordinates":[4.8769847282413,50.51724395]},"properties":{"column_1":"5020","column_2":"Daussoulx","column_3":4.8769847282413,"column_4":50.51724395,"municipality_name_french":"Namur","arrondissement":"Arrondissement de Namur","province":"Province de Namur"}},{"type":"Feature","geometry":{"type":"Point","coordinates":[4.9291903523068,50.49239555]},"properties":{"column_1":"5021","column_2":"Boninne","column_3":4.9291903523068,"column_4":50.49239555,"municipality_name_french":"Namur","arrondissement":"Arrondissement de Namur","province":"Province de Namur"}},{"type":"Feature","geometry":{"type":"Point","coordinates":[4.7481633,50.5329777]},"properties":{"column_1":"5030","column_2":"Beuzet","column_3":4.7481633,"column_4":50.5329777,"municipality_name_french":"Gembloux","arrondissement":"Arrondissement de Namur","province":"Province de Namur"}},{"type":"Feature","geometry":{"type":"Point","coordinates":[4.6524505,50.521822]},"properties":{"column_1":"5032","column_2":"Bothey","column_3":4.6524505,"column_4":50.521822,"municipality_name_french":"Gembloux","arrondissement":"Arrondissement de Namur","province":"Province de Namur"}},{"type":"Feature","geometry":{"type":"Point","coordinates":[4.6388177,50.4273479]},"properties":{"column_1":"5060","column_2":"Arsimont","column_3":4.6388177,"column_4":50.4273479,"municipality_name_french":"Sambreville","arrondissement":"Arrondissement de Namur","province":"Province de Namur"}},{"type":"Feature","geometry":{"type":"Point","coordinates":[4.6513189,50.4048557]},"properties":{"column_1":"5070","column_2":"Aisemont","column_3":4.6513189,"column_4":50.4048557,"municipality_name_french":"Fosses-la-Ville","arrondissement":"Arrondissement de Namur","province":"Province de Namur"}},{"type":"Feature","geometry":{"type":"Point","coordinates":[4.8633768,50.4212957]},"properties":{"column_1":"5100","column_2":"W\u00e9pion","column_3":4.8633768,"column_4":50.4212957,"municipality_name_french":"Namur","arrondissement":"Arrondissement de Namur","province":"Province de Namur"}},{"type":"Feature","geometry":{"type":"Point","coordinates":[4.9094515331252,50.4474046]},"properties":{"column_1":"5101","column_2":"Erpent","column_3":4.9094515331252,"column_4":50.4474046,"municipality_name_french":"Namur","arrondissement":"Arrondissement de Namur","province":"Province de Namur"}},{"type":"Feature","geometry":{"type":"Point","coordinates":[4.6025925,50.5246589]},"properties":{"column_1":"5140","column_2":"Sombreffe","column_3":4.6025925,"column_4":50.5246589,"municipality_name_french":"Sombreffe","arrondissement":"Arrondissement de Namur","province":"Province de Namur"}},{"type":"Feature","geometry":{"type":"Point","coordinates":[4.7694348,50.4515822]},"properties":{"column_1":"5150","column_2":"Floriffoux","column_3":4.7694348,"column_4":50.4515822,"municipality_name_french":"Floreffe","arrondissement":"Arrondissement de Namur","province":"Province de Namur"}},{"type":"Feature","geometry":{"type":"Point","coordinates":[4.7027047,50.4811696]},"properties":{"column_1":"5190","column_2":"Spy","column_3":4.7027047,"column_4":50.4811696,"municipality_name_french":"Jemeppe-sur-Sambre","arrondissement":"Arrondissement de Namur","province":"Province de Namur"}},{"type":"Feature","geometry":{"type":"Point","coordinates":[5.0338525,50.4709296]},"properties":{"column_1":"5300","column_2":"Bonneville","column_3":5.0338525,"column_4":50.4709296,"municipality_name_french":"Andenne","arrondissement":"Arrondissement de Namur","province":"Province de Namur"}},{"type":"Feature","geometry":{"type":"Point","coordinates":[5.0646275,50.5142495]},"properties":{"column_1":"5300","column_2":"Landenne","column_3":5.0646275,"column_4":50.5142495,"municipality_name_french":"Andenne","arrondissement":"Arrondissement de Namur","province":"Province de Namur"}},{"type":"Feature","geometry":{"type":"Point","coordinates":[5.0805501,50.4984249]},"properties":{"column_1":"5300","column_2":"Seilles","column_3":5.0805501,"column_4":50.4984249,"municipality_name_french":"Andenne","arrondissement":"Arrondissement de Namur","province":"Province de Namur"}},{"type":"Feature","geometry":{"type":"Point","coordinates":[5.0114611,50.4966018]},"properties":{"column_1":"5300","column_2":"Vezin","column_3":5.0114611,"column_4":50.4966018,"municipality_name_french":"Andenne","arrondissement":"Arrondissement de Namur","province":"Province de Namur"}},{"type":"Feature","geometry":{"type":"Point","coordinates":[4.9440702,50.5834955]},"properties":{"column_1":"5310","column_2":"Hanret","column_3":4.9440702,"column_4":50.5834955,"municipality_name_french":"\u00c9ghez\u00e9e","arrondissement":"Arrondissement de Namur","province":"Province de Namur"}},{"type":"Feature","geometry":{"type":"Point","coordinates":[4.9846704,50.4416402]},"properties":{"column_1":"5340","column_2":"Mozet","column_3":4.9846704,"column_4":50.4416402,"municipality_name_french":"Gesves","arrondissement":"Arrondissement de Namur","province":"Province de Namur"}},{"type":"Feature","geometry":{"type":"Point","coordinates":[5.171436,50.4135772]},"properties":{"column_1":"5350","column_2":"Evelette","column_3":5.171436,"column_4":50.4135772,"municipality_name_french":"Ohey","arrondissement":"Arrondissement de Namur","province":"Province de Namur"}},{"type":"Feature","geometry":{"type":"Point","coordinates":[5.1491871,50.4405961]},"properties":{"column_1":"5351","column_2":"Haillot","column_3":5.1491871,"column_4":50.4405961,"municipality_name_french":"Ohey","arrondissement":"Arrondissement de Namur","province":"Province de Namur"}},{"type":"Feature","geometry":{"type":"Point","coordinates":[5.1594475,50.3408694]},"properties":{"column_1":"5360","column_2":"Hamois","column_3":5.1594475,"column_4":50.3408694,"municipality_name_french":"Hamois","arrondissement":"Arrondissement de Dinant","province":"Province de Namur"}},{"type":"Feature","geometry":{"type":"Point","coordinates":[5.1923275,50.3176664]},"properties":{"column_1":"5361","column_2":"Mohiville","column_3":5.1923275,"column_4":50.3176664,"municipality_name_french":"Hamois","arrondissement":"Arrondissement de Dinant","province":"Province de Namur"}},{"type":"Feature","geometry":{"type":"Point","coordinates":[5.2607234,50.3291239]},"properties":{"column_1":"5370","column_2":"Barvaux-Condroz","column_3":5.2607234,"column_4":50.3291239,"municipality_name_french":"Havelange","arrondissement":"Arrondissement de Dinant","province":"Province de Namur"}},{"type":"Feature","geometry":{"type":"Point","coordinates":[5.338213,50.288759]},"properties":{"column_1":"5377","column_2":"Baillonville","column_3":5.338213,"column_4":50.288759,"municipality_name_french":"Somme-Leuze","arrondissement":"Arrondissement de Dinant","province":"Province de Namur"}},{"type":"Feature","geometry":{"type":"Point","coordinates":[5.3788758,50.3727364]},"properties":{"column_1":"5377","column_2":"Bonsin","column_3":5.3788758,"column_4":50.3727364,"municipality_name_french":"Somme-Leuze","arrondissement":"Arrondissement de Dinant","province":"Province de Namur"}},{"type":"Feature","geometry":{"type":"Point","coordinates":[5.2963125,50.2945343]},"properties":{"column_1":"5377","column_2":"Heure","column_3":5.2963125,"column_4":50.2945343,"municipality_name_french":"Somme-Leuze","arrondissement":"Arrondissement de Dinant","province":"Province de Namur"}},{"type":"Feature","geometry":{"type":"Point","coordinates":[5.2623625,50.275734]},"properties":{"column_1":"5377","column_2":"Sinsin","column_3":5.2623625,"column_4":50.275734,"municipality_name_french":"Somme-Leuze","arrondissement":"Arrondissement de Dinant","province":"Province de Namur"}},{"type":"Feature","geometry":{"type":"Point","coordinates":[5.304196,50.260584]},"properties":{"column_1":"5377","column_2":"Waillet","column_3":5.304196,"column_4":50.260584,"municipality_name_french":"Somme-Leuze","arrondissement":"Arrondissement de Dinant","province":"Province de Namur"}},{"type":"Feature","geometry":{"type":"Point","coordinates":[5.008801,50.5244901]},"properties":{"column_1":"5380","column_2":"Hingeon","column_3":5.008801,"column_4":50.5244901,"municipality_name_french":"Fernelmont","arrondissement":"Arrondissement de Namur","province":"Province de Namur"}},{"type":"Feature","geometry":{"type":"Point","coordinates":[4.7604034,50.2395304]},"properties":{"column_1":"5520","column_2":"Anth\u00e9e","column_3":4.7604034,"column_4":50.2395304,"municipality_name_french":"Onhaye","arrondissement":"Arrondissement de Dinant","province":"Province de Namur"}},{"type":"Feature","geometry":{"type":"Point","coordinates":[4.7806526,50.2500754]},"properties":{"column_1":"5521","column_2":"Serville","column_3":4.7806526,"column_4":50.2500754,"municipality_name_french":"Onhaye","arrondissement":"Arrondissement de Dinant","province":"Province de Namur"}},{"type":"Feature","geometry":{"type":"Point","coordinates":[4.793357,50.2782156]},"properties":{"column_1":"5522","column_2":"Falaen","column_3":4.793357,"column_4":50.2782156,"municipality_name_french":"Onhaye","arrondissement":"Arrondissement de Dinant","province":"Province de Namur"}},{"type":"Feature","geometry":{"type":"Point","coordinates":[4.9125689,50.3202787]},"properties":{"column_1":"5530","column_2":"Evrehailles","column_3":4.9125689,"column_4":50.3202787,"municipality_name_french":"Yvoir","arrondissement":"Arrondissement de Dinant","province":"Province de Namur"}},{"type":"Feature","geometry":{"type":"Point","coordinates":[4.875987,50.3505281]},"properties":{"column_1":"5530","column_2":"Godinne","column_3":4.875987,"column_4":50.3505281,"municipality_name_french":"Yvoir","arrondissement":"Arrondissement de Dinant","province":"Province de Namur"}},{"type":"Feature","geometry":{"type":"Point","coordinates":[4.8796936,50.310778]},"properties":{"column_1":"5537","column_2":"Anh\u00e9e","column_3":4.8796936,"column_4":50.310778,"municipality_name_french":"Anh\u00e9e","arrondissement":"Arrondissement de Dinant","province":"Province de Namur"}},{"type":"Feature","geometry":{"type":"Point","coordinates":[4.8860106,49.864219]},"properties":{"column_1":"5550","column_2":"Bohan","column_3":4.8860106,"column_4":49.864219,"municipality_name_french":"Vresse-sur-Semois","arrondissement":"Arrondissement de Dinant","province":"Province de Namur"}},{"type":"Feature","geometry":{"type":"Point","coordinates":[4.9002694,49.8655398]},"properties":{"column_1":"5550","column_2":"Membre","column_3":4.9002694,"column_4":49.8655398,"municipality_name_french":"Vresse-sur-Semois","arrondissement":"Arrondissement de Dinant","province":"Province de Namur"}},{"type":"Feature","geometry":{"type":"Point","coordinates":[4.9620137,49.8534637]},"properties":{"column_1":"5550","column_2":"Mouzaive","column_3":4.9620137,"column_4":49.8534637,"municipality_name_french":"Vresse-sur-Semois","arrondissement":"Arrondissement de Dinant","province":"Province de Namur"}},{"type":"Feature","geometry":{"type":"Point","coordinates":[4.9979774,49.8626123]},"properties":{"column_1":"5555","column_2":"Cornimont","column_3":4.9979774,"column_4":49.8626123,"municipality_name_french":"Bi\u00e8vre","arrondissement":"Arrondissement de Dinant","province":"Province de Namur"}},{"type":"Feature","geometry":{"type":"Point","coordinates":[4.9468551,50.1262206]},"properties":{"column_1":"5570","column_2":"Baronville","column_3":4.9468551,"column_4":50.1262206,"municipality_name_french":"Beauraing","arrondissement":"Arrondissement de Dinant","province":"Province de Namur"}},{"type":"Feature","geometry":{"type":"Point","coordinates":[4.910576,50.15093]},"properties":{"column_1":"5570","column_2":"Feschaux","column_3":4.910576,"column_4":50.15093,"municipality_name_french":"Beauraing","arrondissement":"Arrondissement de Dinant","province":"Province de Namur"}},{"type":"Feature","geometry":{"type":"Point","coordinates":[4.9187569,50.1018962]},"properties":{"column_1":"5570","column_2":"Javingue","column_3":4.9187569,"column_4":50.1018962,"municipality_name_french":"Beauraing","arrondissement":"Arrondissement de Dinant","province":"Province de Namur"}},{"type":"Feature","geometry":{"type":"Point","coordinates":[4.871198,50.0221032]},"properties":{"column_1":"5575","column_2":"Bourseigne-Vieille","column_3":4.871198,"column_4":50.0221032,"municipality_name_french":"Gedinne","arrondissement":"Arrondissement de Dinant","province":"Province de Namur"}},{"type":"Feature","geometry":{"type":"Point","coordinates":[4.9388966,49.9792667]},"properties":{"column_1":"5575","column_2":"Gedinne","column_3":4.9388966,"column_4":49.9792667,"municipality_name_french":"Gedinne","arrondissement":"Arrondissement de Dinant","province":"Province de Namur"}},{"type":"Feature","geometry":{"type":"Point","coordinates":[4.9445943,49.942041]},"properties":{"column_1":"5575","column_2":"Houdremont","column_3":4.9445943,"column_4":49.942041,"municipality_name_french":"Gedinne","arrondissement":"Arrondissement de Dinant","province":"Province de Namur"}},{"type":"Feature","geometry":{"type":"Point","coordinates":[5.1458087816947,50.13800485]},"properties":{"column_1":"5580","column_2":"Lessive","column_3":5.1458087816947,"column_4":50.13800485,"municipality_name_french":"Rochefort","arrondissement":"Arrondissement de Dinant","province":"Province de Namur"}},{"type":"Feature","geometry":{"type":"Point","coordinates":[5.1050287385834,50.1442751]},"properties":{"column_1":"5580","column_2":"Villers-Sur-Lesse","column_3":5.1050287385834,"column_4":50.1442751,"municipality_name_french":"Rochefort","arrondissement":"Arrondissement de Dinant","province":"Province de Namur"}},{"type":"Feature","geometry":{"type":"Point","coordinates":[5.0629626,50.3129076]},"properties":{"column_1":"5590","column_2":"Braibant","column_3":5.0629626,"column_4":50.3129076,"municipality_name_french":"Ciney","arrondissement":"Arrondissement de Dinant","province":"Province de Namur"}},{"type":"Feature","geometry":{"type":"Point","coordinates":[5.0603857,50.2496153]},"properties":{"column_1":"5590","column_2":"Conneux","column_3":5.0603857,"column_4":50.2496153,"municipality_name_french":"Ciney","arrondissement":"Arrondissement de Dinant","province":"Province de Namur"}},{"type":"Feature","geometry":{"type":"Point","coordinates":[4.6393972,50.1900466]},"properties":{"column_1":"5600","column_2":"Franchimont","column_3":4.6393972,"column_4":50.1900466,"municipality_name_french":"Philippeville","arrondissement":"Arrondissement de Philippeville","province":"Province de Namur"}},{"type":"Feature","geometry":{"type":"Point","coordinates":[4.6979645,50.1724056]},"properties":{"column_1":"5600","column_2":"Romedenne","column_3":4.6979645,"column_4":50.1724056,"municipality_name_french":"Philippeville","arrondissement":"Arrondissement de Philippeville","province":"Province de Namur"}}]}